ret,stdev,strategy
0.10998968867055851,0.1901623694170119,long_only
0.08502080531676597,0.12118663663170115,long_only
0.09852866832939154,0.15864801964346126,long_only
0.11929840199600551,0.2231397753300891,long_only
0.06989255308767307,0.09803667196940226,long_only
0.10167149095971496,0.1690068838350109,long_only
0.07334947944834944,0.0989564348633093,long_only
0.10215387001785049,0.16822294476760769,long_only
0.09360250023511889,0.145310158782874,long_only
0.05388192522212851,0.10767990425510432,long_only
0.09555182329589107,0.15454690194377452,long_only
0.09715984667759862,0.15235365574944482,long_only
0.07477255721073302,0.10974196048486833,long_only
0.06916178288264752,0.08324819754986502,long_only
0.05887047020451544,0.08140530320588311,long_only
0.11788644190469273,0.22554911269606973,long_only
0.0893963231496238,0.15532513607567933,long_only
0.09573720806913145,0.1450152660923474,long_only
0.09104683010800409,0.13504221810746594,long_only
0.10366747023826825,0.1827124293271516,long_only
0.05376100333428011,0.04847642906402327,long_only
0.0881176081655538,0.13887985166978797,long_only
0.07639175551700815,0.10531924313944158,long_only
0.0502434491807931,0.10028267333144193,long_only
0.07661091084620854,0.11262887135251033,long_only
0.08196110756397307,0.1302937376849233,long_only
0.10558903590161477,0.18911017414475031,long_only
0.07868451320541636,0.09675671127244721,long_only
0.10919883981811568,0.191184646019745,long_only
0.07064310211559927,0.08057403487256848,long_only
0.06649261340396619,0.06809428598683769,long_only
0.07492331422272415,0.08833067730212349,long_only
0.058595363558395896,0.055474227934907194,long_only
0.06520249765933053,0.09102092784749309,long_only
0.050094936556997274,0.08588909020921659,long_only
0.07582804068754004,0.12085890458077726,long_only
0.09525618848774627,0.16147954773636702,long_only
0.07689784487232218,0.10124864810067535,long_only
0.08239290664063771,0.13909354157907292,long_only
0.0670740791459477,0.07095074605668068,long_only
0.06408011888727747,0.06527600995931172,long_only
0.09773128366778627,0.15884931883076625,long_only
0.07764298467973718,0.12424220727353853,long_only
0.10959705907943658,0.19485840199919902,long_only
0.05349622555348909,0.05261009440184,long_only
0.06009560175363231,0.05909831127596942,long_only
0.11204651122790342,0.19824540223559572,long_only
0.09311679118417301,0.1358100029888544,long_only
0.06637825157333765,0.06902280868029344,long_only
0.0708419843201583,0.08229521145773226,long_only
0.06948151604312265,0.08566344321389881,long_only
0.08837274334546594,0.1320775751732423,long_only
0.050436212519781,0.05869570968885374,long_only
0.08135347273056587,0.10548890698419931,long_only
0.07785098019668914,0.11078685505080173,long_only
0.10058922152532024,0.16532526688937743,long_only
0.05204838217582371,0.049968496693436594,long_only
0.049616960544544744,0.09905763971080751,long_only
0.08377677081372295,0.11304650680791001,long_only
0.10157119768820579,0.1687382249447101,long_only
0.07180258094381653,0.10248467724192357,long_only
0.09217008338669469,0.15130479019603618,long_only
0.08268134454784784,0.135417898898043,long_only
0.095524214147116,0.15165650987072704,long_only
0.10519395445547994,0.1746527370987398,long_only
0.09499596499324957,0.15756817452942598,long_only
0.07445940902709472,0.08522032742181695,long_only
0.049743896148738684,0.10513668896261298,long_only
0.11114946947380677,0.19576870983066963,long_only
0.0683655198498608,0.09231176841657203,long_only
0.06299452768924313,0.05929265131091946,long_only
0.0759353163142068,0.11962381525737736,long_only
0.05524471113834069,0.06629427117985098,long_only
0.09520862714165794,0.15547612949757797,long_only
0.055467363681825005,0.0902254419112999,long_only
0.07724610375877128,0.10454041088974979,long_only
0.08297600478116895,0.13326568355620977,long_only
0.10354885734699777,0.17220730180197974,long_only
0.05378668260308424,0.050330802154942005,long_only
0.0720934362472759,0.08969681332530308,long_only
0.072511628092495,0.11755542983825416,long_only
0.0672078163706418,0.10737724052310837,long_only
0.061806913095875646,0.07852626021138667,long_only
0.06549574596134719,0.08685257433835002,long_only
0.06393789270862815,0.0741060274469073,long_only
0.09474464122086275,0.1448085901008143,long_only
0.06961171657616382,0.1108205578509244,long_only
0.08089885757294742,0.11739349216254288,long_only
0.07426296732371944,0.12171927853865616,long_only
0.06751965581152711,0.084389979932646,long_only
0.09144698850628946,0.1383407512700234,long_only
0.09273441475191849,0.16751156038889117,long_only
0.07771877533427474,0.10387392945586689,long_only
0.0933259581690087,0.15913317514141623,long_only
0.06959328052147447,0.08643556504517699,long_only
0.07717213088518225,0.10254354191413219,long_only
0.06906179135584804,0.07125104188931124,long_only
0.05737721473490624,0.07657861739107268,long_only
0.07825016488588613,0.11317342202432773,long_only
0.09909216805959194,0.15702469418130363,long_only
0.06660154056302238,0.07696986130103384,long_only
0.04676655796601188,0.08244917566645643,long_only
0.058463595007114164,0.08718874484470031,long_only
0.08162402714043257,0.130190393656982,long_only
0.0919336842519237,0.13275255219776708,long_only
0.06618457850052108,0.07208334695390509,long_only
0.0722270233130604,0.08667598280936227,long_only
0.06671513442144501,0.08885184266757415,long_only
0.08766822356058285,0.12405519144710324,long_only
0.0789502838145863,0.1384492312179566,long_only
0.07834827930783435,0.1147842622968186,long_only
0.06454254378833246,0.06377375558282154,long_only
0.11870436224768169,0.22870229483768897,long_only
0.08906955002167997,0.12377263634084408,long_only
0.06424030635583894,0.073172171923299,long_only
0.09928485364640746,0.16796416397026626,long_only
0.06607240240120132,0.10040044190548605,long_only
0.05744418300179874,0.10316134946673043,long_only
0.10828733192166479,0.1905699890111083,long_only
0.049268203830923465,0.10141017132993621,long_only
0.06757896938523571,0.1154837653803201,long_only
0.0838587081651654,0.1319458635925094,long_only
0.0806588140225901,0.13131828222704356,long_only
0.08338767288301614,0.14948495566522357,long_only
0.08627098802976833,0.12296017034167667,long_only
0.0660818611099429,0.07720625022702049,long_only
0.08753803480653793,0.11998268818952068,long_only
0.05988995837094953,0.053233787770894915,long_only
0.06193721498953808,0.0790671778920481,long_only
0.060348883343344595,0.059348474924128335,long_only
0.0936664526793445,0.14776151801623497,long_only
0.07717345911600966,0.10422136723138375,long_only
0.07761823419735503,0.0971687487099617,long_only
0.06421057907410854,0.07961725808555987,long_only
0.09545170561833828,0.14497290591047074,long_only
0.10798873847286006,0.1966782016827446,long_only
0.09956719029800105,0.17247553470516294,long_only
0.04186107158620036,0.10230336480872698,long_only
0.0514536495659399,0.05269086270778395,long_only
0.09366927168096299,0.14841626925800264,long_only
0.08433507343118953,0.11267312235869564,long_only
0.09861172477360344,0.17227616223359177,long_only
0.07182885530686685,0.10076943911357282,long_only
0.11241673875720537,0.20802731417533224,long_only
0.06131552860588108,0.0950765529633203,long_only
0.08191050136254158,0.11090974496359352,long_only
0.10417335969907618,0.17746946521613088,long_only
0.07791087292820487,0.1107018275872883,long_only
0.09491395907900112,0.1603485299930842,long_only
0.10249367457412745,0.17500816780694944,long_only
0.07756217204004902,0.09463808064977176,long_only
0.0841047611591619,0.12023033225856077,long_only
0.08088477577460115,0.11902861633068579,long_only
0.08671220761608792,0.12332922529744335,long_only
0.09575962267813531,0.15764860576936557,long_only
0.07251560030331816,0.08352216616885233,long_only
0.07163562446348284,0.10828099999827807,long_only
0.05822125286731927,0.072790791640248,long_only
0.09435380894246798,0.15474098075287043,long_only
0.08082058441819645,0.11570557157895893,long_only
0.06896341914604462,0.07269138085987963,long_only
0.10951533352432935,0.19524600299253367,long_only
0.10144749237780994,0.16857155725575068,long_only
0.05906196084643002,0.09581375980180756,long_only
0.08785004132648934,0.1333371716509306,long_only
0.06223453489614711,0.07359310573775733,long_only
0.07952343041043522,0.11553674734642416,long_only
0.09564404245650153,0.1600820696996988,long_only
0.08734225182851055,0.1335593062909415,long_only
0.06777716018687303,0.06704398832912602,long_only
0.08124201793832513,0.1536605556839552,long_only
0.06276106469580005,0.10553013733064952,long_only
0.06690826403231054,0.10220111321360846,long_only
0.0736196247908288,0.08350410513036452,long_only
0.0618300096014024,0.09116903129986077,long_only
0.05617903224777086,0.05333519636347087,long_only
0.06780909332413869,0.10245165447458457,long_only
0.07669699959652305,0.09245823319862313,long_only
0.05623781938522942,0.1012449934750163,long_only
0.09885642895925008,0.1572870031589448,long_only
0.07179099015120621,0.1111667615521191,long_only
0.07491924946678065,0.10935692755472362,long_only
0.13405218169372324,0.2818311494689635,long_only
0.060634916304612554,0.07049591038879238,long_only
0.10314083669699303,0.17875063478796538,long_only
0.09031624784323275,0.14492773560919792,long_only
0.08272419801960439,0.12567397907537045,long_only
0.09076430456076,0.13398160332820522,long_only
0.06730630964098272,0.07375753424676597,long_only
0.0649225101291269,0.0977268874926793,long_only
0.05972499644867134,0.07293560621064171,long_only
0.0589710574838163,0.058709733261560065,long_only
0.11418023318449866,0.20714894098740658,long_only
0.052964033382152866,0.05102416196571649,long_only
0.08346284335774458,0.12578756472465874,long_only
0.058258350849659996,0.05828854489677582,long_only
0.06820167091274212,0.10406482158186964,long_only
0.06476864284237976,0.09317932883845535,long_only
0.07525378436102909,0.12030277989866955,long_only
0.07580919928958867,0.11546856067822,long_only
0.055825080876614544,0.09624243014590073,long_only
0.1055926823626035,0.19431351590165216,long_only
0.06808110114001328,0.09926360654027212,long_only
0.08073450360688056,0.10743094589253227,long_only
0.07115810249377319,0.10523883425618054,long_only
0.05996418267652241,0.05581057854857799,long_only
0.06779901981316296,0.10222434156482708,long_only
0.07014067011183503,0.09800454306136556,long_only
0.10437919113992306,0.18874866493725256,long_only
0.08183618225454918,0.11651923945365833,long_only
0.07391265573030932,0.10682687600010277,long_only
0.07749620462542071,0.09395308978595132,long_only
0.05912562175248953,0.05951750778794628,long_only
0.10627598238620099,0.18793391167258294,long_only
0.06328717442551338,0.07935295459259187,long_only
0.12527837358408972,0.24357823096923278,long_only
0.1056176170756491,0.18661424601859364,long_only
0.057323374933810095,0.05889512942222998,long_only
0.06037561068608684,0.07570100299127865,long_only
0.04841111769395118,0.08178081624085747,long_only
0.06896570700979426,0.12282309271150166,long_only
0.09692727481360341,0.14884493702271867,long_only
0.07897281876683448,0.09959690609891364,long_only
0.07540284934243771,0.08722244113718067,long_only
0.06867232351468301,0.08449943429328786,long_only
0.07548018046251617,0.09013124059885186,long_only
0.06658145788659765,0.09690836565616974,long_only
0.06233887706808661,0.05809465952235718,long_only
0.0998744059192301,0.1596439227736948,long_only
0.06587692872566314,0.10052119455875924,long_only
0.0866018971726663,0.1249532915300422,long_only
0.08750462148029028,0.14575082557079833,long_only
0.09051023895516638,0.13524761187216178,long_only
0.06316654495823622,0.08775021633357225,long_only
0.0596983288630213,0.06173023326146861,long_only
0.08106836137360693,0.10417404899277445,long_only
0.07375566091850491,0.09852886518807674,long_only
0.04984677462355487,0.0700282126335543,long_only
0.07798778147988676,0.11847226518888919,long_only
0.07712978601260537,0.10160787856914519,long_only
0.05165732076203535,0.05818359459817072,long_only
0.07775900357272175,0.09253096907230242,long_only
0.07938921476473673,0.11509373529331829,long_only
0.061112464560652266,0.0849978113238184,long_only
0.10653028944912452,0.1882261400914366,long_only
0.057635847024100545,0.11264384959458978,long_only
0.07884011405300678,0.1179496076819994,long_only
0.054027732846559595,0.051583739142957274,long_only
0.06922792204651801,0.11266109900883257,long_only
0.10962988111383813,0.20045685342104808,long_only
0.0506719396595727,0.10397810016142806,long_only
0.09234705899832207,0.14478298574712248,long_only
0.07209591041696504,0.10601360493726344,long_only
0.11265626753142627,0.20467271397172435,long_only
0.10343038961278034,0.17154095458105528,long_only
0.10715606382335657,0.18937642315054432,long_only
0.08143628134702334,0.11717612409577009,long_only
0.1020023211897309,0.1815242745917712,long_only
0.08867120590887713,0.15861476471341807,long_only
0.07298299355289406,0.0990580810679156,long_only
0.0841131057816629,0.11966366526120407,long_only
0.12510148243307423,0.24480898124532308,long_only
0.09372800664777527,0.15357693776840325,long_only
0.06138020048147838,0.062349063095010246,long_only
0.07889321446219275,0.13556100061035026,long_only
0.048397866372081474,0.05591040506895127,long_only
0.07875566251358389,0.10149344649864768,long_only
0.06902738147130073,0.0929479375340363,long_only
0.07657613040039182,0.10364222595222393,long_only
0.07416470949671586,0.09700807049669234,long_only
0.07780326589299687,0.11565634713586133,long_only
0.07975427031734791,0.12724332658318138,long_only
0.1164074709672544,0.2199461573936287,long_only
0.08347666816842447,0.15023024795099582,long_only
0.057266246422062024,0.05070310033272709,long_only
0.082605395036768,0.10717016809840736,long_only
0.07951141574498834,0.10078693993955047,long_only
0.08748758798311398,0.12369617101686134,long_only
0.07063828201528002,0.10091983736602533,long_only
0.07970869705212856,0.11451280052783155,long_only
0.050328938447315785,0.08107257159315004,long_only
0.10856320545368216,0.1993010485066395,long_only
0.07744865752632407,0.11189577191243713,long_only
0.07555137742327402,0.08645918230678667,long_only
0.07393838920257514,0.09188177054276064,long_only
0.08186544366047055,0.10572078848383626,long_only
0.10619505423449721,0.19284665306135415,long_only
0.09626740631201793,0.1562987294633227,long_only
0.09432802933485271,0.15362410054286865,long_only
0.08834972824264313,0.12851689590478588,long_only
0.07954494759268435,0.1127466089988005,long_only
0.06113724986929298,0.10943399309472632,long_only
0.06386803678666217,0.06339045686764158,long_only
0.07568377978846669,0.1002977370754976,long_only
0.06477472139580401,0.0637078351270047,long_only
0.06433730007702602,0.07557277669850619,long_only
0.0659665401197,0.10846765546399188,long_only
0.09524869137442643,0.14575975293235408,long_only
0.07683308879971155,0.09043327205565709,long_only
0.0810454430563175,0.10379250860222138,long_only
0.07189934260945512,0.08556517090760096,long_only
0.07415476467295101,0.08795964580191921,long_only
0.10674784067824168,0.18844894687937078,long_only
0.08863249452652691,0.1298441305750845,long_only
0.09885614984707973,0.15879573181864673,long_only
0.1063872086500707,0.19653870130534545,long_only
0.08431923405213182,0.113671836937128,long_only
0.060777273233734816,0.07680971958101307,long_only
0.09520593858128765,0.14799522324331274,long_only
0.07364648699232207,0.09223885620371428,long_only
0.06368613959883881,0.10033859411189507,long_only
0.09314479584136898,0.1500344682742885,long_only
0.08481574142781423,0.123887102655576,long_only
0.06924507930723804,0.10894055523083253,long_only
0.10058376313579115,0.16067093461889156,long_only
0.06296937792674424,0.05989404895192468,long_only
0.0910357386172089,0.14099058901119313,long_only
0.08526718136909474,0.11517581893578732,long_only
0.08547322518615068,0.12297777584934472,long_only
0.04601725482184006,0.1092559406057629,long_only
0.09519632488506788,0.17140907783475512,long_only
0.0825762752855403,0.1268224838546829,long_only
0.06344283281357671,0.10411493362660049,long_only
0.0748673959771726,0.1044686167531854,long_only
0.07182207866821785,0.08023556929518937,long_only
0.10256783902029551,0.16856912629843684,long_only
0.06302620035127529,0.09635754927021861,long_only
0.0526156468331721,0.09360220768062773,long_only
0.08689071323327738,0.12756706794820083,long_only
0.04775618856358019,0.10600505943191602,long_only
0.09198579871157608,0.14315112122447776,long_only
0.07196026290110923,0.09824015579745307,long_only
0.07231175722023445,0.1108352921029336,long_only
0.05225427830212334,0.051476419678104596,long_only
0.0832954276851627,0.10870665460468872,long_only
0.07304253792639466,0.09196737492762246,long_only
0.08590007570088115,0.12758500094818048,long_only
0.0743120590762576,0.10369350834932771,long_only
0.08130809487878601,0.10051172944246589,long_only
0.10179441840867356,0.16870506897345297,long_only
0.10157864439574371,0.17395724137343155,long_only
0.07048454847653479,0.11463055376428066,long_only
0.06239865801142368,0.06715975518310763,long_only
0.07292164817278815,0.09480418747624442,long_only
0.07525979487145863,0.11540889375690597,long_only
0.09108161170612888,0.15642787381327397,long_only
0.07708186008894699,0.1226894699084951,long_only
0.07185451609283308,0.09936290990109047,long_only
0.04972991316754509,0.04898596795537968,long_only
0.08032602509294476,0.12203694462255522,long_only
0.09722725402244681,0.14956253275421547,long_only
0.056540859568471394,0.10509611342964147,long_only
0.06656118934730175,0.10264356178221797,long_only
0.09389734073293501,0.15466577417154267,long_only
0.07868324711159178,0.09408565066355974,long_only
0.05008447342868645,0.05845732834833261,long_only
0.05598116615580613,0.1061416476175433,long_only
0.061470210098035466,0.05917091305251815,long_only
0.09056678642903379,0.15655782642649174,long_only
0.09896380275379808,0.17175763054193263,long_only
0.07700042567824514,0.09472438928523903,long_only
0.06763740285853528,0.07157740075052321,long_only
0.08567680206528507,0.12324901467981633,long_only
0.07948442381990704,0.13805435862022955,long_only
0.08315173049904893,0.10762579195479212,long_only
0.085576664588289,0.11790840603033803,long_only
0.06506398404778634,0.09561460272544131,long_only
0.0706297815091655,0.1103837901226224,long_only
0.094608080212822,0.15754234559979496,long_only
0.0667913945436655,0.09584974958323633,long_only
0.10228373358968976,0.17651433952942097,long_only
0.05266510514500546,0.08548145801394334,long_only
0.07274594527142612,0.09228324548318544,long_only
0.06773602453657905,0.11129423332951575,long_only
0.07648843159545701,0.09456934465211209,long_only
0.07341614829969267,0.09620571002027901,long_only
0.07485098338427314,0.10007995578929857,long_only
0.10332608763729725,0.19593977076991728,long_only
0.06530414699728572,0.09959791405052237,long_only
0.08722535075452191,0.11974507465781561,long_only
0.0634805607241323,0.08720959269624565,long_only
0.06809385616576621,0.08553568572661747,long_only
0.10931813819251754,0.19999792862760798,long_only
0.06192990502205763,0.08277742900474565,long_only
0.07401998210560531,0.11006150039880823,long_only
0.06023048700928813,0.08238221573501256,long_only
0.09615839322552525,0.14863525711451145,long_only
0.11084369842816487,0.19817322857084405,long_only
0.09586864474483191,0.1686190736482711,long_only
0.08258029595796287,0.12730051704447323,long_only
0.05454258029973616,0.07824547669592273,long_only
0.06596217064956078,0.10948643706880494,long_only
0.07314443607553138,0.11213155441854201,long_only
0.0743549743042424,0.09952831302102845,long_only
0.08523964115681225,0.11525739503688147,long_only
0.06406268517748141,0.11126238998495151,long_only
0.0951279186656527,0.1474113475641661,long_only
0.06828040284133402,0.07360060812739629,long_only
0.07550215404186554,0.10841332560067277,long_only
0.09391265870198148,0.14610157700421042,long_only
0.09275303492184492,0.1630577545294658,long_only
0.08856335247596925,0.1274564027635584,long_only
0.0619646267721915,0.07675185733525262,long_only
0.07431148077224607,0.11760872021191518,long_only
0.060324648537543046,0.0543510607385017,long_only
0.08272519053554081,0.10573340260723002,long_only
0.07556525555194196,0.09544169309715765,long_only
0.06338370090739018,0.09916061023264315,long_only
0.05884540350295545,0.05406667494381064,long_only
0.082214074145737,0.12219812491378036,long_only
0.07031139498131087,0.105959680843382,long_only
0.056307550832400084,0.053473956273459494,long_only
0.04551178103085455,0.07068731877391436,long_only
0.06823461686718552,0.07373078371661707,long_only
0.060264152479994906,0.08962565652131073,long_only
0.07833585159730742,0.09645213710275584,long_only
0.08078374930566688,0.13427501495383976,long_only
0.07878642255885475,0.12079041491842617,long_only
0.08873090864621515,0.13198868831471702,long_only
0.06956641492779393,0.11114206792519889,long_only
0.0654125898719401,0.069101445814165,long_only
0.06477923631813651,0.09115726259524803,long_only
0.05713404708353005,0.09438243243917648,long_only
0.08406774164227722,0.11260489976392885,long_only
0.06635605441731035,0.06695862074683255,long_only
0.06046866242814209,0.0818255271162083,long_only
0.06855780377406293,0.08310267306526377,long_only
0.07424537595297566,0.09591519878006594,long_only
0.09102305648082408,0.14845800918431773,long_only
0.059936046236262974,0.0843485501617908,long_only
0.05483293389943128,0.10147166488110275,long_only
0.09901551703439247,0.15867496609599901,long_only
0.07255371303126547,0.08732340044524382,long_only
0.07987633516060715,0.12368551526328475,long_only
0.08044233297029693,0.1320763732959318,long_only
0.08379850534967828,0.13135430360370898,long_only
0.06772763753201229,0.10500353643024628,long_only
0.07546392090804635,0.10248655327713226,long_only
0.08941240874403307,0.13711966592249455,long_only
0.10755277910818997,0.19234792946897203,long_only
0.08195775238368537,0.11109294548690914,long_only
0.049603293612163854,0.09805674744678725,long_only
0.07070471682519959,0.07500590687907659,long_only
0.11401419059015884,0.2148729970026622,long_only
0.07145439112094858,0.08727874457629178,long_only
0.09268488315834042,0.15886403602863677,long_only
0.08581042035026998,0.12344040677362189,long_only
0.06626382200613051,0.08536992618415545,long_only
0.07259878855076943,0.11750718008226892,long_only
0.05356721413810413,0.07445274094976606,long_only
0.08848502139421242,0.12433663502987356,long_only
0.0584642195145542,0.051339710392438336,long_only
0.07414112133257883,0.11887956540895367,long_only
0.101390154633275,0.17082760631622612,long_only
0.08489880974181861,0.1128071222956943,long_only
0.06551780467979305,0.07691824764638382,long_only
0.07119081685194194,0.08910234709389815,long_only
0.052646863468035994,0.052101531776185976,long_only
0.07996176485215088,0.12948383374526867,long_only
0.09483646081379268,0.1458846888626973,long_only
0.0548108123573684,0.07631061828026563,long_only
0.08053569485059181,0.14275046587750057,long_only
0.08010078674853624,0.10074929225929641,long_only
0.08202127100296797,0.10360755121257205,long_only
0.08446318777696817,0.12058144359075763,long_only
0.09864927478958695,0.15716295098876454,long_only
0.06960416225493041,0.08041592444007754,long_only
0.0946193393737383,0.1402981486105191,long_only
0.07261610836820255,0.11863183529011768,long_only
0.10130891784344337,0.16270187427285485,long_only
0.0650258929729239,0.08625307568936355,long_only
0.1133254680630009,0.20768490506359988,long_only
0.0651345671029201,0.08250423984999818,long_only
0.07153111341748601,0.07823388263012672,long_only
0.08747896716353179,0.14842763898506875,long_only
0.08717591852884155,0.12691887059041942,long_only
0.09606028828075776,0.1546223749457201,long_only
0.07369355273933982,0.11989909744248166,long_only
0.09102579640813208,0.13464265805817763,long_only
0.10123127122311575,0.16853701741842353,long_only
0.06928629903321927,0.1098424784839784,long_only
0.08539237058819678,0.12264340235253371,long_only
0.10670702388853749,0.20348641739841972,long_only
0.08140542448126746,0.1247684815187069,long_only
0.060326416228129565,0.05512054280712149,long_only
0.06370390689651814,0.08762790378133478,long_only
0.07312794465720979,0.08397641054738407,long_only
0.06389659856202876,0.05980550589735913,long_only
0.0664259127395915,0.06584758259719632,long_only
0.06769382377224857,0.11363949602747693,long_only
0.07993504605335647,0.11202714055764594,long_only
0.08705497926369049,0.12646493969611827,long_only
0.06105411814561844,0.0858423400900364,long_only
0.0924373701337884,0.14905953377167494,long_only
0.06127805019542778,0.09621759124788427,long_only
0.07165892298925071,0.08947963483701768,long_only
0.09164018100581921,0.15031375661129076,long_only
0.052831905802716905,0.058690401210859444,long_only
0.08917482368658258,0.13406249734329798,long_only
0.07896502405354898,0.10814122806140095,long_only
0.12606812391944427,0.24786308016954292,long_only
0.06676100214646427,0.06810737623869595,long_only
0.08780090299375663,0.14533198431938724,long_only
0.0883818962219614,0.13586896163068074,long_only
0.08616956155187085,0.13098253364805396,long_only
0.0649320000804691,0.09775439263548721,long_only
0.0765202486821236,0.12500322346128107,long_only
0.06295508858871013,0.11537572617486067,long_only
0.08576905677150046,0.11781840542383874,long_only
0.0711052791358217,0.08987972050233269,long_only
0.08665919471831456,0.14061079258079734,long_only
0.09803673780016145,0.15718993288577424,long_only
0.07029022330629249,0.0854074885152953,long_only
0.05386105370657046,0.05126616688557557,long_only
0.06247125914090263,0.11306045304373517,long_only
0.08488141483021185,0.12885987106311242,long_only
0.07046581756662462,0.10649978163894505,long_only
0.08486741902497391,0.12581858099338872,long_only
0.09490046254622046,0.1448531348827748,long_only
0.06388508873219303,0.06271458779061215,long_only
0.10839089475116596,0.19911043464273234,long_only
0.07645816496159834,0.09107458374163817,long_only
0.07708630577434872,0.09055084777143964,long_only
0.08961947523520648,0.12943497912947644,long_only
0.07580752714375621,0.09915447843149636,long_only
0.0652816906149956,0.08472272739673403,long_only
0.07652020892304244,0.0918565030896196,long_only
0.10005101331221306,0.16283630425362422,long_only
0.07612245128630743,0.10892035681472019,long_only
0.050157607704348,0.049057291960578266,long_only
0.0949728268952699,0.14594774028598811,long_only
0.08226061510988816,0.12214928079545308,long_only
0.10018176155228714,0.1841750569718924,long_only
0.09997159155609844,0.15886393501717425,long_only
0.06564110633888652,0.06755516983360223,long_only
0.08403857599443762,0.11722885639815489,long_only
0.048342245372804876,0.10590625507041761,long_only
0.08384168387463103,0.13678423758154482,long_only
0.07197571435641151,0.10143807270684088,long_only
0.06694732129148091,0.10850355326174518,long_only
0.05982925645535796,0.06646481564113628,long_only
0.08835872011784339,0.1319995210223319,long_only
0.07498106773777324,0.0963141267473681,long_only
0.07598646696628221,0.09051252657966748,long_only
0.10750377683438986,0.19108105504988201,long_only
0.10311249508440307,0.17721475565736117,long_only
0.09540804229863409,0.16326136938144065,long_only
0.09337143117567284,0.13930887879524914,long_only
0.07479580633741847,0.11041123318970407,long_only
0.09655061166284343,0.15948944941211166,long_only
0.06862733085567699,0.07598598219703238,long_only
0.07458707163694285,0.11329387769791852,long_only
0.08027533213402827,0.11182201419541431,long_only
0.05086397884347494,0.08648142180151086,long_only
0.06154012658814251,0.09499896190590533,long_only
0.08223342847185035,0.11660970745627158,long_only
0.08348386395893326,0.12419360001963843,long_only
0.07569856204847089,0.08763023930269212,long_only
0.09070706172231713,0.13828447902881114,long_only
0.10720652472061476,0.19194215424706415,long_only
0.11697332408657181,0.2138895991837449,long_only
0.10319610413468555,0.17192891488579518,long_only
0.0940639756462049,0.15223967748656914,long_only
0.10858823285908427,0.19327657973628637,long_only
0.08863733885711382,0.1513481042827335,long_only
0.0733222547224793,0.12330661066868287,long_only
0.07726336858833165,0.12067775214675427,long_only
0.07699103681090932,0.09006994397479277,long_only
0.1029851259422525,0.17363300757030367,long_only
0.06139654337691258,0.06246468536233276,long_only
0.0755292068500274,0.11205231983548924,long_only
0.06024258347227923,0.08295272261813418,long_only
0.10578400108192385,0.19400933014484606,long_only
0.0804985232473998,0.1081213428760267,long_only
0.06674015745241332,0.10525308628505853,long_only
0.07674920483693766,0.10032680332248599,long_only
0.07216961989576767,0.10993060986876431,long_only
0.06081376303206721,0.10098485615260429,long_only
0.050007079693840974,0.10160636790563508,long_only
0.05417309185632928,0.08094805849939402,long_only
0.06254743371575909,0.09934490278460938,long_only
0.07628890131391014,0.11373096866161442,long_only
0.08250962910756529,0.1342377406167451,long_only
0.07097601156713215,0.08125334624148937,long_only
0.10594357311853198,0.17749032102578272,long_only
0.07890077425800747,0.11786793993413401,long_only
0.07149255364165959,0.09931620671055542,long_only
0.06608287523263466,0.08228851490749997,long_only
0.08414875047442355,0.1339561282097958,long_only
0.0647323594968405,0.0799980724339302,long_only
0.07307163274673975,0.09638802829294867,long_only
0.06543991923913015,0.07107059349111886,long_only
0.04828749715612095,0.0735822099799308,long_only
0.09149325406593062,0.15092371144554098,long_only
0.05651424740336326,0.07009898585436468,long_only
0.0708637205403996,0.09873645201681845,long_only
0.07150298903135978,0.11367035325426084,long_only
0.049929594007164874,0.08823986389751454,long_only
0.05233100921076398,0.04751583202006766,long_only
0.06486989825179883,0.09789388140419178,long_only
0.05795883161636567,0.08190109501819706,long_only
0.058351002558974484,0.0802611015863298,long_only
0.05914576663022017,0.0644241092790746,long_only
0.050030171688064146,0.09288660304306927,long_only
0.04951095344247705,0.055054387277491686,long_only
0.05946013607809829,0.06278166390143751,long_only
0.08076513303886354,0.12764072279034996,long_only
0.08305674119766406,0.11483227377984644,long_only
0.11469921787512201,0.21899986454228051,long_only
0.12158408014932283,0.23557074985450663,long_only
0.10522320491718896,0.17710993288194352,long_only
0.08890582915924025,0.14539925610214124,long_only
0.08840841008556695,0.14915858513140207,long_only
0.08049712226997693,0.11918514679466492,long_only
0.07123736774229728,0.0907714004951766,long_only
0.07035272321238853,0.10456702788946597,long_only
0.07482366881284111,0.11666502886727609,long_only
0.08604107093984169,0.12972196831131255,long_only
0.07813353734786821,0.11868991897513363,long_only
0.093402946422347,0.1483427529086849,long_only
0.04895657018906497,0.11108082564025441,long_only
0.09846881153192998,0.15511723443633588,long_only
0.07623002610723267,0.12156485393047886,long_only
0.08698018292990915,0.1252542031695515,long_only
0.08368369041719055,0.12812467548892542,long_only
0.09016686919845819,0.1294947165403987,long_only
0.0593707287398095,0.05804591772855923,long_only
0.10762458165278849,0.19653013791852586,long_only
0.08946263117650921,0.13130914926873138,long_only
0.06806600904789646,0.09992200446026361,long_only
0.04991665029225272,0.07663333240541749,long_only
0.08244744760531716,0.13643902883528142,long_only
0.07350535121548207,0.09966511751175605,long_only
0.08606990950963686,0.12611954035064285,long_only
0.07583557423787288,0.1019122919643479,long_only
0.07391222417186587,0.12135164024484478,long_only
0.0645838053591933,0.10434175005500662,long_only
0.061216625351238146,0.06794128870990615,long_only
0.08967032173999441,0.13858069576983287,long_only
0.05830190871692129,0.0957271547741782,long_only
0.0747085980080031,0.09454403422756304,long_only
0.06786403253081126,0.0837840494314669,long_only
0.08697465489501696,0.1359970866075012,long_only
0.06597403395187189,0.0725136112210215,long_only
0.096617866464427,0.15396677787597057,long_only
0.05030326931705566,0.08448050922460223,long_only
0.09023089489944139,0.13840667585129807,long_only
0.11379131738508172,0.20747314089430366,long_only
0.04923350007313584,0.10578833856518498,long_only
0.060046177061513044,0.06900198463417766,long_only
0.053885091385987696,0.05469397103131394,long_only
0.047424386507064674,0.060692310850811546,long_only
0.08933129495890738,0.13494464639783166,long_only
0.09014971125188997,0.1362835829459831,long_only
0.0915851250373444,0.14439732191255292,long_only
0.10373258116196936,0.1719013681027104,long_only
0.04984693628834827,0.07721664795509417,long_only
0.07435882086055712,0.11791652902378982,long_only
0.054552698818987916,0.07794629238112052,long_only
0.04611641295402243,0.10827669931253217,long_only
0.10823502910289702,0.19803483609206815,long_only
0.05816342258621307,0.05316065623884384,long_only
0.06239625210364953,0.0918288947438024,long_only
0.0806430098495029,0.10014630691584515,long_only
0.08027571749657955,0.11130224837582944,long_only
0.11261191988554235,0.20113132236860656,long_only
0.09051617859119507,0.13828285420564845,long_only
0.1010622937999465,0.16855399124035653,long_only
0.07954415905434059,0.09701371332069003,long_only
0.05895564056579412,0.08111541724266377,long_only
0.0919028395734397,0.13810904283311082,long_only
0.07848063810441842,0.10327409746840738,long_only
0.06921491631922971,0.10723449158819985,long_only
0.06341742484224175,0.06232166122334644,long_only
0.051773248118450604,0.057614115105397566,long_only
0.09633310363519439,0.1507093233317976,long_only
0.09798445692530028,0.15703305432438916,long_only
0.08786806398135305,0.12867309458071377,long_only
0.07189198568834627,0.1065122726012215,long_only
0.09311327084280528,0.14808278531014848,long_only
0.05032483307978913,0.10561316090983773,long_only
0.07793694694958732,0.1063940045657376,long_only
0.06656004240641192,0.08526346250485856,long_only
0.09158958988283815,0.13250945608122408,long_only
0.07859606909343,0.09955467797317671,long_only
0.06383786469715347,0.0777139781298416,long_only
0.0859055970705409,0.12125378971088142,long_only
0.1300821290545913,0.2679656081095124,long_only
0.0567744003943789,0.05054692493559766,long_only
0.08040766425036847,0.13994724541702563,long_only
0.06407416561716248,0.06369528079236274,long_only
0.11022510431509183,0.1907381017975138,long_only
0.06449256372642223,0.06547706817139466,long_only
0.10099295904806016,0.17288642376431362,long_only
0.049222623818402395,0.06696828678721249,long_only
0.10938647067609027,0.1981320299923998,long_only
0.05187954757975147,0.05636538217507586,long_only
0.07228813697847042,0.11152165714944567,long_only
0.06360028949474292,0.06323211094486328,long_only
0.080511749202266,0.13176669715676542,long_only
0.0560353490394693,0.05030368790242221,long_only
0.06391261658141806,0.08026719636958399,long_only
0.08984612640695953,0.1448894685404596,long_only
0.06787247162485571,0.07050541719964486,long_only
0.08601199538154229,0.12913499710635817,long_only
0.09391796167198489,0.13999494428671075,long_only
0.06195074241425451,0.0752308868229793,long_only
0.09048645551552381,0.14210258648363452,long_only
0.06554828566593016,0.10572445212587339,long_only
0.06344204453513773,0.07002686453907074,long_only
0.08337119832926526,0.14693245104597652,long_only
0.08725750130999493,0.13399066912596833,long_only
0.07201256332247284,0.09626266847572573,long_only
0.09328365848640963,0.15869627574825806,long_only
0.09178807811003871,0.13496184420967358,long_only
0.06708354717972494,0.1100563624553503,long_only
0.06558254890307763,0.08267316423158128,long_only
0.0707240284638233,0.08465111830232842,long_only
0.0750260232454403,0.09162302734460095,long_only
0.054416830321796485,0.07694010516741645,long_only
0.07229173859938343,0.12313186418456484,long_only
0.10637440712072668,0.20177762074110434,long_only
0.12516613630545304,0.2548356912363942,long_only
0.05964501440006969,0.055117312170908914,long_only
0.06949748738293766,0.09586801403784877,long_only
0.08752845755284977,0.13571740431739446,long_only
0.08009142707916171,0.1228499650714641,long_only
0.07689404230920188,0.12140659216542767,long_only
0.11289804542426976,0.2099249765785588,long_only
0.11058119203923437,0.19826157693427102,long_only
0.06541199688181362,0.08026638240547616,long_only
0.08296763671220281,0.10992141262854145,long_only
0.05419841535948786,0.08311315523501836,long_only
0.11045147304927795,0.209512320174339,long_only
0.07694534086089344,0.12049774676167707,long_only
0.09058955334392438,0.14765922687760766,long_only
0.08535701682686739,0.12105053873062246,long_only
0.06186289730611179,0.10789792033987597,long_only
0.1019318927033047,0.163638581462735,long_only
0.07858382723252956,0.09927279783312916,long_only
0.10564803007254879,0.18725730818159708,long_only
0.0779542405138868,0.10652648528017115,long_only
0.05039776552062565,0.08210028329879641,long_only
0.08636702947885692,0.13638229959275258,long_only
0.062429606071167223,0.10341705651876813,long_only
0.0739612458255706,0.1337037598127817,long_only
0.06091682168430952,0.10148054175835478,long_only
0.0847664393775039,0.13365022889502434,long_only
0.08002220383841575,0.12244130846728614,long_only
0.09273032360513711,0.14981462738756898,long_only
0.06338915010454418,0.06080953610923483,long_only
0.059110369063352916,0.052385651419202796,long_only
0.10105110129550646,0.17909256482795327,long_only
0.08377554984574541,0.11115802449152919,long_only
0.0930177064594806,0.15524449548872302,long_only
0.1057594150620762,0.1939847830258623,long_only
0.06526346916554088,0.08252344401702871,long_only
0.04775819600491445,0.06677195722998039,long_only
0.05057811122212247,0.04779322504111428,long_only
0.10028449234388839,0.17227956525425253,long_only
0.055164083961075326,0.05010882055736476,long_only
0.08192073919056203,0.11372361947847782,long_only
0.07379897470662412,0.10103625218687404,long_only
0.0747594892691363,0.08850148415506706,long_only
0.06524568191839522,0.08619843607711498,long_only
0.06137181460663084,0.08404575326934932,long_only
0.08324690713890932,0.13290037296292648,long_only
0.08237205823583268,0.13510447669671957,long_only
0.08748948916793106,0.1411259557898472,long_only
0.06730469499501679,0.07982919651227206,long_only
0.06897708909051814,0.09920089590990651,long_only
0.07769826353735579,0.09819501285809491,long_only
0.052996396609248306,0.060955846731987576,long_only
0.06692438968473491,0.09161608879111216,long_only
0.07578319373099933,0.11030191703160654,long_only
0.0722849718461192,0.1290608321554051,long_only
0.0666437190419225,0.09892422006734883,long_only
0.10668549716345771,0.195430325794792,long_only
0.0631463823457763,0.0667735576122735,long_only
0.0557619981332957,0.07513065843511124,long_only
0.05835359534129736,0.10100114996701302,long_only
0.06683115598159595,0.07311479842066758,long_only
0.10045554380292382,0.17132137800230895,long_only
0.06455621069791181,0.06101864853849969,long_only
0.06576464575002502,0.08832812527342385,long_only
0.0866621716737685,0.1342118689150452,long_only
0.06609048924197601,0.07197709913673683,long_only
0.05324345672064105,0.05021954447296468,long_only
0.05328009163244453,0.09680879182688192,long_only
0.07534233943962121,0.11360964704704009,long_only
0.07242992512430219,0.08218420400193537,long_only
0.0732072319904426,0.07963339521602335,long_only
0.07918017343051392,0.1060197153914422,long_only
0.057509364866447435,0.05989263678256784,long_only
0.12307389066483121,0.2415858685568654,long_only
0.07056255883433935,0.10791963783778721,long_only
0.0509692293206417,0.08664941446959333,long_only
0.11235609244615528,0.20764523947813562,long_only
0.061890977792140464,0.07017989969479489,long_only
0.062242979239005417,0.09094089863552123,long_only
0.07883859647491766,0.1159366150394116,long_only
0.09537018105252469,0.16470328665790496,long_only
0.12048448760387136,0.2356658013646595,long_only
0.06373016206506893,0.0793090526946834,long_only
0.05834572285226185,0.06325686577126176,long_only
0.08363112755698451,0.14001675031866556,long_only
0.06569361748496812,0.06543142919455766,long_only
0.07373754408253168,0.09019375887079764,long_only
0.07843594159613318,0.10531196345083284,long_only
0.07216214092522452,0.10429363065151048,long_only
0.07750122844972201,0.09189854837941283,long_only
0.07937570090617689,0.09706035801225547,long_only
0.10192230063066265,0.17159965284990294,long_only
0.08901469833196918,0.14362459037963884,long_only
0.0489729304725033,0.0978917419328067,long_only
0.05948872668660672,0.10655759506225622,long_only
0.0556860736304082,0.1005414821737399,long_only
0.06659366322482461,0.11381529725315341,long_only
0.061596894926723586,0.06677150478901493,long_only
0.06124074201270013,0.06692909718696849,long_only
0.05599917144353023,0.10485405908954416,long_only
0.08287666108403095,0.1260087057439092,long_only
0.08758158240894097,0.12902604743730137,long_only
0.05808820722407433,0.07591499537260185,long_only
0.07069282044113201,0.11096574054767067,long_only
0.09868848428400288,0.16141820467583073,long_only
0.06938807813392693,0.11451180589786181,long_only
0.057911630781417506,0.09686673971667266,long_only
0.08140223400721293,0.1386751961818145,long_only
0.07047841861736379,0.08367596042847031,long_only
0.051963383245009834,0.07635019993512265,long_only
0.07961649727866854,0.10912611110086223,long_only
0.09264359756356713,0.15797478949680158,long_only
0.07344254183486465,0.11326508736544733,long_only
0.08466019610680788,0.1116609990893526,long_only
0.05428651208257527,0.0646557258894209,long_only
0.0968498522334244,0.15610021507250255,long_only
0.05751471037222349,0.09256379588866805,long_only
0.09219978049391356,0.1378235592378015,long_only
0.07583989850995951,0.09986386888076317,long_only
0.051319887271616106,0.07487984657548874,long_only
0.05685093524566684,0.07928765769889894,long_only
0.06404458536392128,0.06128400323477581,long_only
0.06821584401219662,0.07908122375233335,long_only
0.08366836793688076,0.12229538903178558,long_only
0.08515986147176764,0.13107850917117383,long_only
0.09706141824953461,0.14826011428936034,long_only
0.074487457498676,0.12008117266532055,long_only
0.08510967388787526,0.13625255918875426,long_only
0.08257207729647585,0.12933206687767368,long_only
0.07204237366387656,0.11229138514649326,long_only
0.08165857466806875,0.1153424793945448,long_only
0.10379763583537632,0.1868749471771273,long_only
0.04775817328387137,0.08420308464752918,long_only
0.083403038616235,0.13253110200198395,long_only
0.08920259596364365,0.13777721079977245,long_only
0.061132929339308195,0.089453068990238,long_only
0.08528479343450679,0.12263779865250933,long_only
0.06695734865425491,0.10450553250741705,long_only
0.0575162309817942,0.10163382473157283,long_only
0.08712558543593346,0.12321804432587743,long_only
0.10508341804294238,0.18379934964850003,long_only
0.04890634814158396,0.06152619291344915,long_only
0.05851040483480239,0.08668211767103577,long_only
0.0665068708586067,0.11102541530805646,long_only
0.06015429219252671,0.08777928814843193,long_only
0.05946428996304344,0.07717611882143528,long_only
0.07622682147686305,0.1292139954961212,long_only
0.08007747430542536,0.12337489994510552,long_only
0.06575838818044721,0.10770069711886766,long_only
0.0962893079246348,0.17503984092557476,long_only
0.10437777545707447,0.17522647537764563,long_only
0.0788723901703907,0.11517703001663403,long_only
0.08832383987380674,0.13994107119318758,long_only
0.06302919066441906,0.1086887086287957,long_only
0.09069644012425375,0.14091055207750228,long_only
0.04617214958467284,0.08318114726166247,long_only
0.06995414076882935,0.08068613133601242,long_only
0.10166259117447674,0.17339618635631163,long_only
0.07704451540135304,0.0993243173835411,long_only
0.049710132364732484,0.07047466479651908,long_only
0.07129061199603631,0.1150870980262205,long_only
0.0943165857871598,0.1638266431022282,long_only
0.07381034999612417,0.10217829766055658,long_only
0.08183288813113082,0.11891486272818108,long_only
0.04761458920724016,0.11070018693039316,long_only
0.06040296701266283,0.09383197766935897,long_only
0.0787629211170926,0.13115067381880194,long_only
0.07927532311261934,0.10148025857544134,long_only
0.09786438683873655,0.15722898197494253,long_only
0.05800608528915506,0.0531500127123876,long_only
0.07093770594963321,0.07822520648652036,long_only
0.06449132559187475,0.09247215097962375,long_only
0.07826772834753311,0.10498888752321983,long_only
0.05389385562356045,0.07863638657675387,long_only
0.08634558704175858,0.13594027613614404,long_only
0.0636787411198717,0.06098403691111261,long_only
0.062347965810447686,0.057655759916453254,long_only
0.06684223079586063,0.096634658867902,long_only
0.11064906510050994,0.19373882740678802,long_only
0.07002348277551988,0.09504323471983687,long_only
0.09123860566741707,0.1395909063767656,long_only
0.05475470206218993,0.04929407648314542,long_only
0.05240778152932063,0.09743905277681683,long_only
0.06606738125486132,0.09107210391427364,long_only
0.09985602889937104,0.16512091520665895,long_only
0.08748304120779236,0.1565073815749159,long_only
0.07950515701376851,0.10809922957715043,long_only
0.09424886808299174,0.17648238019735266,long_only
0.050275486669643196,0.11175421304303162,long_only
0.08539030636874492,0.13185354388181816,long_only
0.06252854531252941,0.0851801628929936,long_only
0.07913976273847323,0.13564440150638693,long_only
0.0665804163612817,0.08167484886616302,long_only
0.0775282904757195,0.10774021117468632,long_only
0.0819962736363867,0.10995529311882626,long_only
0.07084756745730715,0.11184477931764403,long_only
0.05277613071590704,0.04745052715370464,long_only
0.09366511623397004,0.15576770140578247,long_only
0.08056227998897834,0.10049305789073619,long_only
0.07153384785857793,0.07741629729882232,long_only
0.062489544292619145,0.08513920802671213,long_only
0.0898563593184955,0.12709457222019904,long_only
0.06793551822472618,0.10366190833629133,long_only
0.09787584893352438,0.1535039116083669,long_only
0.07897530190519518,0.13724758063970935,long_only
0.054588146669576024,0.07927946635269341,long_only
0.12377460427832464,0.24657835115622026,long_only
0.07410463923938336,0.1042469526859467,long_only
0.10923597288751156,0.1905340870795234,long_only
0.08523840669818793,0.12893384883244188,long_only
0.0936202038033564,0.13975136005781966,long_only
0.06661327641764672,0.08970831849841554,long_only
0.05930372884946424,0.05406650296148091,long_only
0.07728275505976745,0.11066194740311959,long_only
0.06166727361550077,0.08490748657531241,long_only
0.06674246863512064,0.11178169104743414,long_only
0.11669097699687606,0.22012227574427173,long_only
0.1075118536007066,0.1935673166980261,long_only
0.10260932176252448,0.1958032708047409,long_only
0.11335957789155847,0.20401840790921155,long_only
0.06290979652130119,0.07234398961138973,long_only
0.052623596178245254,0.0676349756945523,long_only
0.07755004664702066,0.11418912803948374,long_only
0.08572340838841673,0.12509374960794128,long_only
0.06347549461284538,0.06241860173585096,long_only
0.05712237407570732,0.10537585752495728,long_only
0.07984475376844294,0.12066106131756729,long_only
0.057771045674368,0.07080021669741803,long_only
0.070789004622165,0.07444630672359347,long_only
0.05510124583040688,0.06743456438096794,long_only
0.05057019380518031,0.049655243432142594,long_only
0.056570609168352125,0.08103720397012806,long_only
0.06373995199031986,0.10474034542106501,long_only
0.08503552099202001,0.12313907869021735,long_only
0.08799845671362573,0.1356406476006476,long_only
0.06765838939166864,0.09395241657912834,long_only
0.069555768775202,0.08582392103085208,long_only
0.07836878364526005,0.11491536702332791,long_only
0.10065122060690515,0.1712628801051592,long_only
0.0805432616319133,0.1389757816984617,long_only
0.08013711885730196,0.10276248803895333,long_only
0.09410891677407343,0.14666375033451567,long_only
0.06999260728187792,0.07420178038836511,long_only
0.09105070321208938,0.13103199296238366,long_only
0.09830778421925135,0.1667699192310846,long_only
0.08083559931410461,0.12811728907353825,long_only
0.10167577087278966,0.1814224969432496,long_only
0.08065671645588189,0.12056008349265163,long_only
0.11270454624340082,0.21542526407169815,long_only
0.0701732474623695,0.10126038955184559,long_only
0.05511318973543269,0.1064561293396765,long_only
0.0588740406915783,0.07362119592195239,long_only
0.08398950785646031,0.1244392168725481,long_only
0.07497633257555819,0.09156310912299875,long_only
0.07293479892891316,0.1005364334244558,long_only
0.08476035037142832,0.1226507703336879,long_only
0.07724772648126715,0.10994220375678408,long_only
0.0684541199554283,0.06993193106483835,long_only
0.05428094110814584,0.09334264390500567,long_only
0.0668395793936131,0.094274200538064,long_only
0.07993142463895132,0.125605691902898,long_only
0.10385617952432179,0.17453520405494385,long_only
0.09803465459976322,0.16132112299019455,long_only
0.12311593302197671,0.24117273362667951,long_only
0.0950470333250588,0.15710818276061653,long_only
0.08816812456457526,0.13164840354137847,long_only
0.0810187445151859,0.13267664459366937,long_only
0.07130314593303685,0.08559190709026364,long_only
0.06854933487979195,0.07422415469622748,long_only
0.08453647536547504,0.14677137400786514,long_only
0.05505259304621177,0.07195037917774952,long_only
0.05291547994149705,0.1080773607794134,long_only
0.07799844587243532,0.10074295444983289,long_only
0.05395713447890488,0.04854396665800503,long_only
0.1028624423875779,0.16894394218371564,long_only
0.07360866527455598,0.10555984742050752,long_only
0.05394782572189333,0.07067272494767242,long_only
0.06074183614231315,0.08787065370237444,long_only
0.06687391917707383,0.07049003361922204,long_only
0.10754054074883987,0.20251728146412265,long_only
0.07447420690100062,0.10892225411906431,long_only
0.07549869989341239,0.097073128501441,long_only
0.09747819935320855,0.15236617240152517,long_only
0.08852104539716012,0.12559584667919457,long_only
0.08407658883435427,0.13794421999162082,long_only
0.05398004996801323,0.09013091930860194,long_only
0.05022702431028127,0.07751789166612569,long_only
0.08104691425229914,0.11241921420083031,long_only
0.0676808705825484,0.10891715596821278,long_only
0.0673702483400582,0.09704080803750738,long_only
0.10426747254025398,0.17656890304755207,long_only
0.09694054699463457,0.16809521640289932,long_only
0.06999131663894495,0.08500097026996227,long_only
0.0916247972719246,0.13890275600177912,long_only
0.09539963694228534,0.1546685684933626,long_only
0.10062407573971527,0.1695883300145392,long_only
0.07433820731034589,0.10927471368219356,long_only
0.07060277949505041,0.07382093967990867,long_only
0.09001504894066722,0.13064410764463105,long_only
0.07384275632009017,0.09410852721648111,long_only
0.0470698294708237,0.08051567655238341,long_only
0.10989907179778537,0.2039590380326446,long_only
0.10305011054552768,0.1834937555922142,long_only
0.06707158234571506,0.06767505179195445,long_only
0.07745250471588563,0.11077189199172952,long_only
0.06975040981567784,0.10558139582212091,long_only
0.07812609544312832,0.10515248912383443,long_only
0.07429510130792288,0.11390820638815027,long_only
0.05937419144719443,0.08915966274224119,long_only
0.07984304672631949,0.10283011213149526,long_only
0.06051217621372849,0.08914931479365108,long_only
0.05088747376025744,0.09386197081995357,long_only
0.07454033082179519,0.13060501163923832,long_only
0.07584788107545831,0.08835773122318101,long_only
0.09216494793561752,0.13942722404869762,long_only
0.0954105920914175,0.1546334088662062,long_only
0.11945794487430511,0.22693610914911605,long_only
0.04670823179029194,0.09132250931307734,long_only
0.07710241414236174,0.10580783355110988,long_only
0.06323399260037424,0.06259483397811544,long_only
0.0679921366191106,0.100423642519373,long_only
0.06118136506903264,0.05486261263515781,long_only
0.09058368188320091,0.13681743131142748,long_only
0.09797160112075491,0.17274045781580627,long_only
0.09377732222357993,0.15903899662057683,long_only
0.08376307790796049,0.11808651390954654,long_only
0.07519093246650824,0.09044604614636197,long_only
0.11637840464185971,0.2186391166123095,long_only
0.07472365161163691,0.10942461404944158,long_only
0.08162291171715304,0.12711768214553207,long_only
0.0807741765458633,0.12434973527356846,long_only
0.07207269421228701,0.11319248508940917,long_only
0.08562247481484507,0.11366290155577083,long_only
0.050731496521318795,0.055638168757900223,long_only
0.058759140109460165,0.06503102961258804,long_only
0.10689516317699443,0.1870503521721391,long_only
0.06990639323122258,0.09022119498898676,long_only
0.05342614958653792,0.055490184868997414,long_only
0.10084415560805307,0.16567327200195278,long_only
0.11040129540142406,0.20763421235658577,long_only
0.10647108744699578,0.1795720878453532,long_only
0.07230137192346886,0.0964174358234993,long_only
0.059783894743906565,0.060624697219937164,long_only
0.08531660226453225,0.12389640606557209,long_only
0.0743567167864554,0.08618062626312792,long_only
0.08874487730042076,0.13517814876293788,long_only
0.10370018473422692,0.19103479156188896,long_only
0.07616456142106312,0.12541467930299335,long_only
0.0736755980629799,0.09767304045092937,long_only
0.062244338463928836,0.0663258302495541,long_only
0.06301945148000465,0.11099696238665319,long_only
0.06513409701497633,0.07984631480288468,long_only
0.08353874748687803,0.12570629852656307,long_only
0.11337414133526001,0.21509105452324545,long_only
0.08583169209191832,0.11531391820957478,long_only
0.10916600394554694,0.1898377301797898,long_only
0.08792526618150182,0.13615655279450806,long_only
0.07479674216657108,0.1393539479112847,long_only
0.06864692616653793,0.07426540177118521,long_only
0.11586919331341256,0.2085125721196352,long_only
0.0508529791480106,0.10925155359509886,long_only
0.07385059019793475,0.11301600121845803,long_only
0.09413594086813756,0.16696037142636788,long_only
0.0642290724669216,0.07407406145864127,long_only
0.10027783692706026,0.16085392446605262,long_only
0.12079001471101199,0.2253694378074747,long_only
0.06109177109621622,0.07212048878236614,long_only
0.05352966073693552,0.09282828280161365,long_only
0.09400488944793858,0.15294157763334443,long_only
0.05798930039329754,0.07534399998275948,long_only
0.07367400995214407,0.11529115760238652,long_only
0.06242309933813017,0.07614256720688331,long_only
0.05500703361543255,0.05661697303644581,long_only
0.0761773732523244,0.09053189061898408,long_only
0.07559166931800611,0.09163951322245852,long_only
0.08858226164169516,0.15117066179382369,long_only
0.08911213991043644,0.13219061950104344,long_only
0.06425054509657051,0.08217293142730969,long_only
0.07475914317093735,0.11536676923877341,long_only
0.05915934312160158,0.06714978564988588,long_only
0.06521748951900383,0.08379008393256167,long_only
0.09585787088045732,0.14723369328728325,long_only
0.10082389211240711,0.17271987571972777,long_only
0.09888299852045851,0.1614071093809161,long_only
0.11524087370207531,0.20973134405403568,long_only
0.07160610182563908,0.11223694484710048,long_only
0.07845372963271748,0.10300782688246751,long_only
0.06978072320716708,0.0934270031181923,long_only
0.09378711754794411,0.14322126024713172,long_only
0.10329089888649876,0.17510601811406526,long_only
0.0572249643322335,0.09624977519851088,long_only
0.08500456833869087,0.11220411379139983,long_only
0.08628794040080648,0.13969746180435727,long_only
0.09087865946720812,0.14169534262316608,long_only
0.07261993354817589,0.12236824521256623,long_only
0.06744211326450489,0.06611175339189704,long_only
0.0832350005367497,0.12718880282277853,long_only
0.07924666754966983,0.10085307957129647,long_only
0.12516898940484858,0.25366819896397685,long_only
0.08404624658772598,0.11673036197049938,long_only
0.08032884662730251,0.13868991264448288,long_only
0.08126290873123816,0.11401883672211777,long_only
0.06365193289213242,0.06012490647499191,long_only
0.08721282680938972,0.1350009105873219,long_only
0.08411967947401375,0.14557161043179487,long_only
0.08079437849666966,0.11745626288296417,long_only
0.08384725548697052,0.1268786554278078,long_only
0.11326050535969782,0.21688101804273174,long_only
0.1158192683295724,0.21967672315102305,long_only
0.07331478368695708,0.12243698415030387,long_only
0.08637976854027019,0.1391236018833634,long_only
0.06068869871420953,0.09182630870071339,long_only
0.0995140456015909,0.16943449442171574,long_only
0.08224147584540203,0.1285069020873065,long_only
0.06819793229506572,0.07215499892088968,long_only
0.08601506585090729,0.13577270017828363,long_only
0.06698852156570351,0.06928471084533387,long_only
0.09288357952587913,0.15315862386081477,long_only
0.08556428165198623,0.12617478481364544,long_only
0.06771402737090229,0.09475030067278684,long_only
0.06478408568390806,0.10743111960531321,long_only
0.06992393828512829,0.11627520123960093,long_only
0.08835311371872119,0.13777722865032255,long_only
0.05883986589680287,0.06847900060397794,long_only
0.06709303926864006,0.10124361539977732,long_only
0.11331363339544565,0.21085191136929407,long_only
0.08067785209268888,0.12216986628236702,long_only
0.10159913394198772,0.17759571573844443,long_only
0.0874239763714024,0.13896842797623882,long_only
0.0689518952296731,0.09837790450147227,long_only
0.05599334362767033,0.08072041165613289,long_only
0.11350389303662943,0.20814037400656288,long_only
0.11011516822980465,0.19050253748515167,long_only
0.06841995520029541,0.0971758983031268,long_only
0.06226926047462332,0.0847837037057829,long_only
0.10258766004360734,0.17061591777976565,long_only
0.0748011641563931,0.09016346477034484,long_only
0.11409610711897805,0.2105188330396299,long_only
0.09221490752933023,0.1524540945490016,long_only
0.09408276566738541,0.1523602121175753,long_only
0.07920954965817692,0.10926088900852475,long_only
0.06879641085838284,0.07188594506824927,long_only
0.07353891150674555,0.1110932760433833,long_only
0.0939758819892293,0.15265575374057483,long_only
0.08564957363585243,0.11443864701936245,long_only
0.050115580046174134,0.05019720700958148,long_only
0.13073396223903463,0.264090515544272,long_only
0.06032269423843695,0.054729661163828686,long_only
0.059062583556849395,0.06966518034855593,long_only
0.06650879446134503,0.08636984582241099,long_only
0.06646326286633404,0.08669047335605912,long_only
0.10118480114002414,0.16275775012037177,long_only
0.08457697123612262,0.11361995546460521,long_only
0.07632937567964351,0.08838701541992613,long_only
0.10936516788757374,0.19088974681241344,long_only
0.06637290168757395,0.10449545604756244,long_only
0.13036093250133127,0.26762603594906287,long_only
0.0938512633086909,0.1594026755703683,long_only
0.06747097529066264,0.07540328775137474,long_only
0.0772836959393723,0.10634214434685411,long_only
0.0660850609118331,0.07959522720483407,long_only
0.08997527365061747,0.14096985119694863,long_only
0.05774472356251692,0.09574721952658717,long_only
0.10008920182154032,0.16351285438432706,long_only
0.10436800888919809,0.17396065169778188,long_only
0.07977629327839666,0.132913723208014,long_only
0.1153065430860596,0.215093311384972,long_only
0.06831306230207587,0.10146561495532473,long_only
0.06880701686047795,0.08518601268575793,long_only
0.0760880966779006,0.10004455070605013,long_only
0.0983080521990809,0.16184827098338478,long_only
0.06649413977256359,0.09751104314852295,long_only
0.08150178917341665,0.11430225369322457,long_only
0.08005002024866059,0.1237614978239514,long_only
0.06719813436475491,0.1001516228050149,long_only
0.09098225332367052,0.15800737001456652,long_only
0.09096223781109501,0.1421307654244193,long_only
0.07476881845705853,0.08658547879195605,long_only
0.10457852095557811,0.17778373844975565,long_only
0.058615810007121544,0.05815347850711794,long_only
0.059162026035207885,0.05292299089643683,long_only
0.09686280606853435,0.14981428590779372,long_only
0.06113377415453711,0.08334827820686702,long_only
0.12665497815116206,0.2502537759871792,long_only
0.11208423895681237,0.2104185621513749,long_only
0.0611743735365293,0.058057999227674545,long_only
0.08652775097607515,0.13607315747099052,long_only
0.06092518204986071,0.10977284589346237,long_only
0.0823547954303522,0.11481147435313581,long_only
0.08482114360325424,0.1339292811631657,long_only
0.09996049505273003,0.16850583178292583,long_only
0.052880640629980144,0.09293543084572048,long_only
0.0754980234916134,0.11679157056180701,long_only
0.07065871347518017,0.11994479717743774,long_only
0.10029880681397753,0.15935874985555704,long_only
0.09393239700042788,0.14140277564049714,long_only
0.08089422238433273,0.10294330384027121,long_only
0.07745385047294526,0.09273884111694893,long_only
0.0938245817134955,0.14205947241468478,long_only
0.07552687332507436,0.0911507623559104,long_only
0.06358794099170446,0.1087727786411488,long_only
0.07182478551555492,0.09554919624837277,long_only
0.07656352616571185,0.10459339996279098,long_only
0.05700893956114189,0.09887278007499341,long_only
0.062398955117068534,0.07378498195150952,long_only
0.08914123883779526,0.1306740472310732,long_only
0.06756351859885862,0.10018713013823007,long_only
0.0640300687265025,0.076905789964909,long_only
0.10900883775052769,0.1939329435732722,long_only
0.0963543116335591,0.15767884188284342,long_only
0.0755710131840318,0.12859194566228432,long_only
0.06970882917675858,0.10689102100272642,long_only
0.05324956987679784,0.08520334057425039,long_only
0.06694555023874721,0.09893521832370336,long_only
0.12401745689560906,0.24630104003018347,long_only
0.07309859980256546,0.11437467215952472,long_only
0.1211784534896377,0.2325836488534502,long_only
0.0990655749782449,0.15822880342809115,long_only
0.054202040168506736,0.08563474540814381,long_only
0.07589668100160801,0.08714741290342223,long_only
0.10416277119638241,0.1862608300394228,long_only
0.08998066587906221,0.15345351446554026,long_only
0.08308088843983628,0.11775252823495369,long_only
0.07365618535752419,0.0895729066339562,long_only
0.09091854715239546,0.14176427486543425,long_only
0.060606222217631026,0.07647235077517577,long_only
0.07116943638357431,0.07534084403936674,long_only
0.08842634021192394,0.12741283876270823,long_only
0.1040471141132253,0.18013243049502944,long_only
0.07591476739160864,0.12440111122746744,long_only
0.08400665055330282,0.11722096712483082,long_only
0.06362111699418913,0.08606626123377806,long_only
0.1255974644054453,0.2511666487729739,long_only
0.08601062772048387,0.13702028502559938,long_only
0.07167120878340599,0.08326464721976541,long_only
0.07747052734764354,0.09514087950648213,long_only
0.07554722320797057,0.11375491905661418,long_only
0.0812045039542264,0.11875441687328622,long_only
0.06642631892722509,0.09177995439776293,long_only
0.09254665071107411,0.14424483087653506,long_only
0.06156075150473701,0.07976650240001595,long_only
0.09235548345769995,0.1419138855666785,long_only
0.07355729593340507,0.13042104944744984,long_only
0.06353721962684615,0.10127855855715039,long_only
0.0636929464810572,0.07749707057758763,long_only
0.09841722009085205,0.17315525386867753,long_only
0.06411016961128935,0.06633720027941584,long_only
0.08975178040039923,0.13381220672767055,long_only
0.05046331555819809,0.052237251613062766,long_only
0.1071262187617459,0.18490670869042536,long_only
0.10192827962277684,0.17968589655802894,long_only
0.06629750654331862,0.09557194968509769,long_only
0.0929192071131646,0.15232876134989218,long_only
0.0664162053653487,0.10374579516067925,long_only
0.06525452998137976,0.09119365069204739,long_only
0.0862182548612482,0.12452587481457822,long_only
0.1136391465055483,0.22136259787837387,long_only
0.0732549750179724,0.09689221618426329,long_only
0.08705063293353912,0.12123397054205416,long_only
0.06903210417179535,0.07031442069319487,long_only
0.07463835328509831,0.09108274672903388,long_only
0.05465155428953423,0.08857905805069866,long_only
0.05081045776414748,0.08309776844652414,long_only
0.06134297568230717,0.10884507175917037,long_only
0.07418398408977978,0.09050789617039669,long_only
0.06504760221487291,0.0737423423478678,long_only
0.07505378619419209,0.08538410171241148,long_only
0.09636857111523586,0.17584926600989004,long_only
0.09146796809316758,0.14083901786778813,long_only
0.0878254816471776,0.13553282165354788,long_only
0.07843392194847523,0.1079571921542588,long_only
0.07273092801261453,0.08226370716017577,long_only
0.09587458102008488,0.15146365130981684,long_only
0.07633621986699413,0.09402909824334658,long_only
0.07625465978578,0.12559574844371524,long_only
0.09266841319506858,0.14210195759993371,long_only
0.0497276574099567,0.09424487926350214,long_only
0.09305633111492388,0.1502539957142195,long_only
0.08322593501061584,0.12544290614830217,long_only
0.08326367320102955,0.12448503402122164,long_only
0.11954038394849793,0.22471710188519012,long_only
0.06108763931570482,0.05487017920659366,long_only
0.10590264291331404,0.1818967772670867,long_only
0.09655291899968059,0.15276623647563525,long_only
0.09241822259473534,0.1359910353510625,long_only
0.0765645411453665,0.11999154887700131,long_only
0.07243843930444666,0.07951029344503113,long_only
0.06238005725197242,0.10569454744759353,long_only
0.052629874782041224,0.06987031181735091,long_only
0.07859350669960065,0.12944296224442045,long_only
0.05335444588503334,0.10412955880799991,long_only
0.07356735333394064,0.0978189614149737,long_only
0.058609396698135696,0.09831075489315556,long_only
0.0746936565088262,0.08320700193571715,long_only
0.054048389511273304,0.05106746352829703,long_only
0.07512158691639294,0.11430974720969643,long_only
0.05447445186744313,0.07387171666387994,long_only
0.09619493335727695,0.15481682124347163,long_only
0.06685386007461379,0.07117251390098778,long_only
0.07567274225670564,0.11748093235781513,long_only
0.08363345800968933,0.14275981324841144,long_only
0.0578151975165313,0.08255530514340435,long_only
0.1078012836392619,0.1877033738699844,long_only
0.044314083212812626,0.07812834344448778,long_only
0.07628150711956289,0.10425290660454178,long_only
0.05850445711619613,0.05553123058777413,long_only
0.09152472626242932,0.14587217930026092,long_only
0.09642353028320017,0.15430700010038745,long_only
0.07236308432248524,0.10259852198196556,long_only
0.08532207659165997,0.1533232045872475,long_only
0.06516065613212203,0.10753321531925897,long_only
0.07773181819017516,0.10955380653914289,long_only
0.0666202674955859,0.06944111565459025,long_only
0.05944190241836203,0.06985633971365442,long_only
0.0872556248762916,0.12372083321952106,long_only
0.08814519087597299,0.1392027916465362,long_only
0.0643259885793738,0.060692646860009636,long_only
0.07298437598662012,0.1004220197603478,long_only
0.06366488085341457,0.05996627797863863,long_only
0.13505929593592622,0.2824173325458725,long_only
0.07386807109737786,0.1207051861420017,long_only
0.05379772969132664,0.062074048439043995,long_only
0.060881117525723484,0.08901286418329951,long_only
0.059926510020380325,0.07217034482330177,long_only
0.06271910712073456,0.059599105474426504,long_only
0.07508364029785478,0.09926393333689514,long_only
0.0824297906591685,0.12540336766171165,long_only
0.06120699275381,0.05955350776242432,long_only
0.059901797986302685,0.05495895549500633,long_only
0.07809378256007118,0.10758131923981487,long_only
0.045499530505007574,0.09826885775888555,long_only
0.11867885563492458,0.22805589455371755,long_only
0.09671170563367554,0.157441500943804,long_only
0.07786770880490027,0.12232098168166163,long_only
0.07288994044101749,0.08653663024360664,long_only
0.10774784497788684,0.18177740765472478,long_only
0.08597379805997866,0.13546089019002575,long_only
0.09250105085542461,0.14607873206060776,long_only
0.06428484576566351,0.0899568417124199,long_only
0.08605767129407628,0.11787384703548598,long_only
0.09549026988482306,0.1494803102324044,long_only
0.06560802682319464,0.08649939371377,long_only
0.07686844421561288,0.12809302017432173,long_only
0.06266819086182052,0.058853564834416505,long_only
0.07801992701804547,0.12388618955258163,long_only
0.062016488213929695,0.08350950563051052,long_only
0.07907638917955626,0.1351576180090794,long_only
0.052599498478066276,0.09393827199368784,long_only
0.08438716752612008,0.11923881592666237,long_only
0.08970228120970296,0.14171101741454042,long_only
0.07029670084887435,0.10685506095633482,long_only
0.08653206316409479,0.13083786149096224,long_only
0.08065311718511667,0.13998968517439822,long_only
0.09364733773373597,0.1623139347600057,long_only
0.07966001137542587,0.15261029845665994,long_only
0.05172352735076359,0.04792543085960426,long_only
0.05785802522774762,0.055095670900176245,long_only
0.05499925667469964,0.09062870584005138,long_only
0.055090958276948196,0.06915660891272131,long_only
0.07761868688341375,0.10054507959265338,long_only
0.057620773829074726,0.07463711506258004,long_only
0.06781835778821202,0.11690685134356145,long_only
0.08051636475976788,0.10485615994251839,long_only
0.11417070257873511,0.22013615866912242,long_only
0.076164874665586,0.1294384994991846,long_only
0.11346408941726972,0.20593110550108137,long_only
0.07640670935830932,0.11808094267281491,long_only
0.06764676860693596,0.07164314596909299,long_only
0.06900023023943702,0.10027930597875906,long_only
0.09009259154278221,0.13462777575058385,long_only
0.06240700094294889,0.06671063456495208,long_only
0.07835232775912382,0.10834013665009751,long_only
0.06457336733214274,0.0846257392921858,long_only
0.07755839142514302,0.10624330098818219,long_only
0.08501133014713494,0.14177309237921812,long_only
0.05729166379616675,0.07687189092796558,long_only
0.07864527005732673,0.10028412466062266,long_only
0.05336954215761686,0.05908322025121539,long_only
0.053837734387725475,0.05327657606963521,long_only
0.06824362401480005,0.1036499038560518,long_only
0.08386295573405622,0.128021679239866,long_only
0.051254857379396286,0.04812466782629854,long_only
0.076411445350764,0.1274788799081052,long_only
0.07341930914017647,0.10945478753278813,long_only
0.11246648977901227,0.20098761111451,long_only
0.06382634336983546,0.10324691376597736,long_only
0.09713770088864697,0.1644484201798668,long_only
0.08350839072611893,0.12058702802946229,long_only
0.07972973496580293,0.133520273411469,long_only
0.06227269969561423,0.06719725949058511,long_only
0.08715426407472211,0.14343995090005066,long_only
0.06631193942753162,0.09010937410528394,long_only
0.08862084820606338,0.12958907502703923,long_only
0.05530564801342161,0.10650339216276582,long_only
0.0808542357263961,0.11637846625443234,long_only
0.05547483683475836,0.09679925792110383,long_only
0.05475735826211961,0.09757647425794215,long_only
0.05367465781153173,0.10045675438543278,long_only
0.06435141070705955,0.06929847776827525,long_only
0.08956003261775787,0.13493985990783725,long_only
0.06880560225670851,0.10951260395198231,long_only
0.10112662995760245,0.16877475253430516,long_only
0.084144282306544,0.11057414281961037,long_only
0.07714595811082003,0.10127969585580052,long_only
0.0772977820483088,0.12340009065397174,long_only
0.05965519187116238,0.07322837751004074,long_only
0.08546859562517635,0.1146406818182372,long_only
0.07823994095285876,0.09290622813891489,long_only
0.12134838262294727,0.2352901830821935,long_only
0.08846247482468136,0.1285975866401926,long_only
0.07482671421625539,0.10105932343820259,long_only
0.07889119701819074,0.09728762392408648,long_only
0.10255751138178891,0.1721469907030941,long_only
0.07887045547704594,0.11579866105891705,long_only
0.08638469704560575,0.13511096279579832,long_only
0.07071144099387625,0.09275455965298703,long_only
0.07645805570502011,0.11927557603799006,long_only
0.08955837826556984,0.13750308723931712,long_only
0.09445983311215975,0.1499526259724988,long_only
0.06835253441121489,0.07240265059453503,long_only
0.05906575602047579,0.07362969830221179,long_only
0.10219480818421837,0.16858367986160921,long_only
0.08848580517466359,0.12950643521915872,long_only
0.09449185565025028,0.144210198615086,long_only
0.09165037412400678,0.14143374806263578,long_only
0.09358605716361335,0.1479688448549198,long_only
0.08032116088489379,0.09978381102940737,long_only
0.07115208616241464,0.12144909384537465,long_only
0.08537174688390935,0.12790399976625988,long_only
0.06406072564234586,0.0793428012333306,long_only
0.06450862997516264,0.09120203412072768,long_only
0.0938027469119537,0.16059421312115932,long_only
0.06496466327147239,0.0935167535627018,long_only
0.07888253609196226,0.14202117264918754,long_only
0.0506690691071958,0.06774021441474048,long_only
0.06300072262371209,0.0632958608389217,long_only
0.07918639850758885,0.14289871958194114,long_only
0.08534433550567114,0.12800811949014168,long_only
0.10869945029197454,0.18805733751690706,long_only
0.09882679696220663,0.16763890686268176,long_only
0.08596262591482033,0.12877796050601126,long_only
0.06305294309290006,0.05820558380012329,long_only
0.1038212298199315,0.185929991889252,long_only
0.10190502479315028,0.17134009942642806,long_only
0.04651212579252524,0.0837409835406752,long_only
0.0877516358464259,0.12919664911338202,long_only
0.07844900784906685,0.1058121550144495,long_only
0.059617623089008295,0.05435160030175817,long_only
0.11581841653328553,0.21649059100943746,long_only
0.04998715470328802,0.07995597046261822,long_only
0.06702187973199988,0.07279980170316575,long_only
0.06400217091455672,0.09965093125972078,long_only
0.07567571591144684,0.09706569253823996,long_only
0.09380957038046045,0.14745919670400673,long_only
0.11267127038759096,0.20694656687356203,long_only
0.056500697835347044,0.08970609810988212,long_only
0.07560115143501167,0.13177173270441028,long_only
0.08195558811637718,0.11687370520381413,long_only
0.10645261688475721,0.18951107650922952,long_only
0.10409297105678425,0.19139262489003858,long_only
0.05025823722684848,0.08716257988940095,long_only
0.09120451262112292,0.1530482135586355,long_only
0.06260793185002639,0.07036607749367725,long_only
0.059624023735488835,0.060856993216723054,long_only
0.09773731222567526,0.1597586639912032,long_only
0.1082368913367863,0.18513462196202363,long_only
0.060182876380717926,0.06465520502793697,long_only
0.075658726197312,0.13033708715006473,long_only
0.06816711052900755,0.10566725569643276,long_only
0.09593103515748375,0.15502268405424166,long_only
0.06789396884383031,0.09890985150918073,long_only
0.10248756604121007,0.18732233281000663,long_only
0.08033094487546562,0.12041284792683164,long_only
0.06227993360476093,0.06082124550734688,long_only
0.06624176845040021,0.07249684682108352,long_only
0.07959083596439143,0.10033619054948469,long_only
0.1056930670250801,0.1829781973604578,long_only
0.07970983508911081,0.11737477272807031,long_only
0.054585836726389315,0.10305807346253391,long_only
0.07425722468268645,0.1217566582241376,long_only
0.081171412062624,0.12609162418668965,long_only
0.07707735115853766,0.13887251831069275,long_only
0.06211386030076553,0.07830759493730458,long_only
0.10831198944937234,0.19497794516341466,long_only
0.10511335611214448,0.1819560257468759,long_only
0.08227975722674559,0.14488639407099094,long_only
0.05582276393245031,0.05490853625346138,long_only
0.07589843395668898,0.09205475855240952,long_only
0.07836372605096699,0.09579728939992291,long_only
0.08018999369848834,0.13310298938103807,long_only
0.1051906317858242,0.1936806271557092,long_only
0.08457576182878289,0.11956994307978328,long_only
0.11172634137976575,0.2157976334703761,long_only
0.07741233458452138,0.09685807804689553,long_only
0.05222739649172611,0.052097225010099,long_only
0.05696343891423767,0.08723250700369486,long_only
0.06087647486767664,0.08771185598166667,long_only
0.12027595953793484,0.2292039429451731,long_only
0.054225775716181014,0.08494346122622821,long_only
0.08023069436116922,0.10487657880557263,long_only
0.0840674327487742,0.12143640790397026,long_only
0.07892799362351434,0.11725253438817292,long_only
0.10349097830449186,0.17773868482981933,long_only
0.07548607395696508,0.1187086619009775,long_only
0.10471492115844336,0.17879104384878372,long_only
0.07235819897908337,0.08902706730675634,long_only
0.10982569885861174,0.20098971635953874,long_only
0.07474098448068811,0.09339156946277942,long_only
0.10996528216085777,0.19006403920372505,long_only
0.07342894773837942,0.12566238568942134,long_only
0.04991349063954241,0.09076406331596638,long_only
0.09221609003164281,0.134163837613266,long_only
0.042848519424734624,0.10853726638014581,long_only
0.10095901402827993,0.17817535559874856,long_only
0.0794890590800368,0.11079634269332592,long_only
0.07526964237974498,0.09901509207033861,long_only
0.09839806172947875,0.1667990492118033,long_only
0.053379210026277726,0.08942076310853801,long_only
0.050947771625417394,0.04768185972498635,long_only
0.08830147322807094,0.12636339125328058,long_only
0.07686389064829874,0.12714001033995093,long_only
0.0651469502995377,0.08257587635946237,long_only
0.0594302314620851,0.07410589555413809,long_only
0.07242520400052485,0.09047215650749309,long_only
0.0840735281286971,0.11744067559942295,long_only
0.07364135681775362,0.10264460100601927,long_only
0.08370151394829958,0.11975060632264445,long_only
0.051879559070294276,0.07670860986849233,long_only
0.07533293847485527,0.11239753727832098,long_only
0.07383480290797441,0.08880478524850653,long_only
0.0691035480118086,0.08509127356411662,long_only
0.06497422568419084,0.08611088903323057,long_only
0.06872499198378934,0.06899244040951631,long_only
0.06566400842199449,0.07917893052715051,long_only
0.06706617335311496,0.0796886020388651,long_only
0.09400818382177871,0.1496017132800169,long_only
0.055734435869320365,0.05596492057447048,long_only
0.07499907600972142,0.09019421284985042,long_only
0.08083104322247851,0.12320131372268014,long_only
0.05682837106877527,0.05050507652594443,long_only
0.06488803385749183,0.09663637928388497,long_only
0.08463762579063906,0.1314887254442125,long_only
0.06047435595148081,0.06491288982079357,long_only
0.10671918509187188,0.1798440815533691,long_only
0.06549839601908758,0.08445943044042123,long_only
0.05077057793959646,0.08101011348029437,long_only
0.06495354621958842,0.10149769297815626,long_only
0.08502121251466414,0.1284335261090851,long_only
0.07130722588117908,0.10214315515492461,long_only
0.08571777506083074,0.12980818920084689,long_only
0.07308918581219473,0.12269637260225022,long_only
0.1107778136980559,0.19273589281048423,long_only
0.0859892207482542,0.13440362491317004,long_only
0.07082824675289277,0.07764091544151845,long_only
0.048133535956240356,0.050918532899275774,long_only
0.06958811386534716,0.1121258159772838,long_only
0.05704139786654194,0.09631097448380854,long_only
0.07104859616874859,0.11440486735659591,long_only
0.09424538593870962,0.1477748291006289,long_only
0.07795960105170988,0.1136646573880431,long_only
0.06092186063642828,0.08152795467167412,long_only
0.08836639720050624,0.1398703994017518,long_only
0.05397956296442083,0.09909207297836606,long_only
0.11476972332203997,0.20641537227573298,long_only
0.07720995224205722,0.09129078904026054,long_only
0.05434044029021661,0.05143276932803613,long_only
0.05003526536860669,0.050703923539659496,long_only
0.08987557956049273,0.13697144560226024,long_only
0.05570593195179109,0.053117021942194156,long_only
0.0736869176276605,0.09032440140314761,long_only
0.0576619620191372,0.07733118703002567,long_only
0.049527243036086376,0.049011525054050833,long_only
0.09457139382565662,0.14987982858083637,long_only
0.09921199385311961,0.15822312733064897,long_only
0.056441602762423534,0.05466478989614802,long_only
0.07126985454395447,0.10585551562689344,long_only
0.078685535103181,0.12393915389573198,long_only
0.09616366869167767,0.15578376743334899,long_only
0.08339265595752217,0.11779944787569765,long_only
0.08012624320252677,0.1406701203150899,long_only
0.11737377372511006,0.22324350510079094,long_only
0.08053120294128933,0.1277013807965349,long_only
0.06676535859402957,0.07612473525423177,long_only
0.06286083973421133,0.08000699182962327,long_only
0.08188851336832734,0.11145765777338074,long_only
0.09775438413787235,0.16658024549361825,long_only
0.09137493419724635,0.13619009156297882,long_only
0.09076694568942868,0.1342800490767909,long_only
0.07426958705638048,0.09207111014310179,long_only
0.07552788264864695,0.12942915047161183,long_only
0.07305006851612326,0.1122785471549555,long_only
0.0654320343365791,0.10172051274237026,long_only
0.07660442302099274,0.1367900045367271,long_only
0.05905195915558266,0.07686655428824767,long_only
0.09731230578773604,0.15279616650812478,long_only
0.08514832816841425,0.12224790048178456,long_only
0.06577831634649028,0.06899065298559422,long_only
0.06487059799280334,0.10948264021162192,long_only
0.08201447697539441,0.1173844980399631,long_only
0.08629570888704963,0.1341951150951647,long_only
0.04893953072228161,0.08262661540777494,long_only
0.06202591876893242,0.057561290321266355,long_only
0.09732252254406851,0.1634834940992279,long_only
0.04964605197224532,0.09373297247440998,long_only
0.0763266631960766,0.10625489316694864,long_only
0.09378924890900171,0.14740911326230227,long_only
0.08818955496399866,0.13259331039380282,long_only
0.07315058960865273,0.10230333884277296,long_only
0.06880692029013574,0.09415030019118632,long_only
0.0610510905615555,0.06417659294165266,long_only
0.07401616018433865,0.1180639792982981,long_only
0.06296401173384746,0.10448353528191023,long_only
0.048440015771680965,0.08384123935344638,long_only
0.10525435728436357,0.17759652288283415,long_only
0.09706357442463048,0.16699307655915274,long_only
0.10047925776647865,0.17749516643883084,long_only
0.07709559408765554,0.12168440168070584,long_only
0.07604626708027126,0.11479418992184566,long_only
0.05839116407732167,0.08860697447582043,long_only
0.07622815389264703,0.09611263994148203,long_only
0.07052811609624719,0.11051177070614641,long_only
0.05615702915022998,0.09820136899560018,long_only
0.05522943044298571,0.09445311574293297,long_only
0.0593318495842326,0.053254746138165124,long_only
0.0765699212305074,0.09819449026777372,long_only
0.07295902764775128,0.08080134561610551,long_only
0.06558129530027967,0.11073938139015517,long_only
0.06606848801219461,0.06900516113736031,long_only
0.07800017694951773,0.11328932637032693,long_only
0.07736439484622204,0.11587628776206683,long_only
0.07464738880859716,0.11024894750606502,long_only
0.05716071792339172,0.08267999074403892,long_only
0.07408709987459855,0.0900003039498533,long_only
0.07816482351098093,0.09482297954455411,long_only
0.07487180991495618,0.13751122763869908,long_only
0.08329244689975349,0.14606886842987213,long_only
0.09230070931582582,0.13312660445537225,long_only
0.11340857792002547,0.20411310443095276,long_only
0.06513217299834609,0.10365290234391505,long_only
0.07613182450780626,0.09810968503990687,long_only
0.07342935787276006,0.11340547446919853,long_only
0.0802884380328274,0.10149563935333965,long_only
0.06624446964306344,0.08913159871052022,long_only
0.08498606118658474,0.13431359294874542,long_only
0.06769891562859451,0.1056447325780199,long_only
0.07257597204325636,0.07925818337701887,long_only
0.05881202085264811,0.08477971670297497,long_only
0.07570481665527828,0.10620616943136517,long_only
0.056406978774704616,0.06470382146652957,long_only
0.0723371192931295,0.09071297433751328,long_only
0.060979964886958504,0.0676218117649347,long_only
0.06894587287610407,0.08763518417309775,long_only
0.07273975621925206,0.07896380147126911,long_only
0.05422180345639017,0.08961580417668005,long_only
0.08353302311185966,0.1303652600267913,long_only
0.1028597922533419,0.1883653770877344,long_only
0.08417095769396196,0.11462040520419305,long_only
0.0532377846471914,0.052913805220309355,long_only
0.06692566319373183,0.09006859139778506,long_only
0.10048520035336989,0.15939820174103064,long_only
0.08332975459450873,0.10971271085919941,long_only
0.06984753227113687,0.09129826205705245,long_only
0.0742291542466817,0.09312590782013781,long_only
0.06715853113682227,0.11297890052535048,long_only
0.07855907314077637,0.11038338142875348,long_only
0.0879280724768192,0.12788624424743414,long_only
0.07143296653474512,0.11174577589504572,long_only
0.052715101771826076,0.04955515425830082,long_only
0.06316517383252396,0.08941815007270326,long_only
0.10090877583963005,0.161183512956793,long_only
0.09026335530361422,0.1479784400070083,long_only
0.08382773839193242,0.11383020329215965,long_only
0.08207567845735532,0.10465992197325166,long_only
0.07688889706968498,0.10457085424964994,long_only
0.08568657255553729,0.13759671116463457,long_only
0.07076470372832314,0.07641318862818516,long_only
0.07297490594402689,0.1145173370557575,long_only
0.08034509177018319,0.11362210352074714,long_only
0.10545781590646347,0.19422520972807827,long_only
0.0630393430320264,0.09463086071695946,long_only
0.05820734717523911,0.05119113492207374,long_only
0.07588747741076113,0.0953147808080596,long_only
0.05942339106201297,0.08290008085567223,long_only
0.06716430073282481,0.11691678626849422,long_only
0.07210739561538054,0.10035192856364465,long_only
0.07862444978612554,0.10010168972303797,long_only
0.07680460017495251,0.09096326209042535,long_only
0.08931057333106078,0.14764355885662991,long_only
0.08611423279732006,0.1418133528939468,long_only
0.08743045496038294,0.1360740725834446,long_only
0.06899004127879882,0.08192581324074029,long_only
0.0862245880459501,0.12347235177143417,long_only
0.06667644401883885,0.07593242781651612,long_only
0.05035624700863316,0.04931977224009323,long_only
0.048958389737956645,0.07569244948001477,long_only
0.09035632608549202,0.13274263340965212,long_only
0.0749150264678274,0.10583073781171219,long_only
0.07073434004377294,0.12711197706147473,long_only
0.0633039787875135,0.07091043433496724,long_only
0.06949294381462484,0.09780621517647935,long_only
0.0743334211361049,0.11524445969133515,long_only
0.09356077542609942,0.14379601788496377,long_only
0.0708576659316023,0.0799299070381528,long_only
0.067225410154231,0.09483877385346855,long_only
0.08966681257136436,0.1373854984922457,long_only
0.08861817967782101,0.1358415177033623,long_only
0.0749531572214617,0.0953145430334162,long_only
0.08711853542320322,0.13326290291551865,long_only
0.07671007361462966,0.14084993802482168,long_only
0.0741176377814905,0.09525716111323233,long_only
0.07351818446985439,0.08113804823923049,long_only
0.08541817742022176,0.1268372524315557,long_only
0.04921802177135157,0.10539739466791295,long_only
0.08376168476312132,0.11597914681365641,long_only
0.10248177016736353,0.17181270048492758,long_only
0.06592965132772152,0.09690560130750511,long_only
0.04821092458421517,0.05703003976842228,long_only
0.07945619735588733,0.11914834820759915,long_only
0.06134838412730652,0.07991993814153661,long_only
0.06047227944866592,0.09771671685347028,long_only
0.0805739010916068,0.10550853560208373,long_only
0.08172146018235256,0.10968581531477396,long_only
0.08409999390231175,0.13435309506951157,long_only
0.08841961321629234,0.13638039720942063,long_only
0.09467538575981319,0.1636720977391563,long_only
0.08104954643279869,0.1038409826325954,long_only
0.11194141265861954,0.20964204664126734,long_only
0.09818411072028548,0.16138130011002277,long_only
0.06009115474888179,0.06659966399764444,long_only
0.06884066775497258,0.10803437060109966,long_only
0.07098591276995363,0.08947371627444671,long_only
0.08163896657400735,0.13090044837557555,long_only
0.0647380794726197,0.06506418911230206,long_only
0.09348191652803595,0.1665567864632302,long_only
0.06398816274969044,0.06362168522288673,long_only
0.06924604843373776,0.10723146256444706,long_only
0.04945004691341096,0.10161458757248795,long_only
0.11086115033874946,0.20826951267535174,long_only
0.07002374420202417,0.08530280420905106,long_only
0.07959894642269869,0.11678476509226218,long_only
0.08000402651434675,0.11003268148898376,long_only
0.08165644765292104,0.12317193596452,long_only
0.11837672080477304,0.22908538505566997,long_only
0.05533760287039618,0.05358344367395059,long_only
0.04555513831939996,0.10565843166310498,long_only
0.078321102798337,0.12321683781162955,long_only
0.07117280338484944,0.08969069858253229,long_only
0.09295511730978756,0.15989111866132732,long_only
0.07261569514250821,0.08015386930291964,long_only
0.04616166995543119,0.09236155949880193,long_only
0.11468075224245458,0.20967604746016782,long_only
0.06897683369065657,0.07455094947913463,long_only
0.07784764159136395,0.13125625990536086,long_only
0.07754383595418607,0.09881934706348366,long_only
0.08911648463833613,0.13355147715837856,long_only
0.10688604665530314,0.19297901951294139,long_only
0.05866979343779122,0.06648437350854021,long_only
0.07733690795235855,0.09400562434941122,long_only
0.06013858931401882,0.07440125585462941,long_only
0.06777763883147037,0.06877640779857326,long_only
0.05549945581143891,0.08308073338391848,long_only
0.06524237726546968,0.0742250150618994,long_only
0.07915661956877466,0.11915010509117892,long_only
0.07323662682256693,0.08135525041279969,long_only
0.05288882720230471,0.05014627921200921,long_only
0.08668372404921305,0.12483183634031568,long_only
0.08356263338820927,0.12874089223870022,long_only
0.0980479543099671,0.15284772827622317,long_only
0.07967379524626755,0.10232824634606623,long_only
0.05014096107409247,0.05208208654413455,long_only
0.06367242121614144,0.09871849487778,long_only
0.10130294338677437,0.16197922423058497,long_only
0.08669436673582213,0.14688402502151313,long_only
0.07250655003634454,0.09582026136743003,long_only
0.062288916517392164,0.06514415322321446,long_only
0.08073814690743705,0.10268225523510155,long_only
0.05816307610894961,0.05242567091958733,long_only
0.05774583754547611,0.05464530642565174,long_only
0.057079442981447306,0.07946329309727021,long_only
0.07731876679147001,0.09394871497036586,long_only
0.07649566311043307,0.08845143157911753,long_only
0.07888679962914881,0.11525294488681338,long_only
0.07688486561295729,0.09963705132757404,long_only
0.07126135782424631,0.08833831676024337,long_only
0.07763255748396812,0.09660537919740138,long_only
0.07350632169957559,0.09048428955380843,long_only
0.09865458266425847,0.1627596419741198,long_only
0.06458263712625908,0.06177852180746331,long_only
0.073447364249805,0.0842333448143399,long_only
0.09349240813870957,0.14766944881600377,long_only
0.08070000826218061,0.14136315789246232,long_only
0.12249347181039567,0.2429882211439411,long_only
0.08165792094758137,0.12170662094980562,long_only
0.06541491022809456,0.062432441965159416,long_only
0.0768655288897182,0.1175740658546265,long_only
0.05904521757953078,0.06182720670766706,long_only
0.09869030925438506,0.1600183157799193,long_only
0.0817565213885592,0.1562592300914118,long_only
0.06111882019131551,0.05556242807866787,long_only
0.06604274604576843,0.06434023979206967,long_only
0.060429353989205514,0.07207076872404554,long_only
0.07127633566083028,0.10696601468864705,long_only
0.07090693984073312,0.11577076594132327,long_only
0.10354554311865395,0.17595443543451916,long_only
0.0884940852338934,0.1400864031015252,long_only
0.11010132420959866,0.19517636247247094,long_only
0.08027294203778589,0.10253019361042189,long_only
0.09317918956783983,0.15221031818109515,long_only
0.06431849803827815,0.08958249278562101,long_only
0.06774491562490378,0.07509463611892073,long_only
0.0831501899677356,0.13341344173814135,long_only
0.09507004418282802,0.1568616030516461,long_only
0.0815229639204003,0.12599002879302149,long_only
0.0653362912280938,0.10616675003133681,long_only
0.05062005276117121,0.047717747119261265,long_only
0.05492096929928117,0.08206792954863883,long_only
0.12075907389597423,0.23345624627785547,long_only
0.0742313553124829,0.09848045213959876,long_only
0.08010536742218383,0.10115666680128363,long_only
0.11160393911248392,0.20898747539873225,long_only
0.04605623935683671,0.09767924266031318,long_only
0.08965431477454971,0.1270365021935174,long_only
0.06941677987448402,0.0773148067248725,long_only
0.09964122119259561,0.17170572729912734,long_only
0.09838098195760107,0.16176215665600707,long_only
0.0694254036310525,0.0714135846279968,long_only
0.062059444578590126,0.08081631561467613,long_only
0.08399441884408565,0.14755142202758945,long_only
0.09397100494929117,0.15083668353176588,long_only
0.0577189776968617,0.06999647005625369,long_only
0.08995466352189524,0.13167679108965055,long_only
0.08097402311411377,0.10517944194366063,long_only
0.08537055597341593,0.13856405851468598,long_only
0.06395145565194493,0.06393079135028591,long_only
0.06762265912065966,0.09172773290691869,long_only
0.10081058613042988,0.16477659703670255,long_only
0.08505056447073844,0.14111301859843092,long_only
0.08706750064586026,0.14236221443336888,long_only
0.049721188907424635,0.07697557997065835,long_only
0.08630969654228525,0.12933947065896045,long_only
0.08130356773226377,0.10586016660662677,long_only
0.07840832958885481,0.11305370703179606,long_only
0.0636095172894585,0.0802917529929073,long_only
0.06370386162580643,0.09095442085952862,long_only
0.08569152268692651,0.13103961847427734,long_only
0.07524966442961836,0.0907795027658163,long_only
0.11721298245761584,0.2266712993721977,long_only
0.0596118060446527,0.05508925200135887,long_only
0.0553093356706292,0.06831505270904645,long_only
0.08357556917344472,0.1199381679811841,long_only
0.10453527759051523,0.17359220641278786,long_only
0.06941049681316028,0.12157123576432885,long_only
0.062448817739150474,0.06440374189913332,long_only
0.08415971570031679,0.1272582420786537,long_only
0.06778106291317257,0.08616680209770829,long_only
0.05897201133931172,0.08891555130085463,long_only
0.06843052565170613,0.10808526405000984,long_only
0.07635157683847046,0.12481969296073996,long_only
0.0752638680473049,0.10458491497506314,long_only
0.06995016524746175,0.10265222259470368,long_only
0.08524794768790848,0.11999078578478789,long_only
0.07998273173095517,0.12593032902109272,long_only
0.07627604834681553,0.09028966001268579,long_only
0.1192838733904521,0.22813069535889285,long_only
0.044791521554789396,0.09145887184253422,long_only
0.04598657450688029,0.0821253247176901,long_only
0.08755760445859682,0.14418403427920587,long_only
0.09751685753929802,0.1560740354190388,long_only
0.04385640392782564,0.08483030881629626,long_only
0.0861094284405921,0.12694179880049739,long_only
0.06882749392271356,0.0935800867027857,long_only
0.05476979585429875,0.05413799048984291,long_only
0.06781287984818271,0.08820200443495267,long_only
0.0728168865784841,0.11195195902315948,long_only
0.06738296542194756,0.07253838290925968,long_only
0.09688358619838516,0.17336899356310745,long_only
0.07699114561414297,0.09329094638419223,long_only
0.06328334072083575,0.08712727256313799,long_only
0.07833381730262931,0.1148071133559007,long_only
0.0723833670980993,0.07867349475403619,long_only
0.06678497444270215,0.10625972458588354,long_only
0.047326311853334566,0.09308592436192804,long_only
0.08859741129328161,0.1269276154224461,long_only
0.09418974383749365,0.1588982173549358,long_only
0.09318007156453256,0.1441752760208801,long_only
0.07218125783601034,0.11897976715203853,long_only
0.09544660359221845,0.14756331401417688,long_only
0.06957479889367735,0.09062897331725567,long_only
0.05786620567919915,0.054903271772252175,long_only
0.08001667755166372,0.11738993479683145,long_only
0.051772381411998455,0.08393125978571603,long_only
0.06900869597427878,0.07726229814617543,long_only
0.08753156095325726,0.14973926891129224,long_only
0.08897298905157534,0.1435463824086016,long_only
0.09213219691690958,0.14075514033604442,long_only
0.11406792516326668,0.21981126683962487,long_only
0.07784661098519835,0.10376205529103057,long_only
0.059779746214054796,0.08351357548477564,long_only
0.08567559896073412,0.12122122912635169,long_only
0.08116632155342984,0.13312730368002393,long_only
0.052970872484758666,0.05718017419217636,long_only
0.08149874387260224,0.1202197246816593,long_only
0.08031669735702485,0.09976821518679581,long_only
0.08299193546919523,0.12283776348670382,long_only
0.09491678368557037,0.14416390263973616,long_only
0.059434109769387344,0.08900193782955322,long_only
0.0739801665604013,0.10221914580582231,long_only
0.09234734378856986,0.14573353124015415,long_only
0.05175011390165714,0.06091439311817867,long_only
0.07747943366473956,0.1258511650405361,long_only
0.08598800559828186,0.1346510657558183,long_only
0.07026454795748605,0.10052107324800356,long_only
0.08125007792227021,0.14545287535952395,long_only
0.1041844908030853,0.17067734851815505,long_only
0.08936319347245517,0.13657547408660412,long_only
0.09142846667333562,0.13336623823606278,long_only
0.08482843641368723,0.1401457323124445,long_only
0.05575490370866426,0.056727505065555,long_only
0.06318120977443349,0.060606220438933794,long_only
0.0701887531044781,0.09166989143396016,long_only
0.07063607585122364,0.12412067816548149,long_only
0.0781454500116028,0.11677853844670527,long_only
0.07466867143339184,0.10261337749092878,long_only
0.07437281135846825,0.12478221581116875,long_only
0.053904480641418236,0.09144083413413646,long_only
0.0919858360952203,0.13988431408845436,long_only
0.08424959833787714,0.13305127004824863,long_only
0.08923545056616272,0.14027916861903902,long_only
0.061919579579116014,0.05593701498793747,long_only
0.0583333707818622,0.05620051281206848,long_only
0.10048546477618377,0.1655763244731566,long_only
0.08127377439810057,0.12750326137192397,long_only
0.05884931430070578,0.05540697552569885,long_only
0.08925555619770247,0.14734762748198063,long_only
0.05689794630014498,0.06146522998400746,long_only
0.08557595299681608,0.1497606959598119,long_only
0.07624223204684803,0.1125471289430506,long_only
0.06453166515750357,0.09876703907518347,long_only
0.08930147804379474,0.13437628257702203,long_only
0.10356932452819978,0.17384825548465327,long_only
0.0689429396873212,0.06957239335348764,long_only
0.05082663624299595,0.05470482049961626,long_only
0.08045177794825717,0.12354533840396102,long_only
0.07790584824850584,0.12221263834908412,long_only
0.11819085612590918,0.22801652269992276,long_only
0.11922710400166098,0.22403286618679222,long_only
0.06575673990276378,0.07219928642686786,long_only
0.07285476080224053,0.11547564432114538,long_only
0.05188078894195378,0.08282001541085682,long_only
0.06588627225274574,0.11431098750254713,long_only
0.0894115404679319,0.13191129368003637,long_only
0.09106537589630462,0.13183528347637755,long_only
0.058792228489618736,0.09577224356642733,long_only
0.11500600424279332,0.22275320567338436,long_only
0.0690590092397306,0.07964282711703631,long_only
0.09519925043689793,0.1450582774294956,long_only
0.09181806796020833,0.13884289256059507,long_only
0.05755841740451325,0.10010632217441034,long_only
0.11984185127037762,0.23376598205528398,long_only
0.07656728135305246,0.1197494309558872,long_only
0.07406101811849078,0.1148256071696436,long_only
0.05685323981218374,0.050733336972778625,long_only
0.07959091055004855,0.13273223072811477,long_only
0.10348941396596004,0.1711811377070574,long_only
0.07249067897676245,0.08382512088172739,long_only
0.05325057699676159,0.10576166836678233,long_only
0.07749589304988146,0.10000934541314806,long_only
0.0995692846705835,0.17740609445256522,long_only
0.09765452909666358,0.16935320264281722,long_only
0.10692833178722834,0.18633271247093938,long_only
0.07552804755988932,0.10894698331161125,long_only
0.09588917667420013,0.1645574777411884,long_only
0.07401920473968643,0.08363907129831978,long_only
0.054747972694563635,0.06228879021383194,long_only
0.07435090582153588,0.09381196296967181,long_only
0.08676184025856921,0.12612614689681845,long_only
0.07946021581935866,0.10555632779090836,long_only
0.07820074759856671,0.09678794443284612,long_only
0.09335214463022681,0.14070193269538922,long_only
0.06733716363415548,0.08190346130853302,long_only
0.05672151608800852,0.07786561795901799,long_only
0.07390451110108803,0.08946915386737814,long_only
0.10253171882778142,0.1779214888267306,long_only
0.05701967745792928,0.08269064130313118,long_only
0.0753974347147929,0.09335775690088925,long_only
0.08482436197404976,0.12306875365100763,long_only
0.07688067304446992,0.13738904228958282,long_only
0.08496449955444754,0.12397110468409289,long_only
0.11236561385675814,0.2031850691809153,long_only
0.04725562400616513,0.10214110882828459,long_only
0.08585541616897978,0.13770565172634122,long_only
0.07364639202274373,0.10546415521786535,long_only
0.09023614323428351,0.15127066713980641,long_only
0.057532595381018986,0.06198050404350158,long_only
0.05203603129921806,0.054915392828547384,long_only
0.058801112467237855,0.10169897199423981,long_only
0.07539954717009306,0.09953607413442705,long_only
0.07950170402825243,0.09837308866524272,long_only
0.08025572399727356,0.09839946789867066,long_only
0.09748886041262415,0.15085914024213648,long_only
0.07220173316409462,0.0937913458031034,long_only
0.055148687178020725,0.09303491037348174,long_only
0.0794658992976846,0.103516114444594,long_only
0.11363097293844247,0.21120537160044167,long_only
0.062368439159022855,0.07618021415031638,long_only
0.08009414680668145,0.09877243096886626,long_only
0.06764364331974508,0.09666904725895475,long_only
0.058837467841705036,0.08974573719619498,long_only
0.08930503344160155,0.12904035703898004,long_only
0.058829150378266575,0.055253739716517966,long_only
0.0741742739037256,0.11493496867656959,long_only
0.07786550606576786,0.11972853774689915,long_only
0.09722034477982047,0.15377543431791388,long_only
0.09391559093776454,0.15063987720300945,long_only
0.07450652430498604,0.09334299836106381,long_only
0.09685869845833286,0.1566871126064746,long_only
0.052610627726173295,0.054273327028969955,long_only
0.07274377191910043,0.09674024383182421,long_only
0.11458868278368038,0.21813072104025627,long_only
0.06457340973436554,0.07726047193450349,long_only
0.05747054399283452,0.06175240813923098,long_only
0.05894917258592242,0.08011520248450993,long_only
0.08652054878938106,0.13734762152966234,long_only
0.06374845939917784,0.0726226877100839,long_only
0.0611168587306152,0.09602984502581041,long_only
0.07614467202220081,0.11403599159102339,long_only
0.06225964883985469,0.11322397490550339,long_only
0.11121551338371516,0.21560145534537287,long_only
0.10574063361485878,0.1960817603209565,long_only
0.08297798234670486,0.12522123366951063,long_only
0.07053598206729908,0.11685704067819813,long_only
0.0689364561134437,0.09030841025617878,long_only
0.061086453419028915,0.07434040728425342,long_only
0.07249081540197826,0.08013758496254075,long_only
0.06991922465623274,0.08374816341577788,long_only
0.06240228818770196,0.05732430632331358,long_only
0.06671224722087829,0.06865126884044159,long_only
0.10629452868662013,0.18088439282107863,long_only
0.060325254275040034,0.09031266559013484,long_only
0.10492875745605192,0.18033581085013065,long_only
0.06294207415206197,0.059780849579144285,long_only
0.10932748551660644,0.19300946324821378,long_only
0.058143771407750754,0.05983888578362141,long_only
0.0533413689773356,0.07260647590852917,long_only
0.0736358446799466,0.1103110046054904,long_only
0.09215591540376537,0.1418757883580381,long_only
0.06540732777999476,0.0813441370054756,long_only
0.053306973041114744,0.06357265630692424,long_only
0.10272940761765689,0.18714557577132906,long_only
0.07420941180830429,0.09042835428024974,long_only
0.07565744039586168,0.09195239114762294,long_only
0.054968686425363414,0.11179810742312837,long_only
0.06416838427388454,0.06776406687552806,long_only
0.07196885738055314,0.08154009208224122,long_only
0.1123629583684428,0.19686930941884065,long_only
0.06931887568718623,0.10827288541015805,long_only
0.06302117732593138,0.060970886592706684,long_only
0.09034592320274293,0.14534026424528831,long_only
0.0783845705371103,0.09759267473439119,long_only
0.09251162952299664,0.15670996553759836,long_only
0.06079421885489013,0.10285777198069307,long_only
0.07322462290155105,0.1039982563738613,long_only
0.10087642736172199,0.17748927094081854,long_only
0.06968876754278876,0.0804517682377991,long_only
0.12604966400929793,0.2518970151421342,long_only
0.07254369745457978,0.09284144390948128,long_only
0.10114792033659542,0.17086590550116248,long_only
0.09797699830320328,0.1616353366981636,long_only
0.057937314197527984,0.09125900047403504,long_only
0.10524747900099932,0.17884669768665706,long_only
0.10206965652069852,0.1734681919969769,long_only
0.068196657704887,0.11185707475718407,long_only
0.08053340837864921,0.11954740270556373,long_only
0.07483186625796244,0.09970986763276281,long_only
0.06895690102610144,0.10892287838109227,long_only
0.07439619762212082,0.09994777469304944,long_only
0.07694421868557486,0.11854411074849493,long_only
0.07411649529294134,0.08958253570797702,long_only
0.08124749356387975,0.12098948215048894,long_only
0.07114005619054005,0.08092649464770191,long_only
0.055584323305357175,0.08763584656876494,long_only
0.05785431805854504,0.062405043491628544,long_only
0.09165476522774213,0.13660388263851306,long_only
0.10345096605850006,0.18202271130572598,long_only
0.07688685627187002,0.12391434777746367,long_only
0.08844422152665646,0.12320974552584806,long_only
0.10621832787398358,0.18307495377183258,long_only
0.07764826856887509,0.09228006695357155,long_only
0.06820582651791701,0.0751041232263889,long_only
0.06468763725852328,0.08413117365512712,long_only
0.08856354960033322,0.13284307605584408,long_only
0.07447852635947198,0.1169564737332645,long_only
0.09209511525868672,0.1404185583753359,long_only
0.05371895295431431,0.09374978825371744,long_only
0.09511902046920617,0.16527379779690768,long_only
0.07879457231146349,0.10186802593762058,long_only
0.09828433555431362,0.15427132425001502,long_only
0.07796702001305983,0.13405997535969308,long_only
0.06762955808482812,0.11277320268070158,long_only
0.11091970251626508,0.19697448156135927,long_only
0.07971395419106678,0.10101059293201342,long_only
0.09047937472010872,0.13429998570609003,long_only
0.07269448617092567,0.1037525785201631,long_only
0.07113280028584976,0.07704504509369971,long_only
0.0461108564971233,0.0976548045182106,long_only
0.08879036960301846,0.13564062872899457,long_only
0.08096729664488103,0.12338142574120989,long_only
0.057572305739462135,0.10229441566764802,long_only
0.11355561965553745,0.21509398440436373,long_only
0.08618897641770938,0.1464081358657664,long_only
0.0864338299415604,0.11960243084912722,long_only
0.05511749997706827,0.10620346391728626,long_only
0.07626332649212005,0.12456554804232481,long_only
0.10372862145883063,0.18303879923127941,long_only
0.07269717147992474,0.12100015603087147,long_only
0.07315824554788519,0.07991106444322779,long_only
0.08250417990027263,0.12095610144716051,long_only
0.06388163883487258,0.11595249021323568,long_only
0.05553072786183222,0.04986159360391782,long_only
0.07654746044588549,0.08979219835290386,long_only
0.07287150320600756,0.11483557460237172,long_only
0.07206942880307383,0.08852264147162517,long_only
0.0527138108020061,0.06231576859503142,long_only
0.07175094266414328,0.09709173436659772,long_only
0.09038849304179286,0.14019303635495212,long_only
0.06004633468203985,0.0894463480532186,long_only
0.06946679615947426,0.1023138056755184,long_only
0.05694695510719099,0.052483051410600064,long_only
0.1178678197517683,0.22762800994004467,long_only
0.05355451058058884,0.07145011413576202,long_only
0.0776648983468011,0.09325645918135529,long_only
0.07272136761500511,0.08308390969582623,long_only
0.07042670584282204,0.08243454442290093,long_only
0.07925349635364008,0.12672446303210005,long_only
0.08731909762958884,0.15019129478444104,long_only
0.06981739438058301,0.07163060711809212,long_only
0.04996551556227171,0.05676890637692697,long_only
0.11906950958471459,0.22748737637815694,long_only
0.06939864509008033,0.08237995394644386,long_only
0.05928498509040752,0.056302333955891314,long_only
0.08203261282560997,0.11099954991804958,long_only
0.06675275156379609,0.08184862601873734,long_only
0.07982958322325258,0.10013470120320374,long_only
0.07037514768718739,0.07782622007141902,long_only
0.06711610437525745,0.09790209992005765,long_only
0.06750606876982766,0.08789435987295327,long_only
0.08495088267610522,0.11770070270882077,long_only
0.052090330554741576,0.05361183301769213,long_only
0.062246574683800134,0.07453680767018456,long_only
0.07299837933459863,0.08645972896451926,long_only
0.1080908707790526,0.20272441641805575,long_only
0.09028883901673043,0.14070995736369749,long_only
0.06765577536614995,0.11934762367683438,long_only
0.07417089625253566,0.0876622178367165,long_only
0.0868623715130001,0.12287621548601968,long_only
0.07415489202537667,0.08338625582075349,long_only
0.07217788293952204,0.11698651662604166,long_only
0.05735574561736338,0.07410448036725818,long_only
0.0617041516376198,0.09889282603255034,long_only
0.06860496672778607,0.08017891728640035,long_only
0.07943839036335944,0.10516492708353484,long_only
0.0713900299445011,0.10555250086261372,long_only
0.1053112796376119,0.18304165028993152,long_only
0.06199313768241012,0.0913013169382712,long_only
0.08095554532756234,0.12208770409140576,long_only
0.11248244888398867,0.1996103906847417,long_only
0.08604845033511703,0.1263880382101357,long_only
0.051493487447366225,0.04787572396346865,long_only
0.06276905500101744,0.10214080570534763,long_only
0.04800642393619043,0.04956427014179967,long_only
0.08611499844728245,0.13851725393246017,long_only
0.049948213216463505,0.07272727824854033,long_only
0.07758654414479296,0.11217548396985584,long_only
0.06432804675738817,0.0620007058597275,long_only
0.12350189962546337,0.23890608440537353,long_only
0.08710088657848045,0.1500941682878401,long_only
0.07836059318220781,0.09995088256066909,long_only
0.11145690286621818,0.19973038441624041,long_only
0.07810051553209793,0.11475337417416723,long_only
0.06281121104760685,0.10802537036249418,long_only
0.07655604630753912,0.11984329629262266,long_only
0.11194316882739812,0.19652888944675245,long_only
0.06846646605767348,0.08355016285710742,long_only
0.0616131191349352,0.08872803092640529,long_only
0.058840901515892316,0.08096978957752807,long_only
0.11058152475575576,0.1927466281550089,long_only
0.05866122380078308,0.06762237176713981,long_only
0.10238453730692283,0.1792680859871523,long_only
0.08850894988017138,0.1320731379069974,long_only
0.0804889008572082,0.12860309670360345,long_only
0.06618281517442805,0.06927780550925966,long_only
0.09245491562749483,0.14240897487435814,long_only
0.07313891610805733,0.10696253814334673,long_only
0.059557447436496436,0.053499633447708896,long_only
0.09063152029901235,0.1409806056389244,long_only
0.07929420765136208,0.10884140477835144,long_only
0.05953778953541726,0.09699385281883809,long_only
0.0548331184808994,0.11244846019642295,long_only
0.07319875016556808,0.12474382102549278,long_only
0.06676525907457008,0.06516550602230121,long_only
0.08349287396623062,0.11090477144803779,long_only
0.06460753496061622,0.08832379475852932,long_only
0.06154965579454133,0.09365710642320026,long_only
0.0581295999915562,0.09034065890927552,long_only
0.06355796840620856,0.09996773125415047,long_only
0.08005477576931667,0.1298497043260784,long_only
0.11398763422987256,0.2065579941656252,long_only
0.08103954441805372,0.12567460662997054,long_only
0.09759313179312779,0.1606809354067597,long_only
0.0566738805542481,0.052556469277404635,long_only
0.06094002676917473,0.0703707271416371,long_only
0.06831123673134815,0.07265535457205571,long_only
0.08076229408949945,0.12578643835169473,long_only
0.07793291047312295,0.09840262335325954,long_only
0.06877875466321491,0.07733661713744326,long_only
0.07637526059522506,0.10082733782768,long_only
0.06004615189084553,0.08562921029358443,long_only
0.07165227307347796,0.10862347551594603,long_only
0.11533418720081257,0.21336714899196133,long_only
0.056255640341140015,0.06038672046549141,long_only
0.10819133414661969,0.19767014415715364,long_only
0.05814452995044983,0.09063849353931946,long_only
0.06093769531616618,0.05817594546618305,long_only
0.07657583116968882,0.13243228036898883,long_only
0.08388404138241407,0.13169428942864997,long_only
0.07064087582019977,0.09287727885362795,long_only
0.07686693448913358,0.12149439174443864,long_only
0.06327887434646176,0.07662256578843027,long_only
0.0641452873213064,0.08556426752478856,long_only
0.10540004385973158,0.193770783430183,long_only
0.08226204866794891,0.10669336875809111,long_only
0.08479671327615798,0.12163589759024161,long_only
0.07131361795775441,0.07841242843855287,long_only
0.06689145100271496,0.09335547336866283,long_only
0.10187109226317174,0.16438991316356938,long_only
0.058899201297758365,0.0941958971241135,long_only
0.08029946680227933,0.11418764277677552,long_only
0.07572527216231179,0.12288857441776202,long_only
0.07979285527773633,0.10286840546011543,long_only
0.10217762884858496,0.16955015294684864,long_only
0.11377147384305372,0.22146278397486283,long_only
0.06475582833755147,0.0638786408934119,long_only
0.05830291151090133,0.05402109732893517,long_only
0.07963380501192607,0.10719117822018884,long_only
0.058001884382741356,0.06184309600921917,long_only
0.08336150579055646,0.10708727652384288,long_only
0.07313568820307054,0.09412557265338461,long_only
0.053653998334451836,0.05074648440725303,long_only
0.056892971587149274,0.08260892401623031,long_only
0.08738731115779642,0.13218206228925355,long_only
0.05575912428016913,0.0545654695790033,long_only
0.09337466657939837,0.1401647398271712,long_only
0.09123035723341733,0.13438478601039747,long_only
0.06755977289161624,0.08226771837736545,long_only
0.07851643396696557,0.13423301234587648,long_only
0.10866253908303537,0.1885326798793263,long_only
0.11721308195205446,0.22412525921574564,long_only
0.10784928800047901,0.18614976712797654,long_only
0.10058717565718699,0.16091023634785093,long_only
0.07295429777478663,0.08101202184338886,long_only
0.0643580552196322,0.06649909600703491,long_only
0.10168688854566305,0.1690618346830809,long_only
0.06078268432149463,0.06513019916509913,long_only
0.062003746241397026,0.07616846375795147,long_only
0.10409144072784601,0.17657002730215043,long_only
0.060503429031640854,0.08681741436072177,long_only
0.11058931439886932,0.20861272818217777,long_only
0.06431520129595945,0.10665131441891229,long_only
0.08345073896543029,0.1358125687928137,long_only
0.08343519335521969,0.12016860067226562,long_only
0.0632640420213184,0.07642039635198938,long_only
0.06611288021630862,0.09055448149088158,long_only
0.09912790492963117,0.1689552911909418,long_only
0.0622006336071636,0.07557760870109347,long_only
0.060728240809131556,0.05933872503862128,long_only
0.06517315579429094,0.11134479951544846,long_only
0.09811590207197382,0.15557136219669696,long_only
0.06899737918006027,0.08109638149029795,long_only
0.11527729504453327,0.22133933965961003,long_only
0.06780767685768072,0.09418130710987267,long_only
0.04966559628582362,0.0756834034268235,long_only
0.07048384473950398,0.08633377652077341,long_only
0.07175797538929674,0.076647778162788,long_only
0.057545766273504315,0.052228740812312005,long_only
0.0903812748250029,0.13485556751669053,long_only
0.07803607421786317,0.11640789443285039,long_only
0.06968620392547041,0.09677643648472821,long_only
0.07364749218141017,0.08969813939961928,long_only
0.08388470051189596,0.11938285911528668,long_only
0.1298275783886057,0.26483901156589457,long_only
0.06721303181971838,0.09005206480630948,long_only
0.07652325965173304,0.10909754540679965,long_only
0.10782095079757646,0.18415916890700937,long_only
0.07283742259088992,0.10474911502497934,long_only
0.0570676028981033,0.09682311090748659,long_only
0.09948644103786566,0.1696318475899624,long_only
0.08399045131827695,0.13211012701013652,long_only
0.04438319521731856,0.10760478632421114,long_only
0.07194783453985625,0.09429859082828894,long_only
0.09976177329342495,0.16318782431579604,long_only
0.055162540476449494,0.05353830660523894,long_only
0.07910089496987388,0.09791313673371073,long_only
0.12099970391655462,0.23785968863233023,long_only
0.11377090666443697,0.2161814170809997,long_only
0.04318342533594839,0.10273810236412506,long_only
0.09684727490559711,0.154016883286059,long_only
0.060539300729674665,0.0553883336336486,long_only
0.06921046447574727,0.108722997223349,long_only
0.06834817471694399,0.07820689534320673,long_only
0.0558743944971658,0.08494650172433563,long_only
0.04872555675625669,0.09020681527150737,long_only
0.0812661287852922,0.11528385317638652,long_only
0.07532684174504896,0.105670635578848,long_only
0.11292951603991437,0.2052497375993135,long_only
0.07623641101233539,0.09301162154720531,long_only
0.05590639187819575,0.05098017094850337,long_only
0.049139580332195454,0.06744204288622856,long_only
0.08329019423010399,0.12568895756595655,long_only
0.057899679885650826,0.052712236369817846,long_only
0.10533999318131046,0.1805844699742893,long_only
0.0758922726917551,0.12179935136583753,long_only
0.06418006964518756,0.09669943139791451,long_only
0.10570461460411765,0.17847826834532624,long_only
0.08544415175479111,0.14378477088709002,long_only
0.10244987622983046,0.17035179737590156,long_only
0.07903052066299535,0.13109524839230602,long_only
0.0710038580760429,0.08215217265111291,long_only
0.08831853673407282,0.13160180611558278,long_only
0.11572599640526103,0.21486913854894157,long_only
0.06458767829021066,0.07630383489533553,long_only
0.07991144806553598,0.1016128371282302,long_only
0.09375660285587878,0.15028738207158213,long_only
0.07388401495101211,0.11278807187198654,long_only
0.09456332513965465,0.14867945154413886,long_only
0.09178832435930973,0.13826991939058106,long_only
0.10629890812517628,0.18248768598422427,long_only
0.06211396783393608,0.05736972381839775,long_only
0.07176693821145032,0.11190690771003953,long_only
0.10055643691231539,0.1655507263830783,long_only
0.07925248794859413,0.1255076073571522,long_only
0.079789066309523,0.10213055331311979,long_only
0.07433378171734667,0.10797299825265673,long_only
0.05651784710306357,0.06948400481761347,long_only
0.09090339048200081,0.14364797383213204,long_only
0.08356119920649208,0.11448418591230097,long_only
0.12414627076638933,0.24825719292492524,long_only
0.07958645964087988,0.11402921393909227,long_only
0.07648797480565098,0.11903203030906215,long_only
0.06872213553838466,0.07692123200960396,long_only
0.07627787260481124,0.11754362014443592,long_only
0.07439493991759097,0.09106949374043173,long_only
0.05474209717257238,0.05853229260168665,long_only
0.05765485622441226,0.052525239837164506,long_only
0.06341227359450335,0.07926621959968372,long_only
0.09107137680754537,0.1322728984632225,long_only
0.0493577790209488,0.06508961783642676,long_only
0.07197300185870308,0.09063577270215806,long_only
0.07557963999887257,0.08852623361389068,long_only
0.0570079185856476,0.07303478872463227,long_only
0.07609471760393531,0.08930978673929921,long_only
0.1034374343365063,0.17430697579692295,long_only
0.059156776178986396,0.07470523596491206,long_only
0.055933341271785605,0.049940975838911814,long_only
0.06414263086533743,0.06349624995604192,long_only
0.1191477710822035,0.22368981365903776,long_only
0.04237916425844944,0.10481244474730081,long_only
0.07617360269859492,0.143328390359497,long_only
0.08767622075602775,0.12502843508289332,long_only
0.0742784440030227,0.08852304094724085,long_only
0.061946951574689144,0.10082025292709217,long_only
0.08979524901307738,0.13051848367388902,long_only
0.06713658898599612,0.09873091641698697,long_only
0.0678130389255851,0.06888383713797615,long_only
0.09619883242715703,0.15880761453770548,long_only
0.05743060388688699,0.08702759495488765,long_only
0.08235753370593743,0.11773911191307058,long_only
0.07652351061120978,0.1259396547458105,long_only
0.0801920060159585,0.12642244995275181,long_only
0.06212108104959227,0.06159466343212439,long_only
0.08768554788900919,0.15321956388076363,long_only
0.09121450585288582,0.14393749557376045,long_only
0.08605561961438545,0.14847337669992464,long_only
0.06135299222390505,0.1002236458500217,long_only
0.0818835237536743,0.11800553201956315,long_only
0.08346814284949532,0.13932221247808363,long_only
0.06935533110907457,0.07106070140621293,long_only
0.06166486183949106,0.05750797984747869,long_only
0.06023303796764701,0.07109271792204722,long_only
0.06609936130461044,0.08560635728689385,long_only
0.0701877377644482,0.11002821755704621,long_only
0.06956419578698544,0.08981145127633627,long_only
0.05832611291938318,0.058462934916339915,long_only
0.0642682878942616,0.06283900910556256,long_only
0.06020679607593794,0.07129081763866259,long_only
0.08358349773911462,0.12747833569635844,long_only
0.11323647359362571,0.22187831808274966,long_only
0.08776891164776833,0.15186636218562438,long_only
0.0900887586705566,0.13011377986451178,long_only
0.08885583134742178,0.1359276137512213,long_only
0.06268899121326318,0.09440233035432079,long_only
0.07113436886076246,0.1135638815370065,long_only
0.07389825775768988,0.10134681682355279,long_only
0.05850125667343619,0.07618217270322299,long_only
0.10953870747350185,0.19050307258466098,long_only
0.09875402951128102,0.1586289610001454,long_only
0.06625874569585323,0.09575519719997422,long_only
0.09663385287242805,0.16200493308425082,long_only
0.05102693351991147,0.10616859501032658,long_only
0.07931814177992066,0.0987982811115747,long_only
0.10050472822424139,0.1654889765721812,long_only
0.06363658375196073,0.06661107250230235,long_only
0.08424763228359138,0.12275098754003913,long_only
0.08322727756821123,0.12026251698980041,long_only
0.06920748720842324,0.08189984010300362,long_only
0.09140320529315454,0.15245617778268716,long_only
0.08617513333791108,0.12923334566479197,long_only
0.06611451981811733,0.08296031645540891,long_only
0.08652551114580889,0.1466916793698268,long_only
0.057614930983252266,0.05320185131200928,long_only
0.050810333860379475,0.10449590352604518,long_only
0.10039681150839137,0.16256141945475852,long_only
0.10779457399692964,0.18405244108425098,long_only
0.05793729666754496,0.053867682151217296,long_only
0.055217905418059834,0.051814075639399305,long_only
0.06733655666320995,0.11433750761740277,long_only
0.09330453952333535,0.1420483607806018,long_only
0.07806310214948094,0.14561488073703385,long_only
0.07783326887895549,0.12636229443662952,long_only
0.07823296139739193,0.106327210113229,long_only
0.07364098277362602,0.12281428342334783,long_only
0.057093039913437484,0.07389962051970773,long_only
0.10344803333605938,0.1836915490479421,long_only
0.07853482279480481,0.1024259376817855,long_only
0.08758940539849325,0.15330103033413342,long_only
0.08555620398519015,0.13813993435628588,long_only
0.06475431381991945,0.07834807723111788,long_only
0.056078911970191166,0.09177355509457995,long_only
0.11067216183666809,0.19779044198541654,long_only
0.0725638396962271,0.09836478773457934,long_only
0.0726520484686739,0.07855674084777992,long_only
0.09268074271866596,0.1413408626306344,long_only
0.1226843774025707,0.24097880681578085,long_only
0.06493623950926335,0.07640083034207361,long_only
0.07547889893361635,0.09253953111468287,long_only
0.08878819894347209,0.13910294331834436,long_only
0.08611292276304808,0.12077282363347502,long_only
0.05519749370115787,0.0928443079558581,long_only
0.056378056052974176,0.0514212911760449,long_only
0.06463923302531284,0.08131087765873607,long_only
0.06322476992192932,0.08915825769568542,long_only
0.07307545299664406,0.09779544427824223,long_only
0.11862472735475657,0.2278252665095148,long_only
0.05156562572349775,0.09589129245876789,long_only
0.0681039317496784,0.09751082963090006,long_only
0.07676047646528142,0.10293742875204624,long_only
0.08458148578248369,0.11501506520197438,long_only
0.06041053308877495,0.10004939128169553,long_only
0.07122650440353322,0.07852696023708254,long_only
0.07869719651455978,0.09915932430073782,long_only
0.07581775120233937,0.10377196968887072,long_only
0.047034242741883156,0.1007845712923642,long_only
0.0564458674724605,0.08123823000545816,long_only
0.08132587775701319,0.11501474066229835,long_only
0.08362857681624593,0.13134101029666004,long_only
0.06699957283726309,0.07775873674753464,long_only
0.08272507061202128,0.14098985625198263,long_only
0.04882794526614749,0.052641501267934175,long_only
0.0988003473327086,0.16907277460208203,long_only
0.06758342435336133,0.06938122969356676,long_only
0.06603402604752226,0.10711936944681676,long_only
0.0934837225247698,0.1621466419315057,long_only
0.06423198997394006,0.0863114825496611,long_only
0.05450644158803198,0.0825849795735686,long_only
0.057266661536082286,0.06711937272786277,long_only
0.052479924870750774,0.11005655839528632,long_only
0.07419184545166894,0.08209289514154669,long_only
0.06454411064216109,0.10577793585753344,long_only
0.07234102482896157,0.09632725505705723,long_only
0.09120548544349365,0.1356873033329092,long_only
0.06403510832222364,0.0728662913743156,long_only
0.079880808468378,0.1432713384480732,long_only
0.048214717793381906,0.07457029718756952,long_only
0.06883397740702873,0.08372726906024183,long_only
0.10276160735468716,0.17283826494870608,long_only
0.08334214320439129,0.10618853030807003,long_only
0.056116530755664834,0.06945262247744484,long_only
0.07168802917645828,0.11097518593149971,long_only
0.06725092740020551,0.10761685770543289,long_only
0.09484106103548454,0.1665559554394881,long_only
0.11276434968478334,0.20226182978564095,long_only
0.07252108414067981,0.09772091172658741,long_only
0.07540355680394631,0.113658270428444,long_only
0.07815571545896,0.13698120741892392,long_only
0.07761954553355757,0.11382732965345208,long_only
0.056789753411437716,0.06594089233108433,long_only
0.07328092611753526,0.08660188717928567,long_only
0.10790992938043296,0.18922922591432512,long_only
0.05791676847536088,0.08112129852362096,long_only
0.10793785825673748,0.18677022427149093,long_only
0.08125458333635485,0.11492394294592795,long_only
0.0841199996831917,0.1266659413196301,long_only
0.1074169642118985,0.19254188214289575,long_only
0.0975764971393299,0.1519946066508644,long_only
0.07577812918821693,0.08861171859888381,long_only
0.05337588430701415,0.10009046813724982,long_only
0.11248057633032127,0.203684312360221,long_only
0.09355679035327416,0.16026400567254812,long_only
0.11752878083583561,0.22648738226933812,long_only
0.05642935675331341,0.08237637331058682,long_only
0.05981122022472998,0.05581434509659749,long_only
0.07944532009400591,0.11368810164882077,long_only
0.07127209261279548,0.0763959983690604,long_only
0.08110785704903059,0.14004359203092853,long_only
0.05757617226058297,0.06120873420520007,long_only
0.08146970455448738,0.1462925945399098,long_only
0.06341501929486525,0.10671029115569464,long_only
0.0573769321824482,0.050426685179912584,long_only
0.09080800947527963,0.13542321086103587,long_only
0.0890491168591713,0.1414459166528589,long_only
0.09953949186491803,0.1625764028339912,long_only
0.051450975388155795,0.083324908469054,long_only
0.0813979220182009,0.12077919958000659,long_only
0.06425790400867226,0.07706420593135968,long_only
0.07472855589564817,0.13649949475151815,long_only
0.09738077761728552,0.15590912718615302,long_only
0.08825696933279435,0.12356641722297754,long_only
0.09718949049527865,0.16193620674236012,long_only
0.07076728454671186,0.09485763254357,long_only
0.07378601702758386,0.1120097851731805,long_only
0.07484673351664314,0.10003671263835091,long_only
0.0802779313506232,0.10066172742244153,long_only
0.056383580417077465,0.10294317745227373,long_only
0.10753598053763135,0.19052500073478734,long_only
0.061951253074098635,0.0712048314500662,long_only
0.050868853102593606,0.053968886752522024,long_only
0.07679945597401658,0.12985968080888952,long_only
0.07099373678286872,0.0816251903698582,long_only
0.051832575502106265,0.06923103460644155,long_only
0.06824963794143987,0.10107826364562371,long_only
0.0673825122720361,0.07469071476087338,long_only
0.058331714215638236,0.0993381791813476,long_only
0.06088107695750161,0.05462924166092088,long_only
0.08786850569366755,0.14577357955722603,long_only
0.07578621046709208,0.0908271175571957,long_only
0.11583052001096283,0.21903831000479226,long_only
0.09917759310053281,0.15892101837127878,long_only
0.05972005341115656,0.06328428469693724,long_only
0.08940129695449026,0.14374192895737511,long_only
0.09995833973350372,0.17066897374803405,long_only
0.0462982652638763,0.08629005518336688,long_only
0.06636113724733515,0.08883335533333996,long_only
0.11907762470984051,0.22832640406392954,long_only
0.05250756807392375,0.0800334135573681,long_only
0.07666094562720596,0.09346731193554654,long_only
0.07595642395320429,0.09831932819112868,long_only
0.0706674292921435,0.07799768250467384,long_only
0.06038640202964669,0.05761139258100718,long_only
0.061209617600509594,0.05693817869504804,long_only
0.06646217047867317,0.1032311132158299,long_only
0.07076607065265215,0.11035300130874694,long_only
0.07909407754014791,0.10165134321815904,long_only
0.09788150878035809,0.16419677807797162,long_only
0.06913720561690719,0.0977619466200744,long_only
0.08616547521555695,0.1475545866460519,long_only
0.05491058564165911,0.07094450900044669,long_only
0.06095810025929909,0.11370152577037394,long_only
0.08075969370554344,0.1314271116591474,long_only
0.08161565868299986,0.12314204625407561,long_only
0.10172545294748804,0.17294869741746371,long_only
0.06487572277219804,0.08310129209626496,long_only
0.0815967933606928,0.10721299549201958,long_only
0.09297810024803468,0.14275388540394843,long_only
0.07793310124567351,0.10901864006042956,long_only
0.09146895213390746,0.13917493586116822,long_only
0.0764466012015602,0.10885334511384423,long_only
0.054325257957127095,0.04929340862088182,long_only
0.09458823075807056,0.14616792759257927,long_only
0.061494511117745995,0.10184748857359269,long_only
0.04830350276796796,0.05510534815324331,long_only
0.07914968137790832,0.12131689003103442,long_only
0.07702790111766755,0.11389988641758217,long_only
0.08034109789056301,0.13422674021336994,long_only
0.096725785621536,0.1737261821392121,long_only
0.068919792091895,0.09606153645285063,long_only
0.09832828545003211,0.1607701340638128,long_only
0.12713215122810848,0.25536123313930725,long_only
0.07301963887787477,0.10768630751514252,long_only
0.07455144944597744,0.11552512971022408,long_only
0.07982767171951159,0.11996181463032668,long_only
0.0676897931858691,0.07306698616586073,long_only
0.06316852800414849,0.05955286440118786,long_only
0.04692612180185562,0.07597833626714681,long_only
0.10096075426538637,0.16084553251135672,long_only
0.08886724463446005,0.1357868630898687,long_only
0.06835202996589344,0.11312559260955897,long_only
0.07262282703627701,0.08113603067490927,long_only
0.07530045694549917,0.1084035375766848,long_only
0.07289346335415947,0.11683682808849599,long_only
0.09608961754577931,0.1546523436128138,long_only
0.07451576070787184,0.08992588060981141,long_only
0.06455376523782337,0.09392304213066836,long_only
0.10663035492602331,0.18097489534679265,long_only
0.05814530861198934,0.0526965565717509,long_only
0.08710729919220608,0.13129841380708798,long_only
0.06481009839389006,0.10207741546594752,long_only
0.08619562756738211,0.1230113214610838,long_only
0.08975256778828644,0.13919134595094848,long_only
0.0684846956816217,0.09191831956822208,long_only
0.09779182932185786,0.160772257260112,long_only
0.07793270426944245,0.1129441130917323,long_only
0.07309253019393841,0.0919587393496623,long_only
0.1096773360621261,0.1903872110909133,long_only
0.07229701966903956,0.1108070533594188,long_only
0.07680874864213164,0.09158810752548581,long_only
0.10317157354004564,0.17214509271254108,long_only
0.06216403836961802,0.07618835690811847,long_only
0.06958522725556857,0.0780363401279706,long_only
0.061247209472328284,0.06948443691297047,long_only
0.058393052291453765,0.05750566005860387,long_only
0.047574308214155266,0.10375107696489962,long_only
0.06618176553801375,0.1040999587618863,long_only
0.07950495010458068,0.10064656429415446,long_only
0.07799098544665045,0.10281739991833096,long_only
0.05353298092920032,0.04959028405539224,long_only
0.08938407403775578,0.1383008879239179,long_only
0.1048229486905127,0.19131367623613746,long_only
0.052418947497611855,0.09950110664113873,long_only
0.07354311846595446,0.10749354439318466,long_only
0.07083845325648352,0.07377914244981011,long_only
0.05821314878383323,0.09395216826092084,long_only
0.06154001520108621,0.058433825232642914,long_only
0.07388815518124005,0.09283202316032221,long_only
0.06241824659255117,0.061656102833346826,long_only
0.08485851988062067,0.12136330428639994,long_only
0.07785812692056561,0.09751925152524495,long_only
0.08931571115142312,0.15502958996532998,long_only
0.07628838947302655,0.0942130500563011,long_only
0.09935055546155999,0.18181779318735045,long_only
0.08208753423778524,0.12009613487285918,long_only
0.061822544470614874,0.0890830869510197,long_only
0.06971149680504099,0.10092894628212441,long_only
0.09578044955386311,0.16038878725394004,long_only
0.1001782095387159,0.17047665195999512,long_only
0.09139139358565272,0.1480896087468018,long_only
0.07967830957770337,0.10560964144494094,long_only
0.07074274606402836,0.0986871305284912,long_only
0.07304503844475664,0.10546277299316599,long_only
0.06814117633233682,0.07004527353043662,long_only
0.05807723606996779,0.06305722088422866,long_only
0.05655506268417182,0.06112000455403441,long_only
0.10387013711302369,0.16975158754328862,long_only
0.06546498569190373,0.0972689747249133,long_only
0.06078078365348365,0.10017944769010514,long_only
0.06151604882361253,0.09118375462688474,long_only
0.08199404069518765,0.10605282184764533,long_only
0.07367826121575591,0.09012292905622661,long_only
0.06473454453463576,0.09568861252568658,long_only
0.09017443266656403,0.13010465387824938,long_only
0.04759351721308587,0.08276406697705464,long_only
0.05827116924165916,0.0918889030460179,long_only
0.056893303503470466,0.07724386415960975,long_only
0.04889187984870488,0.06348401512806962,long_only
0.057983957525511415,0.05870917525270501,long_only
0.09558186389690182,0.1528731892034945,long_only
0.062793777905562,0.06358531894868026,long_only
0.05659900344375286,0.09052532848000498,long_only
0.059086732672877,0.05413293389953134,long_only
0.06512259099497984,0.10748905405368617,long_only
0.10574320205950234,0.19100810407439872,long_only
0.06706627668703057,0.09707618030648638,long_only
0.08941729826554347,0.13079597051732297,long_only
0.08236837732649048,0.11647658543767196,long_only
0.10288463525284033,0.17109203584545,long_only
0.08231279724510557,0.1246203172942871,long_only
0.08028093533825531,0.09839805077087828,long_only
0.09121415182106127,0.1414356230120669,long_only
0.0890661257580342,0.12594365824013054,long_only
0.06840732408917988,0.09952973207093938,long_only
0.059097421371496664,0.09623003304875584,long_only
0.067232125144068,0.08899694639728786,long_only
0.11107022016430765,0.21569224984300775,long_only
0.05455657471414303,0.05726805366363098,long_only
0.07047239738508548,0.10496217266149453,long_only
0.07888588335055476,0.11199602217534038,long_only
0.0925663205673117,0.13588827010937699,long_only
0.04864462805095919,0.05188700329699704,long_only
0.11670426462121847,0.22284519370692385,long_only
0.10851453283429532,0.20356768887438353,long_only
0.057501134339167474,0.08548812788574194,long_only
0.08937617724049222,0.13109916914275,long_only
0.07564167100113792,0.12092519518536292,long_only
0.07095948261545242,0.08842729457637256,long_only
0.0690350371297397,0.11359967635888,long_only
0.08253352611747342,0.11106215589834142,long_only
0.09961249614479492,0.16571702808589542,long_only
0.11331997672836486,0.21421154579688023,long_only
0.04983425650417634,0.0475723322484369,long_only
0.08380523320739813,0.12287277270542658,long_only
0.06500075179488789,0.09931160413595262,long_only
0.12445888892870431,0.25397156721087305,long_only
0.07393883644476215,0.09160583402874188,long_only
0.06158408305350947,0.09553929346787055,long_only
0.06988122382637268,0.09125736582897866,long_only
0.059252913402574256,0.0945129818956528,long_only
0.05693673335269331,0.058831668823456765,long_only
0.07082986919776785,0.10420207238178603,long_only
0.06731626600030663,0.08775988678963867,long_only
0.08327543155546753,0.12364578444994496,long_only
0.048867016942993856,0.0515466562174426,long_only
0.09718501542574125,0.18072684969315866,long_only
0.09929049090078543,0.17634817903549393,long_only
0.0435880234915675,0.10208409823659224,long_only
0.06086203964260055,0.06080051507048518,long_only
0.08327651611210338,0.12112130412599807,long_only
0.10524440186696415,0.19218292166065548,long_only
0.11718198880176303,0.21694661331968107,long_only
0.06809412641099365,0.11081507230553465,long_only
0.05789840520681112,0.10332078152667958,long_only
0.05683020557310889,0.05897187387586147,long_only
0.06194657278405008,0.09727590506290489,long_only
0.10255324613377513,0.18395732838065298,long_only
0.061819933986856535,0.06148361750948473,long_only
0.07241280265494673,0.07963816199412552,long_only
0.06082633540554523,0.08210191982156387,long_only
0.09707800923816477,0.14899378049944859,long_only
0.06334315105479325,0.08145979708656248,long_only
0.09053424199170279,0.13748756865191988,long_only
0.058092610164648485,0.05139386663577375,long_only
0.08270231152541631,0.13075082196802457,long_only
0.05616120146387006,0.06698113244720688,long_only
0.07654691199141003,0.12050447876747969,long_only
0.05079265977880365,0.0769146114937256,long_only
0.05880258655197329,0.05251784674265802,long_only
0.06014809074924106,0.10042386236198021,long_only
0.05388888419202788,0.09055844847942773,long_only
0.06991866027530699,0.09028907392556253,long_only
0.09243504646079342,0.14403891273433408,long_only
0.08596348531336435,0.1319026320238992,long_only
0.09942349879793067,0.1633981843511499,long_only
0.07128977509271785,0.08866911859193943,long_only
0.07314553252393018,0.11637133997645695,long_only
0.09700105231175961,0.17446393284873768,long_only
0.08001529101367752,0.11981894785009364,long_only
0.06527785434274841,0.08896219803693081,long_only
0.05231764692540814,0.05527460803173701,long_only
0.0772422664604558,0.1275734793804683,long_only
0.06989668341646726,0.09559729865956407,long_only
0.0742358483848954,0.1029739579716709,long_only
0.0644540080292623,0.06245352922296448,long_only
0.05944196625679225,0.08466391415426408,long_only
0.08932450180850615,0.140377617939913,long_only
0.048660756090939984,0.09076867596149492,long_only
0.04848994635279806,0.10588665747633844,long_only
0.07887798240242307,0.13200407866425898,long_only
0.07200690921828981,0.10971636537980306,long_only
0.07463571979699397,0.10278633425709949,long_only
0.0848456957099793,0.12646369738684624,long_only
0.0830982029777147,0.12260790195075955,long_only
0.07825960529549283,0.09412272947378159,long_only
0.10240763659314198,0.17218104934445408,long_only
0.09980007908534935,0.16073493986920612,long_only
0.06817044865424934,0.07968480352505651,long_only
0.07809728865795279,0.11999511195931599,long_only
0.09885562076755075,0.15690738734414691,long_only
0.08016283626702353,0.1334363879951522,long_only
0.12341211481874934,0.24998157346579578,long_only
0.0851450968768551,0.12722931882554822,long_only
0.04752033293052272,0.06243505200173142,long_only
0.06884278621937134,0.08789080696230543,long_only
0.07218350954328388,0.12583609400086662,long_only
0.05769077665790731,0.05101651158577682,long_only
0.07818563950425102,0.11339776757433367,long_only
0.08596665074285517,0.13549549618409804,long_only
0.05867654993717217,0.057594506296414445,long_only
0.10219069522454081,0.17561234864337463,long_only
0.12310592325777904,0.24644573244190912,long_only
0.09464935355535103,0.15271852804498592,long_only
0.1155425287754854,0.2087476943782616,long_only
0.06423128386020048,0.0921816302934143,long_only
0.0751968415468482,0.12221379465253343,long_only
0.12012266443111276,0.23628911412603812,long_only
0.0809631391514494,0.12620838601219728,long_only
0.08234539578886053,0.11581034138199466,long_only
0.045375035789767953,0.1029937697636939,long_only
0.06018300146705869,0.05741585220068363,long_only
0.06540400313264788,0.06259204996252189,long_only
0.059465714288977296,0.05696626070520851,long_only
0.06997879291288252,0.12209662300790206,long_only
0.11557784064093247,0.2123145004298259,long_only
0.08232295789882987,0.10865121823605475,long_only
0.06530185768960954,0.09064949815903178,long_only
0.09888727570150735,0.1640569899203878,long_only
0.07446116696784869,0.09131608506583504,long_only
0.06271316710927566,0.06057793766521317,long_only
0.05691436520792188,0.06965994424420863,long_only
0.05270416620751037,0.07533746449595892,long_only
0.06290874275427749,0.06419593883003331,long_only
0.08905874440834688,0.13262542167480185,long_only
0.10208120618210947,0.17216534018731655,long_only
0.05951280192500227,0.05605611944182541,long_only
0.06743071003062909,0.0967200904078349,long_only
0.11035896882254187,0.19135508363801462,long_only
0.0699838238368877,0.07700324459180122,long_only
0.08888888029881908,0.1333977314595734,long_only
0.08850776580417984,0.1519365824130282,long_only
0.06301208996473787,0.06304964136123987,long_only
0.0903450639492238,0.1414159631467031,long_only
0.05276861303744078,0.11219001044998543,long_only
0.10753322259872261,0.19491166792751552,long_only
0.07284309577515984,0.10094589453918672,long_only
0.08756912433837896,0.12396850074567337,long_only
0.05278409184201293,0.09721670911281023,long_only
0.07770990149589538,0.10451719332758908,long_only
0.06884945323899762,0.09256907070825002,long_only
0.07955434994649593,0.10183625267806355,long_only
0.09544964570471008,0.15568509740109268,long_only
0.07722846202687783,0.10827425380926813,long_only
0.0731627058457775,0.08390993335344539,long_only
0.05260891310178599,0.09200292911534393,long_only
0.10245950619316806,0.17725677079708088,long_only
0.056323682885203605,0.04933534979761982,long_only
0.06571950509861034,0.10463655883044015,long_only
0.08107504937478285,0.11756541714987297,long_only
0.09668401743226726,0.15471112088294336,long_only
0.07094830505479759,0.10213291910545652,long_only
0.09389463570024648,0.14706905318445498,long_only
0.09364594314952024,0.1528231912630188,long_only
0.08977132792053687,0.1291772632279348,long_only
0.07697634151905186,0.1465903089651921,long_only
0.08624446441167039,0.12706961230922717,long_only
0.09074117169939931,0.13383511644487503,long_only
0.0806553936569606,0.11740544809156199,long_only
0.09312857131574831,0.1696992509988696,long_only
0.06744536066164959,0.07233743740321603,long_only
0.07457476733268412,0.1010590860032775,long_only
0.06813375149624042,0.11604592149877367,long_only
0.06639720865266191,0.09037080911685265,long_only
0.06625149929977778,0.06851357218712067,long_only
0.09683078476878085,0.1511343280419032,long_only
0.08600932602795136,0.12664137590181773,long_only
0.07653537215404092,0.11947457499590779,long_only
0.06582462155320104,0.08849386028196528,long_only
0.10311170927569173,0.1712379018668641,long_only
0.05845834992265103,0.057292808074568595,long_only
0.07089560019030786,0.09752560710934542,long_only
0.051955481937698667,0.08482970693546373,long_only
0.09008806366880706,0.13309953401349658,long_only
0.09252493519578688,0.14524285358412328,long_only
0.0971538038813148,0.15595061888830877,long_only
0.06011717621405222,0.07839472261065626,long_only
0.05984523836210537,0.053788367932880846,long_only
0.0710912610024907,0.09125657166602619,long_only
0.08604196136654252,0.13481558112404918,long_only
0.07069262529958178,0.094635019145984,long_only
0.07799726413595495,0.11929165680534781,long_only
0.11622127009071917,0.21949963532201258,long_only
0.058729896455856107,0.05800227734583441,long_only
0.0919799136636319,0.1609377047844408,long_only
0.06454675914106597,0.06235482822631338,long_only
0.10258258029503187,0.17122677697727548,long_only
0.10216573267715713,0.18302752837457456,long_only
0.09945734662422907,0.15901444658295597,long_only
0.06225581188884381,0.09659705970890786,long_only
0.09443661900902112,0.16487649882651015,long_only
0.08400723850996443,0.11099115484411261,long_only
0.06905338966430107,0.0768924316507669,long_only
0.05273363991523597,0.050772961890084026,long_only
0.11838058895426641,0.21816350139072604,long_only
0.10996108281622793,0.18941004285330218,long_only
0.06557735027130944,0.08884385505700605,long_only
0.06095769997314308,0.09198659676779332,long_only
0.08457350292492699,0.13401206822206335,long_only
0.09821092833600753,0.17069650187507474,long_only
0.104675286035235,0.17564328865099216,long_only
0.08802136680867048,0.14011651096270947,long_only
0.08104260032857881,0.12623115674073382,long_only
0.09870328375824891,0.15601725567828298,long_only
0.09147600677202392,0.14219292417746177,long_only
0.07338795518416102,0.1027030388432366,long_only
0.05352737469691865,0.07600792257175817,long_only
0.07242286090991748,0.10937278865993223,long_only
0.10488420671705213,0.18649528243012417,long_only
0.1029795864938979,0.18032517898999276,long_only
0.0484178656151466,0.07474688322549902,long_only
0.0719614267803513,0.1116792213352984,long_only
0.10435100066107138,0.17570504264408238,long_only
0.06923900195240125,0.0962581783752168,long_only
0.07405378252969677,0.12133745492576534,long_only
0.08723541209214701,0.13546169750268763,long_only
0.06261183029447567,0.07076943452020157,long_only
0.07196406606933634,0.08832530359851572,long_only
0.053554785730675694,0.08806932395653913,long_only
0.07421891807355682,0.10636681301255484,long_only
0.09621348533097418,0.14913692576369786,long_only
0.10157268326048176,0.16680428962664173,long_only
0.06150735800803957,0.07098403601331886,long_only
0.06518251861183576,0.07943720417783749,long_only
0.07039475798190994,0.08036887451817759,long_only
0.059840523973525885,0.05618259566146979,long_only
0.07393767097127625,0.09669042760244399,long_only
0.10104158145253975,0.17366270033843315,long_only
0.05723986115347486,0.07045108211793352,long_only
0.08971568927873783,0.14335442514227628,long_only
0.11227420505217317,0.19947938851351674,long_only
0.06936686040280805,0.10007305526736471,long_only
0.0625075014101332,0.10718992513160705,long_only
0.06507154353097952,0.07252951851329757,long_only
0.1081210117388662,0.1879918196465304,long_only
0.07212803854410821,0.1013127195830782,long_only
0.07254845466301157,0.1312517669383448,long_only
0.09256981077429928,0.14272543489516995,long_only
0.061562938795497874,0.07585271895751595,long_only
0.11943603849725802,0.22573847307486994,long_only
0.08615962674358305,0.12148221934641426,long_only
0.09069561787178365,0.14649114626797138,long_only
0.10259154772826734,0.18748927215650146,long_only
0.06394671166811505,0.07825256061489647,long_only
0.10786357137088498,0.18228798303156454,long_only
0.09313623856813526,0.15054683273512423,long_only
0.0687215702972674,0.07167957828925972,long_only
0.06892493019651247,0.10628307524000234,long_only
0.0707766492912789,0.12511952726850475,long_only
0.07793080952038473,0.0955612191829834,long_only
0.07962132541865442,0.11555409512818972,long_only
0.05445888787698421,0.06976110044674019,long_only
0.06836023683620787,0.12301185505720265,long_only
0.08272047577867842,0.12349225135493903,long_only
0.05521451545614868,0.050757580730614336,long_only
0.08254775486900004,0.13083210650031987,long_only
0.07959766814762483,0.10680835481266608,long_only
0.06581385279367613,0.11402033947181983,long_only
0.08184316802703784,0.10901953391224703,long_only
0.054348158666977356,0.04934604279596517,long_only
0.09346932958509015,0.14209960611998784,long_only
0.06223650280715378,0.0712657734901511,long_only
0.06990363204847427,0.0892229282398353,long_only
0.08023308278767258,0.12844016319347176,long_only
0.07886990007212723,0.12093152328092183,long_only
0.07684062060373158,0.11608493191056869,long_only
0.07111490132801404,0.10711731241995812,long_only
0.0908091931296255,0.13673796739570532,long_only
0.09021162579663394,0.1288600607726221,long_only
0.06766666379346438,0.07405478945792292,long_only
0.10441352537764274,0.1722397671791822,long_only
0.07521861732761176,0.0881891038229324,long_only
0.06224214195547484,0.08570541801548939,long_only
0.06988699032360267,0.11913208381645954,long_only
0.09740388319424223,0.161101690569492,long_only
0.08481723224261213,0.11736060333143253,long_only
0.06520304194195362,0.1008044781763253,long_only
0.06777271927642274,0.09216792993481097,long_only
0.07861828004336055,0.1374303379209997,long_only
0.0818873006305051,0.13352226498578254,long_only
0.0654822183671913,0.06312787435528155,long_only
0.08912117643670445,0.14776384989543523,long_only
0.0629629845721088,0.08294908950733033,long_only
0.09053060449827628,0.1399037803376072,long_only
0.06815409994546615,0.06948635509251182,long_only
0.12354308354869682,0.23964537520966056,long_only
0.08784889661448653,0.14027031775547852,long_only
0.06687527498820374,0.09085346640006303,long_only
0.10999394272981122,0.20723534853642364,long_only
0.07692717869419599,0.0979768532218017,long_only
0.07449927031564053,0.1380393051876625,long_only
0.05941759478459996,0.05294946969043776,long_only
0.09219782340981558,0.14123322625532464,long_only
0.049589701616198266,0.08370937391158846,long_only
0.08051795885142983,0.12567194746018537,long_only
0.057738784340792375,0.07371510936288743,long_only
0.06891004675800694,0.07096134877502505,long_only
0.09108744919943158,0.13454063822858006,long_only
0.07152021075684464,0.11237151046529563,long_only
0.07197834910460227,0.10338262346257616,long_only
0.09843797479962604,0.16496621154366922,long_only
0.05819440326902235,0.0992315244736844,long_only
0.08200529062018452,0.1186319302915336,long_only
0.08245653055963827,0.11992792637734996,long_only
0.10881200901162115,0.19322766638158742,long_only
0.06698042034872165,0.06892840152784843,long_only
0.10770124092869851,0.18930156566253153,long_only
0.12800313363012253,0.25497253951863447,long_only
0.06299134579794778,0.06997950270830022,long_only
0.07450733519890618,0.08989819788362238,long_only
0.08535955667939328,0.12752730775915558,long_only
0.11299819114019034,0.21453944827126195,long_only
0.0960360952082378,0.15326381124973262,long_only
0.07615859688800102,0.09457711640559634,long_only
0.05718873156378131,0.07370449829475918,long_only
0.0661281795940086,0.06925036303790828,long_only
0.1008632704700417,0.17921576602038095,long_only
0.09173520280355782,0.13880606814401159,long_only
0.05483341182494366,0.0522567711035712,long_only
0.06488323597500303,0.07373819516659115,long_only
0.061238787147024756,0.05543124131661425,long_only
0.050962375878601626,0.07642788655762058,long_only
0.06483795515047382,0.06256251211911137,long_only
0.06867249764389846,0.07665692668666725,long_only
0.07885226138853604,0.1231160458927389,long_only
0.09838324878111439,0.1598905406978673,long_only
0.07427767521107076,0.1305328215220242,long_only
0.07656671372845456,0.0985229628026966,long_only
0.12989521987211913,0.263702200492167,long_only
0.05493776014454055,0.053352187772772335,long_only
0.06840365403146825,0.09123219339778993,long_only
0.049892722635617726,0.07824077998786812,long_only
0.08519697191455215,0.1464668545857294,long_only
0.07548242478809561,0.12344784476430812,long_only
0.04955283323691073,0.09734549269957697,long_only
0.05207901739616151,0.05020932068852998,long_only
0.056551764632800816,0.06511631900955579,long_only
0.08008620273719116,0.11159919074526765,long_only
0.1063169114378712,0.1862907075729612,long_only
0.07054043780168348,0.09722305394007107,long_only
0.07736536647768019,0.10457216630405969,long_only
0.08142069804660935,0.11568830918201314,long_only
0.10847721626532689,0.19362880209482608,long_only
0.06406906713563659,0.06215451595097324,long_only
0.053216936849258614,0.05578016311422615,long_only
0.06710716632018746,0.10482326216370282,long_only
0.09832691093419137,0.16027617729707894,long_only
0.08394628147421981,0.1134115167137147,long_only
0.11031352229712403,0.19032847972731506,long_only
0.08893110941003118,0.13227785868322714,long_only
0.06900258459990648,0.11081896527748435,long_only
0.07169859008263219,0.1021903508678916,long_only
0.10537782711786456,0.1875185605684707,long_only
0.07014493744040509,0.0795001201226159,long_only
0.06689687015269918,0.06786210254423358,long_only
0.0712664042242909,0.10476226337241354,long_only
0.061022646542137446,0.06492556756387123,long_only
0.11935558435935459,0.23282653339845355,long_only
0.08905410074314733,0.13233680171255172,long_only
0.056535341821423876,0.05505347629493145,long_only
0.05819741994793147,0.0720301379650551,long_only
0.0748145101856839,0.10518711682928207,long_only
0.10825916431636239,0.1913653607887368,long_only
0.08420012689618357,0.10972136960345806,long_only
0.07361598210802749,0.09793992067032462,long_only
0.10893536564438999,0.1908859027687582,long_only
0.08047816726146838,0.12609362705839675,long_only
0.055891841798947114,0.11474388837770438,long_only
0.06858199974128111,0.11063779624553213,long_only
0.07799227788149068,0.10151880375342356,long_only
0.09160814506292889,0.13760739917548626,long_only
0.09970256892152453,0.1590660507708807,long_only
0.10131914527831248,0.1880001147187476,long_only
0.12455147118345979,0.24635475665814344,long_only
0.08810510358513234,0.12460774008127756,long_only
0.07937274529088667,0.09804047840465081,long_only
0.07284207454449053,0.11632024469175559,long_only
0.09321670833170653,0.14468174489047167,long_only
0.07330509609232036,0.08339339958909663,long_only
0.07057585046538878,0.08567142635167453,long_only
0.06254316220546784,0.06065522606732857,long_only
0.07736540982242529,0.11823984237658061,long_only
0.09698368012460455,0.15711662946894778,long_only
0.07696632260389367,0.09411543914646592,long_only
0.09773771461749414,0.15703497285273724,long_only
0.08038703564014668,0.12267486201941588,long_only
0.06363650155660426,0.09377471694686469,long_only
0.07401770326505824,0.08244825224348182,long_only
0.06486424443732369,0.08223489219348588,long_only
0.08902969477493924,0.1395724826110791,long_only
0.08318352726701109,0.12407057018371641,long_only
0.09199839625097717,0.13685439332353636,long_only
0.07786699477198075,0.11500733555903758,long_only
0.08585553520549008,0.1228078558427911,long_only
0.06926460871124038,0.08513789444309625,long_only
0.09538880062879715,0.15485887851684416,long_only
0.0933911419887917,0.14505582052085728,long_only
0.05450527975273784,0.08376013345364638,long_only
0.07693593864111034,0.09527162589117165,long_only
0.06762550981548393,0.08925400682469999,long_only
0.05991936643218082,0.09560398850839723,long_only
0.08088506330380689,0.13773061600682726,long_only
0.05730274634187564,0.07425236709935762,long_only
0.1001877864735905,0.1804293557923302,long_only
0.05683907707399571,0.051968251722433266,long_only
0.07420285694317019,0.08975198041332182,long_only
0.09846719432376709,0.16370231207416,long_only
0.08520907061926926,0.14379630913519478,long_only
0.0882117237350294,0.1316223707850572,long_only
0.04903687618389806,0.07178476378701733,long_only
0.08783099706166894,0.1449097229580352,long_only
0.10137630858587889,0.1723969852061015,long_only
0.08837687682721598,0.1540156445538336,long_only
0.0988848641867023,0.16926281231953344,long_only
0.05580813742917663,0.059526482892615445,long_only
0.0755352982097871,0.12565601867567297,long_only
0.04848886855812149,0.05238215157571224,long_only
0.07976494781603892,0.12770939583846222,long_only
0.06569040725211545,0.10970940338265513,long_only
0.07876084591802217,0.11685496099478768,long_only
0.07725168936545468,0.11543853396454604,long_only
0.10391265716198778,0.1739061521167749,long_only
0.05110958701376922,0.07458817760112868,long_only
0.06995663574328051,0.12286795781742131,long_only
0.09556128868435587,0.15997729234341002,long_only
0.06392687855449185,0.10256685395229682,long_only
0.06924225899695213,0.09026807374119701,long_only
0.05971076517348188,0.06212990033019174,long_only
0.06225877236655602,0.10260174207435468,long_only
0.11024191676703826,0.19076272749608847,long_only
0.08394658802470731,0.1277259602380692,long_only
0.06919077874997522,0.10261894150414258,long_only
0.10969008506938807,0.2074901311293737,long_only
0.0728908480426802,0.12497806715350672,long_only
0.11554983396004377,0.20932123035759084,long_only
0.07649664907120939,0.11525292303891244,long_only
0.08538393130405655,0.133972340326794,long_only
0.04911351667643967,0.0769005484570703,long_only
0.08662368664163354,0.13236048218989488,long_only
0.09496774534101059,0.1636308147923237,long_only
0.07320971054209434,0.09806127596848352,long_only
0.08071409807894794,0.13400083706777197,long_only
0.053952744491015364,0.07420448850500616,long_only
0.062186696781054554,0.09334209579772346,long_only
0.05825346946313509,0.06828489496727155,long_only
0.1091084988896676,0.19501799103105802,long_only
0.09367042121885372,0.1588889302436049,long_only
0.06179133966786651,0.06385200056315413,long_only
0.12950932326689651,0.25769382169458,long_only
0.05756716993991777,0.060241452404255325,long_only
0.05368964679091079,0.08842740318505939,long_only
0.07345093377356811,0.11614267272169074,long_only
0.09211457248923977,0.1415574841012992,long_only
0.061728691362755585,0.06931045869566213,long_only
0.1006215398922347,0.15942417165144968,long_only
0.060345936483792585,0.0695432586532667,long_only
0.08334218240155107,0.11752524267219343,long_only
0.062173928041524794,0.07382814638826642,long_only
0.0959874211762006,0.15824357410939788,long_only
0.07230080774314253,0.08400742936884893,long_only
0.0707645641252562,0.07609238843048652,long_only
0.08238278209363004,0.13322951372195116,long_only
0.06601956663591477,0.0813559076732101,long_only
0.0945985562541663,0.15041632653660178,long_only
0.09685339565333978,0.15962576789741895,long_only
0.08306692247678532,0.13330383645824284,long_only
0.07934391674972802,0.11501129881104029,long_only
0.08231117551907965,0.10717243548797846,long_only
0.07602599209671929,0.10408876125212628,long_only
0.06484095650915132,0.06865602438707105,long_only
0.08335787319679842,0.12854057623337375,long_only
0.09555655523987254,0.15472605819112953,long_only
0.08989326341807075,0.12754125186761078,long_only
0.07841694054225874,0.09355291711996992,long_only
0.08730815269315997,0.12986304325641415,long_only
0.09108669508432811,0.1459988126361602,long_only
0.04619025042905184,0.11345839418118078,long_only
0.04810905823198626,0.10777769243271844,long_only
0.04842351699497885,0.10705785824130808,long_only
0.09059425571010751,0.13300135997731669,long_only
0.06537048289875397,0.06626020824642484,long_only
0.08793552097483441,0.14697596182639516,long_only
0.07780019793246981,0.10711981239577703,long_only
0.09902140276416767,0.16561864322820488,long_only
0.09091408895557307,0.1367026966665347,long_only
0.09789618278531662,0.15829883392571575,long_only
0.07471789670703882,0.12058904895643884,long_only
0.07279590799100313,0.09218039044465272,long_only
0.07189652202683482,0.07645499756438814,long_only
0.08433215198684436,0.11527362350477333,long_only
0.07769339262766746,0.12000261373738305,long_only
0.10686844773167822,0.20314628107591984,long_only
0.07739716878289231,0.09078505720331884,long_only
0.060860508398699345,0.08231505571554751,long_only
0.07099935772903049,0.10965481405684706,long_only
0.06700921877973813,0.07917241626098333,long_only
0.07753058391603579,0.10723128941482424,long_only
0.09728233576680008,0.15633832353836527,long_only
0.05571593319143693,0.08350724326476175,long_only
0.08370779377670481,0.14265751773632046,long_only
0.07587905736155326,0.10595364547314666,long_only
0.07751544125735325,0.10788589730372339,long_only
0.060824465243140766,0.09725770415380545,long_only
0.07356180748531985,0.09324829014678639,long_only
0.09755031346128479,0.15391255022530795,long_only
0.09321192898839105,0.16088133250682726,long_only
0.13007072594612087,0.26630238596180955,long_only
0.06648169584678533,0.08917751468254069,long_only
0.058295896360935295,0.05145520562482033,long_only
0.08661996653586669,0.13525009637366606,long_only
0.0885645700183455,0.13463336837006876,long_only
0.08923382483322247,0.1451098466690156,long_only
0.0816442252262726,0.11217595716017811,long_only
0.07886398597736097,0.13241081404568408,long_only
0.06514543316507906,0.06274610094385098,long_only
0.0574337607726257,0.05766545579186009,long_only
0.04406941826878752,0.08872845118630449,long_only
0.07882605966762404,0.09497984952043992,long_only
0.08625544261865467,0.12847875397924435,long_only
0.05866663632434334,0.09610675851004287,long_only
0.09217987436884309,0.15096889085732582,long_only
0.06519348392803029,0.06969431473150269,long_only
0.05716820318926254,0.05006515773015235,long_only
0.06213796280981137,0.08798963118545378,long_only
0.0883707332908013,0.1318329472177273,long_only
0.07065230484986834,0.07411391647098366,long_only
0.05507855026659732,0.04975003908544108,long_only
0.066400072685237,0.09459537363182985,long_only
0.06976422117233524,0.09341761525958879,long_only
0.07113880633976064,0.10619090075019896,long_only
0.1097728328699814,0.18855884775879123,long_only
0.059221651890250054,0.055411664894350156,long_only
0.08184686597878055,0.13105669469522285,long_only
0.08158221341006397,0.11565594166687598,long_only
0.09828249913608192,0.15671681567033374,long_only
0.09584339349271505,0.15280277247249505,long_only
0.07510231084329197,0.12095710592607349,long_only
0.0625866380097205,0.06470424558809144,long_only
0.08519724545889339,0.11491343404200492,long_only
0.10815687611170192,0.1951917715644694,long_only
0.058463959196339454,0.07789482458050136,long_only
0.05681130551854546,0.055670669520343934,long_only
0.06998850209575323,0.12150822955037724,long_only
0.11230174264614733,0.20395650021349776,long_only
0.060853328250216936,0.0737456567167717,long_only
0.06246360472215151,0.07889848621243292,long_only
0.06331851270063787,0.09073904766621202,long_only
0.054747212124118386,0.05408373938285277,long_only
0.0846618276007258,0.1285191020421358,long_only
0.11035099753193323,0.19108924984892398,long_only
0.10859243297372846,0.18723139607203634,long_only
0.06980421369395798,0.10963397933000522,long_only
0.06498529644594524,0.07371793503027986,long_only
0.0738932341423242,0.08736337037062643,long_only
0.06718816386106424,0.08039349220195283,long_only
0.0680525986013938,0.08987639185456386,long_only
0.08684859107012512,0.13184218076435905,long_only
0.06075261651944641,0.08519450645472428,long_only
0.06780857296760354,0.06729048936908519,long_only
0.0869487758977796,0.1240249902375332,long_only
0.07433548028984586,0.11241862170458693,long_only
0.0612790190881482,0.07854140236564361,long_only
0.07546354957886293,0.11508829327738695,long_only
0.06081802485033644,0.06201564778206288,long_only
0.10957879720934749,0.1961373247439619,long_only
0.0978313775968583,0.1537140933993916,long_only
0.11200630607358178,0.2036176591928155,long_only
0.10306396706606043,0.1908613036420914,long_only
0.08190617415656759,0.12221305063923169,long_only
0.08672008545569355,0.13559579249925205,long_only
0.06662941092062749,0.09134878377009516,long_only
0.07091940051870103,0.09982436761536946,long_only
0.06152524778716119,0.06494099923054314,long_only
0.08588604474853363,0.1432616548121509,long_only
0.07049494997867645,0.08758851992375381,long_only
0.05756069486629166,0.10158928272722212,long_only
0.051749912674416844,0.07731196100745695,long_only
0.07015572246363996,0.11437658434760505,long_only
0.07407026139676634,0.12852282251139102,long_only
0.09521528002465325,0.15479465170469386,long_only
0.08331626230388134,0.1290338738408358,long_only
0.08539539140523686,0.11804111266257382,long_only
0.05764338955555177,0.09224506506225363,long_only
0.10820460856085407,0.20199599094659249,long_only
0.1022190276839441,0.19165708593883307,long_only
0.08674057226023756,0.12014272316065758,long_only
0.060668628093438655,0.07276609220250708,long_only
0.0742494577072035,0.08193266799651139,long_only
0.09787084810591484,0.155282752960545,long_only
0.055656732004486294,0.06604137364415855,long_only
0.06371937240422432,0.06631660930147475,long_only
0.08799719654577068,0.12310123367475252,long_only
0.06445121876233573,0.09462605176946866,long_only
0.08488472994383266,0.11567729759823576,long_only
0.07434060105615715,0.09634994364618023,long_only
0.09408891388319136,0.15244909549416052,long_only
0.09065533195189752,0.14328708504836457,long_only
0.09213820094020232,0.15265734072126003,long_only
0.0800251005002917,0.1313950980400555,long_only
0.08730901819063734,0.11923588606845138,long_only
0.060797257896748794,0.08913295425567394,long_only
0.060434611036556576,0.09290773827930987,long_only
0.10779102100201805,0.19276033160880146,long_only
0.06955037195659765,0.10246997725018539,long_only
0.06968136703910559,0.07629516853207216,long_only
0.09569005861939457,0.14940783316928913,long_only
0.08552819198724454,0.14479580125055286,long_only
0.08402811713107977,0.13964149449437463,long_only
0.06833690985952343,0.06823354183737068,long_only
0.12101540440577413,0.23784258072482312,long_only
0.11959414630995262,0.2368059670447623,long_only
0.06192798290056639,0.08674263164767029,long_only
0.10063587765018195,0.17175986148223,long_only
0.10255208977305785,0.1899996368818584,long_only
0.07284125229452162,0.08270671297021194,long_only
0.08145683242004403,0.11226461488684888,long_only
0.05382508586160002,0.0490468887617825,long_only
0.07506262062186249,0.11297251166162589,long_only
0.048615608637768724,0.050198149434680144,long_only
0.05704937007958655,0.05518264204188484,long_only
0.06040703405181339,0.05480602465440906,long_only
0.07958747652927686,0.11253386654222566,long_only
0.056678515230305426,0.04957796954934311,long_only
0.06895568405301555,0.09892465434564686,long_only
0.07846235062431728,0.11075559076784314,long_only
0.08812809982545783,0.12492974877161389,long_only
0.09421868143441403,0.14972814682515959,long_only
0.08366587284641411,0.13343744267834812,long_only
0.0722788973796821,0.12726953922068854,long_only
0.0946888781357644,0.14338975755186859,long_only
0.07729817287271715,0.10481241835244251,long_only
0.0804280145570731,0.10422243209083594,long_only
0.053766252705486746,0.060868586989098444,long_only
0.04699068831748612,0.08885936394974522,long_only
0.10154213880288068,0.18799482010055704,long_only
0.054227671835614034,0.0728572392747109,long_only
0.08009267925952622,0.1271556931277246,long_only
0.08417482794523354,0.14946105200415238,long_only
0.05967202894789826,0.06835518964497925,long_only
0.07760525431640672,0.11418262460028285,long_only
0.05209240595924654,0.08812212441759505,long_only
0.07474881250985108,0.08741501153776189,long_only
0.08358868721895672,0.1388571614131876,long_only
0.0761799867916458,0.13149127300245758,long_only
0.04893050801986644,0.06688098721421872,long_only
0.06338668571250608,0.08045191979699297,long_only
0.08649479854523916,0.1368893731600504,long_only
0.05679308103922011,0.09742692664667468,long_only
0.047530996388771174,0.06994505776852457,long_only
0.10710256746186161,0.18310036191992551,long_only
0.08942585630820779,0.13856863307995188,long_only
0.05827056192941507,0.058108333655010266,long_only
0.052387568549892634,0.0512406592862241,long_only
0.06190914183933448,0.07860704136162032,long_only
0.08119364836244092,0.11633750523791012,long_only
0.0646378712279154,0.06529118656013712,long_only
0.07225479991187736,0.09366324021508654,long_only
0.08752827659452499,0.12172054438796091,long_only
0.09263775855710416,0.14884984922111374,long_only
0.09880523633928961,0.16081366493874658,long_only
0.08897920850469215,0.14456342150218926,long_only
0.054807867836772405,0.054315489680893614,long_only
0.06974705317714772,0.09804652622853678,long_only
0.0855269086985088,0.12541183436431197,long_only
0.07093314406174318,0.07708766091710098,long_only
0.054336641652885515,0.10084924996124314,long_only
0.07394779699528208,0.08291750962283498,long_only
0.060766907065006114,0.09540415748629852,long_only
0.06758467543535901,0.10384952361468044,long_only
0.05318574678855823,0.057674169339620836,long_only
0.10698832825009544,0.19224577861332695,long_only
0.09089171110516792,0.1405116088126666,long_only
0.07755801484707545,0.11884429035299761,long_only
0.0911150503386238,0.15034340402967464,long_only
0.07907167008170277,0.13065817223063741,long_only
0.05678860796944916,0.10077918108120812,long_only
0.06600366597824854,0.0884828267859191,long_only
0.0841827297963424,0.11364101101188975,long_only
0.04918248378483711,0.06743097136112226,long_only
0.05019952268580431,0.10157717198987452,long_only
0.0824133736636245,0.11709434277669303,long_only
0.061012633173533476,0.05601395717890991,long_only
0.05196698700594608,0.052583588213430746,long_only
0.1046351644492774,0.18149194824695222,long_only
0.07533929246392689,0.09735448675231603,long_only
0.07937539974833258,0.13433210387351618,long_only
0.07745148251240337,0.12187320764232047,long_only
0.063693477695959,0.08391228284550842,long_only
0.05912300875084611,0.05627525701595905,long_only
0.060245087731071165,0.08948135597247808,long_only
0.062072133039152634,0.10992309232621139,long_only
0.056556749701474646,0.05551276101496262,long_only
0.06300285953357593,0.06273232479479146,long_only
0.07109445686346258,0.07421919473813852,long_only
0.08065386410475027,0.1288118352101524,long_only
0.081713497137651,0.11122789813804504,long_only
0.0738500971519625,0.08277249812042675,long_only
0.07714457596486952,0.1316333721445888,long_only
0.08146910927822028,0.1490819276240387,long_only
0.07616079530555972,0.09441669406348249,long_only
0.12061821340279708,0.23287508062209697,long_only
0.07991041759001599,0.13318875181786108,long_only
0.07246608526041705,0.08025412901343912,long_only
0.08607091135715345,0.12647915434323195,long_only
0.06980477486243017,0.1147279498514802,long_only
0.06305005180536782,0.05982718985088432,long_only
0.08243845888565385,0.12462679085310517,long_only
0.07196924820585317,0.12492549182873948,long_only
0.10704672007974018,0.18648703181494977,long_only
0.08908716688412262,0.14047070607491763,long_only
0.07924136241188189,0.11749647662673293,long_only
0.06801850271669292,0.07416448532349516,long_only
0.05604501424374281,0.09248496759768121,long_only
0.060963286135925054,0.08623717900653873,long_only
0.09405849878478849,0.15081763189043448,long_only
0.07136057674471559,0.10502875233211302,long_only
0.05640252290556154,0.08609921499369526,long_only
0.05642109008428591,0.05380090702337103,long_only
0.06098382231865361,0.05758193819461216,long_only
0.08486309052767677,0.13133411298312253,long_only
0.058785608237941024,0.054541015777714516,long_only
0.08122025764548779,0.12168050085482363,long_only
0.0585192309834599,0.07718129334955952,long_only
0.0578418964830832,0.05170532490844082,long_only
0.049438683125271166,0.06087681235386005,long_only
0.08556939667312281,0.12803345465940402,long_only
0.08873282615836729,0.13490611689302354,long_only
0.053916556812987744,0.05399368389337622,long_only
0.09263986742017095,0.14868246489764658,long_only
0.08504155141751217,0.12952496913636646,long_only
0.053970392756247224,0.055792792932015146,long_only
0.08573861578235538,0.12300124863100816,long_only
0.06685704990852295,0.09744321417158368,long_only
0.06192246225005394,0.06866222880837412,long_only
0.08121997668686175,0.14735606800310377,long_only
0.06571773449507956,0.0763947685645848,long_only
0.09886528942918277,0.16789212200508027,long_only
0.08714698916013797,0.13148129590713925,long_only
0.070727572877308,0.07861172642514587,long_only
0.05186881630325848,0.0629336124603964,long_only
0.06898345614584658,0.08949525489641012,long_only
0.09783019018597336,0.16171724530403653,long_only
0.11448550683361373,0.2130808226864526,long_only
0.0972629525227597,0.1514330044678556,long_only
0.08025633855526727,0.11512895600758735,long_only
0.11801995588988391,0.23392336787908494,long_only
0.07665103186930498,0.12083275174737378,long_only
0.06695659688697006,0.10923043476214804,long_only
0.09840501481004459,0.15710984052151564,long_only
0.06470678657960396,0.07112983440488298,long_only
0.10746330558196271,0.20149551704121213,long_only
0.07298288781727792,0.10427322477061085,long_only
0.0545618299601067,0.07656028527654021,long_only
0.0956956968821365,0.17965567125222187,long_only
0.08127927480743079,0.10930629778917196,long_only
0.06161445558823858,0.06873444446703349,long_only
0.0732780862492265,0.12103376209835288,long_only
0.06317029227954607,0.07766681389183651,long_only
0.05424138369925377,0.06298400844187112,long_only
0.05791099902684611,0.0848942625984246,long_only
0.0735815559887475,0.08724425324024887,long_only
0.07548327933095683,0.10016553114527602,long_only
0.07205293002218839,0.10926826281219955,long_only
0.09060872607604561,0.14506615209032106,long_only
0.10034506725299301,0.16421954568765249,long_only
0.05405331203901688,0.04939787157724741,long_only
0.09605008864802039,0.17846452543948746,long_only
0.058825544134238905,0.0524905912135995,long_only
0.11211811219028524,0.20397294286676057,long_only
0.08705177389684508,0.123855580298782,long_only
0.051864522139013186,0.055346629467880076,long_only
0.1253762417606776,0.2543306304950909,long_only
0.09221655449062482,0.14758604770147807,long_only
0.07074351320203157,0.07782598869530775,long_only
0.0744011467131758,0.10518739739563272,long_only
0.09388947813826923,0.14752471365674616,long_only
0.09349330275008934,0.14806594089245997,long_only
0.08762993673053009,0.14562452995527253,long_only
0.07146043909813504,0.0789351154658325,long_only
0.08699011098694606,0.12795758639497895,long_only
0.06230912820393078,0.07958106095717578,long_only
0.07588873839828195,0.12027355327239288,long_only
0.07276003926190755,0.11377240885137963,long_only
0.08424333759519124,0.12499145909678554,long_only
0.0774237841525615,0.10328021233685074,long_only
0.10753187165678954,0.18381864724579255,long_only
0.07733979548707753,0.11771519631323987,long_only
0.0664408944841856,0.08521908889955394,long_only
0.09036423996979673,0.15058589115973922,long_only
0.07800691587239908,0.12113467125569893,long_only
0.06401545027933045,0.062309954281857656,long_only
0.055663523635089716,0.100999309633503,long_only
0.07412600061773106,0.10283730538629592,long_only
0.08134939719761516,0.1313773642276547,long_only
0.05189150660074754,0.08550399647805197,long_only
0.047100725879313785,0.08504649716345364,long_only
0.10554068440301134,0.17823597069926314,long_only
0.0940459840119906,0.14247606633120877,long_only
0.08359554844881004,0.13533408066954658,long_only
0.08309298975493866,0.11199530121281531,long_only
0.11740149356513713,0.2176588100150627,long_only
0.058877789067892664,0.09066653177084485,long_only
0.06510328480396421,0.06322465234782736,long_only
0.0455337733161159,0.08977896097833972,long_only
0.10205100928925467,0.1685929898963138,long_only
0.0678065462758077,0.07360389708539594,long_only
0.06506479329859116,0.07615020877654938,long_only
0.0685422222833326,0.10459205993067026,long_only
0.08489150121945545,0.12986682538232053,long_only
0.05920303190055273,0.09195907471279613,long_only
0.11281925208388273,0.20999923237552942,long_only
0.0721066286805098,0.1294417510952219,long_only
0.06663167463198694,0.10137257013725098,long_only
0.0795974615767344,0.11197036990709616,long_only
0.062220604961941664,0.08174839071347574,long_only
0.08582100016664099,0.1292335383424523,long_only
0.058824242304939794,0.07108449764139987,long_only
0.08231263624703924,0.13440246160005542,long_only
0.05526069811812042,0.09892675998883627,long_only
0.07510740570508173,0.10864575897650934,long_only
0.09135546235964481,0.14020842377655007,long_only
0.0665496673721171,0.07278235701234426,long_only
0.06213269113205057,0.06549378625130395,long_only
0.06998696088626649,0.08843070817404333,long_only
0.09599762919172197,0.15047966875050897,long_only
0.10308507123488238,0.1744709952551847,long_only
0.06470929364808302,0.08247876321582505,long_only
0.0587495570029311,0.052181219206622935,long_only
0.07820759439738663,0.1072852111518618,long_only
0.07084252638499572,0.11162159688129546,long_only
0.07735166904232324,0.10680551360718757,long_only
0.07145247980021571,0.10275449080197874,long_only
0.06667326336751501,0.10696770641305664,long_only
0.06848814934209474,0.0706192113983265,long_only
0.08045977941540189,0.12073541328318277,long_only
0.07055606341854657,0.10114611002018192,long_only
0.08537052620297755,0.1165350427084028,long_only
0.08452772322345757,0.11932374240857428,long_only
0.13076037283708145,0.2675380148958828,long_only
0.07710704567342133,0.10189067526793433,long_only
0.06141135421128228,0.06381592405953998,long_only
0.09398207417805649,0.16463105553431884,long_only
0.06559194310609479,0.10873462713888742,long_only
0.07463341327448869,0.09515691893854397,long_only
0.07170077361642789,0.12583614397211565,long_only
0.08642377476035426,0.12950976755231275,long_only
0.08057836478389384,0.12684547329146886,long_only
0.11184226704645353,0.20454908248367057,long_only
0.07184772753740519,0.10844789376937546,long_only
0.0895589944896341,0.15985631948665532,long_only
0.07149460655184979,0.09654278906090549,long_only
0.07519039615600832,0.08786795867650274,long_only
0.0716080080150138,0.083285366341011,long_only
0.08758544752514622,0.12083065396659531,long_only
0.06089750570504908,0.09941310811419499,long_only
0.051215508700990856,0.09449370402910529,long_only
0.0661827823850615,0.08888177612224261,long_only
0.06875351264087753,0.07324508816259069,long_only
0.07910676055768281,0.12321027939275175,long_only
0.05779300996274984,0.05068785410659708,long_only
0.08499715486197303,0.12309981975115475,long_only
0.09098114308853172,0.1362140554082983,long_only
0.06347171056734371,0.10935171941124415,long_only
0.061354645461249496,0.06457629586899076,long_only
0.09687920506669803,0.1695860112990258,long_only
0.05500723517537928,0.05299650115678529,long_only
0.08944994584944083,0.15390564963294368,long_only
0.06189969959600297,0.07044794674326978,long_only
0.07790223811050016,0.11117591025251025,long_only
0.0833300404594897,0.12623967296703362,long_only
0.07324313808833242,0.09095642993225511,long_only
0.09036012260333605,0.13981433988614653,long_only
0.06403351374587012,0.08682595645508855,long_only
0.07529106871427826,0.10665771521696024,long_only
0.07087082054202976,0.12568120331583646,long_only
0.08414370112535713,0.1322380230279416,long_only
0.0701351720516848,0.08128005231065309,long_only
0.0659140991645951,0.0788130115214872,long_only
0.07452140374823922,0.11674322109478483,long_only
0.08586908103861185,0.13939417225597955,long_only
0.06715678662208024,0.07179053563905018,long_only
0.07365504772236947,0.11531785942028032,long_only
0.1107046932879116,0.19887480167838795,long_only
0.09493318285803487,0.15105762120424204,long_only
0.07206080386228728,0.08324543505364866,long_only
0.08417701831247573,0.1148732210433368,long_only
0.10568190383430186,0.18076474930365646,long_only
0.07769162148822219,0.11473015294193453,long_only
0.07509074399296846,0.09365520101429688,long_only
0.08195257618764545,0.12356868777145652,long_only
0.059460374031180166,0.07566567261234347,long_only
0.09786280397457446,0.15821259083042322,long_only
0.06371315155311694,0.05976507159508,long_only
0.06810448436342456,0.1049543777368215,long_only
0.1021157658346407,0.17788614801683053,long_only
0.10050401468352592,0.17112000754544426,long_only
0.06101137141238104,0.06480321684892905,long_only
0.0684694782306719,0.10659478708622246,long_only
0.07699507710545313,0.11344525165635025,long_only
0.06618612913185981,0.06975223315468558,long_only
0.07867070172619411,0.14260971758470187,long_only
0.08607503205101441,0.12773272986446116,long_only
0.057145182262619304,0.07713046171770155,long_only
0.05575309612254274,0.08692299311510476,long_only
0.08863471802756584,0.1346943231065199,long_only
0.06569174931133784,0.09121071071467787,long_only
0.08597807995944788,0.11571422896849617,long_only
0.07282006091643303,0.11220155149134277,long_only
0.06840577097204163,0.09438703815238937,long_only
0.07723014322631627,0.1093982447030187,long_only
0.059540269472926156,0.07624897175968512,long_only
0.07976563377744827,0.1279760987009266,long_only
0.09328755691614353,0.15577520954345198,long_only
0.05769399649996717,0.0698676089975308,long_only
0.05861726411476054,0.05452046644648408,long_only
0.05310356053999461,0.09872362372343355,long_only
0.06955738474283774,0.10579325860754299,long_only
0.05775831036453429,0.09100138339980574,long_only
0.07038573856555029,0.08895404547488263,long_only
0.07828185900012423,0.11301907318928636,long_only
0.09650829156758758,0.15847024618584785,long_only
0.05407467550824362,0.05179945871878936,long_only
0.09580176597738864,0.1685060977891926,long_only
0.07093300013842717,0.07719117268760076,long_only
0.08390022206868909,0.13954938752890433,long_only
0.10885673489899525,0.19881836682411325,long_only
0.0913969463102131,0.15407329480628668,long_only
0.06826875375350883,0.11123281766839535,long_only
0.07609378561520426,0.10560249173011967,long_only
0.05486555833045355,0.08373772618936377,long_only
0.06012509011456377,0.07161991997904336,long_only
0.06978347086188003,0.09612102297185506,long_only
0.0720888357771541,0.09659323138774023,long_only
0.06917692010462151,0.07961523662667157,long_only
0.09115898576160189,0.13383364356616143,long_only
0.057739103171947984,0.1007354161421559,long_only
0.08213475615283558,0.10828475869962853,long_only
0.0987761226873786,0.15434597112734835,long_only
0.07374260050106574,0.11593076665328785,long_only
0.1209260473464773,0.23206355420431793,long_only
0.06805118349954373,0.090352388429116,long_only
0.07300834075103203,0.11483801848893696,long_only
0.05999785928610771,0.10345010840367536,long_only
0.07366592251254947,0.11378382275133378,long_only
0.06254446481422996,0.09995108497487776,long_only
0.0922724416820421,0.1372726552179741,long_only
0.0481718535419417,0.07218159682466237,long_only
0.04573467615425065,0.10958179779467556,long_only
0.08732651381073632,0.13346583979876925,long_only
0.07216835868437976,0.09369772984055771,long_only
0.08115796965898221,0.12404270365407016,long_only
0.09022947549028168,0.13978669025158913,long_only
0.0812531052367031,0.10487043573525531,long_only
0.07011451239457862,0.07852086665425778,long_only
0.07912354278502837,0.10369774086283723,long_only
0.08600165418447749,0.12302247371389052,long_only
0.07404129864880084,0.12055669002449758,long_only
0.07240791885436691,0.09868209483205365,long_only
0.06166763472487746,0.06371521132431641,long_only
0.06710852598247012,0.06817213860658196,long_only
0.05599507528554451,0.0679724467114457,long_only
0.08307671595421273,0.13778345583153975,long_only
0.07138104132216869,0.09345719363170941,long_only
0.06645543397614502,0.11146658979571263,long_only
0.0514381257612983,0.07450974317180424,long_only
0.05190483873840265,0.10475356482263497,long_only
0.09222757723457191,0.14174424032753113,long_only
0.08233802490495032,0.11288702054292751,long_only
0.06941309178126359,0.12243651735241759,long_only
0.0841811831810545,0.11528762624768542,long_only
0.07261943917080377,0.11459611907301484,long_only
0.11163375456804484,0.21089186571117105,long_only
0.05378210275771232,0.08560729301716889,long_only
0.08872321517113996,0.13947320713398567,long_only
0.11691708409377985,0.22209889888060355,long_only
0.061939492837576576,0.06465989897669323,long_only
0.1255690045605182,0.24571561762559463,long_only
0.06928693784462309,0.07040413838329854,long_only
0.06396226734123958,0.06831162126279303,long_only
0.06889761167277683,0.06958545557487149,long_only
0.05591164138060864,0.09373133843490947,long_only
0.05392424523810946,0.08514822637836417,long_only
0.11379455858533878,0.2080457232233726,long_only
0.05995424599612382,0.06823662779532229,long_only
0.10857904551904542,0.18898958261517546,long_only
0.08019919373390899,0.12496662751398356,long_only
0.0655894855992357,0.10400502661864484,long_only
0.0776749275122974,0.10568198633305126,long_only
0.07924744523798141,0.09922194337630852,long_only
0.09025782786191536,0.1349005225748611,long_only
0.09563618183202624,0.15075498601875542,long_only
0.054189152993363854,0.08965978277931719,long_only
0.06457017537216451,0.07894189571143503,long_only
0.09845150899218948,0.15656770997382785,long_only
0.10395805176137349,0.1746461764890792,long_only
0.0679278747233711,0.07835139547918221,long_only
0.06526448253442739,0.07958330372519722,long_only
0.06902024091399048,0.0741952949942721,long_only
0.08221860776210552,0.1429040370094895,long_only
0.09295357530750958,0.14235759682119228,long_only
0.07087014785883153,0.10721750502863056,long_only
0.06981382463039545,0.07676947447823021,long_only
0.06187700768939097,0.06848552640903938,long_only
0.05940796185875367,0.05365596807191928,long_only
0.061481738241425055,0.08108833837152357,long_only
0.07172707907459004,0.08655065989429374,long_only
0.07530600960930195,0.09440810183469805,long_only
0.10188917712114447,0.1648059229146829,long_only
0.05785031829392297,0.0689187170235098,long_only
0.09915739046370678,0.15885967452815766,long_only
0.08838616016824585,0.1280811078691646,long_only
0.052253059010181444,0.05100996006611185,long_only
0.05504603853846832,0.048852988758181684,long_only
0.055545513002592736,0.07203511825257328,long_only
0.04869485064822833,0.06564209613353195,long_only
0.10079993255379213,0.17552893243140757,long_only
0.07717688525035252,0.09693010915461893,long_only
0.06886625667221384,0.08980428536161926,long_only
0.10272486164312516,0.178709276965141,long_only
0.07731236257048148,0.1085394001399587,long_only
0.06568274284842152,0.09979607058283087,long_only
0.07241817966753908,0.0941260977334436,long_only
0.059733958235913945,0.06403833968637443,long_only
0.08212839434315,0.11074601186554547,long_only
0.09121421685448877,0.1448103127029931,long_only
0.08537364402975742,0.14255654234905335,long_only
0.07948749941923432,0.10496580654773095,long_only
0.06860235240546683,0.09745599460899276,long_only
0.05244976515815267,0.05932430326297222,long_only
0.08676617790983937,0.11751618646123915,long_only
0.05646474131338198,0.049309887691844786,long_only
0.06307385514981535,0.06772215394700512,long_only
0.07347797374316685,0.11160727271123352,long_only
0.07149199167489131,0.1184924445524617,long_only
0.10934454638832222,0.19107197664496653,long_only
0.10016480268111538,0.16458426612077487,long_only
0.07174411771225926,0.11758244315888969,long_only
0.06873818290919148,0.08328365597806879,long_only
0.07719539637434944,0.11477999646068361,long_only
0.056866022158486434,0.0517887325003446,long_only
0.08212723357699798,0.13788441780185784,long_only
0.11596813969511661,0.21627479808943223,long_only
0.1060624562019917,0.17882118428951893,long_only
0.07809882974454022,0.1191704652631877,long_only
0.09300342939285722,0.14770422633565494,long_only
0.05102095121999493,0.07023330330390647,long_only
0.05699388204060646,0.05888538248380631,long_only
0.08528784643389098,0.1515543424490812,long_only
0.054892653987792965,0.05129919756745622,long_only
0.07819693291442545,0.10353955955728116,long_only
0.07199545007581906,0.08691181248598312,long_only
0.07239973296645903,0.11834697996410548,long_only
0.06461876800013479,0.0837497839406226,long_only
0.08493716241334355,0.11620971665890052,long_only
0.0798414808028397,0.10142380553737752,long_only
0.0788753280455859,0.11391953793572818,long_only
0.05568372410233226,0.08238347188238362,long_only
0.09012432076305635,0.13914111041147553,long_only
0.056045440707229055,0.06801895401683926,long_only
0.073503942374851,0.10091345040109195,long_only
0.06301525415562775,0.0889912210736906,long_only
0.04925306031341621,0.07206323454308629,long_only
0.07596642836539891,0.1306813833453494,long_only
0.10760464205768548,0.19476249108148175,long_only
0.08402429282620662,0.1243355636976712,long_only
0.08255620277110366,0.12219333746127439,long_only
0.08521209097968975,0.13988175687958387,long_only
0.10946174283716922,0.1872629013277114,long_only
0.07080090509157606,0.1166895900115181,long_only
0.07401440007602368,0.12472543671138703,long_only
0.09058832862242934,0.13271180068243346,long_only
0.06720328605555331,0.10272350908944418,long_only
0.07733964886754748,0.09094174103026216,long_only
0.07606621982997275,0.11475681931032759,long_only
0.0987140941565655,0.17002261518411393,long_only
0.07798678243323906,0.09328060419666807,long_only
0.04856387923217108,0.08759700146454925,long_only
0.05843918735710209,0.05546320740102397,long_only
0.10439070784767887,0.17852727681052039,long_only
0.07934822748149425,0.10264615433703751,long_only
0.056218913958908295,0.0871316369646992,long_only
0.11991250019623859,0.22611354027008423,long_only
0.12398887072071682,0.24927791024031531,long_only
0.04421445278689115,0.10629544575653434,long_only
0.11963753792198141,0.22933704575944683,long_only
0.10246029466458426,0.17259083029896735,long_only
0.1282642714417575,0.2563073973168209,long_only
0.07785855415249826,0.11131688181067909,long_only
0.11442830796962832,0.20593669912694532,long_only
0.08909566378928392,0.1438887668515485,long_only
0.07961948620114896,0.1329181693177772,long_only
0.11896450880868709,0.22899214388439593,long_only
0.073607606572474,0.12461695059858886,long_only
0.1057619536518771,0.17792013438091786,long_only
0.05461547112404086,0.09910247674329858,long_only
0.07846191538428281,0.10067521404210444,long_only
0.07053925375041503,0.07405229048179017,long_only
0.07911266118344304,0.10473680687119703,long_only
0.1000129622051987,0.16518988572870338,long_only
0.09085404471336152,0.15118862884445003,long_only
0.0611889491282005,0.10703767842822626,long_only
0.06470593984367269,0.112296272214568,long_only
0.07177152130778103,0.08292406789653207,long_only
0.0641112764262448,0.07521138934274862,long_only
0.0700546449471854,0.08551976030527614,long_only
0.07945575825619017,0.1101123027142003,long_only
0.09306488721364589,0.14035393005567592,long_only
0.10099037437747335,0.16837081042993365,long_only
0.10556031382364887,0.19416796307126702,long_only
0.09626401707055354,0.15328432064259256,long_only
0.10909484212546026,0.20043657203493193,long_only
0.09855848545503837,0.16162679846590589,long_only
0.06515160784967303,0.0788892298394461,long_only
0.08469615877971251,0.1259154637090378,long_only
0.11700441131804895,0.21639555870158042,long_only
0.09138947216637457,0.15914250586122283,long_only
0.07552545080632996,0.11743178892280023,long_only
0.06913517350208737,0.09238171041399107,long_only
0.051553722111393474,0.07775407446821063,long_only
0.08326108487742312,0.1299891787215072,long_only
0.09549301368547723,0.15458299396600597,long_only
0.06080154066777937,0.07856836472463592,long_only
0.06709569739753471,0.08825565580402597,long_only
0.060270491327598125,0.07552039559190886,long_only
0.08823251095010638,0.12673087353928925,long_only
0.06329273629403027,0.10257964623553416,long_only
0.08355338308767715,0.12317066941499384,long_only
0.08575947092882369,0.12888583188693642,long_only
0.05910100354383624,0.0739303599943584,long_only
0.0509542636693395,0.05203227388302237,long_only
0.06610622114601745,0.08129975977003287,long_only
0.06717024213516677,0.06959143429128696,long_only
0.07750532511643982,0.13005212909572209,long_only
0.060433772280510833,0.07578512812912122,long_only
0.05725695630566152,0.058922007803564526,long_only
0.12955513289980794,0.26704627703699335,long_only
0.07245584022084975,0.09736054780463868,long_only
0.07357867906148374,0.13022061054430492,long_only
0.06603807503868217,0.10564321478759005,long_only
0.10849518119997235,0.19183362594815884,long_only
0.04931527905082372,0.10006999242482144,long_only
0.10864739786121938,0.1888886201194834,long_only
0.07024679280135648,0.07814490375955793,long_only
0.09549476029865331,0.15927984898273265,long_only
0.08317292070304214,0.11719547637457788,long_only
0.10869634058944272,0.19618492747387636,long_only
0.08961051935344988,0.14663916537291627,long_only
0.07104734917186811,0.0883966140112533,long_only
0.07401288270699562,0.11414580077961291,long_only
0.10515674658902902,0.17619577522694072,long_only
0.0932679287959387,0.1396257067138193,long_only
0.09680142289043972,0.15026957065679186,long_only
0.06036958818016064,0.05745323852057119,long_only
0.05796860163788783,0.09049018616674538,long_only
0.09747320197636558,0.16065756065672354,long_only
0.0735687238114483,0.08126172801847732,long_only
0.06452063139553246,0.10690087601771743,long_only
0.05448678590304583,0.057824786563669836,long_only
0.11099057764194727,0.19401739914599817,long_only
0.06615604181870519,0.06933598225877778,long_only
0.0703599592635885,0.10049299030218979,long_only
0.04932132698064362,0.09232508563817941,long_only
0.06643827100169022,0.09619782864737898,long_only
0.07774013526452786,0.10963920583118561,long_only
0.0960771919672733,0.15553078176619195,long_only
0.07457013146626995,0.09644304193508278,long_only
0.06608413613839627,0.0985046101157583,long_only
0.07881767444229394,0.09668722381590508,long_only
0.07035100056233287,0.09343549537955449,long_only
0.061721626600503045,0.07041315112846169,long_only
0.0664000601511952,0.11234086469175378,long_only
0.09244351452493446,0.1441399574524836,long_only
0.05562083548000957,0.10224001263524549,long_only
0.10860285737290207,0.1947080233329879,long_only
0.07676390007234621,0.11556208084371004,long_only
0.06354506737831102,0.08813423686245246,long_only
0.0516172490494949,0.07333383560479236,long_only
0.07994096869844396,0.11714310764221399,long_only
0.0922550802773202,0.1446505365190349,long_only
0.07837180504937194,0.09791262242297075,long_only
0.06455550780339625,0.07567525542931999,long_only
0.08058927387225068,0.134472508854016,long_only
0.09420015528308918,0.1568890659553935,long_only
0.10969465340020439,0.19553095859422517,long_only
0.09400542799877361,0.1558724231903558,long_only
0.055068708283833874,0.08657615947206256,long_only
0.0939522224452972,0.16752966108750372,long_only
0.07735359442488016,0.10094512081739133,long_only
0.0559862882428203,0.06951957334142697,long_only
0.09011066407672567,0.1517845888968136,long_only
0.05440609885139416,0.10571804543630801,long_only
0.07648222021008044,0.1096122824650356,long_only
0.07591418538323505,0.11664344398825634,long_only
0.0795749500304921,0.13189274618151844,long_only
0.0593263795315402,0.08389554165414767,long_only
0.060191749531352236,0.08731038497794613,long_only
0.07608349308388931,0.11186806048328067,long_only
0.06356798143380564,0.05973009494771286,long_only
0.07061689551860613,0.08444564934408524,long_only
0.0757841096448138,0.0865085221741929,long_only
0.08865699678080194,0.138128627501099,long_only
0.08353758799200861,0.1444975072661791,long_only
0.07952092019165695,0.1067957104837697,long_only
0.07502040339487343,0.11118380437199431,long_only
0.06918717750812559,0.08222619309422825,long_only
0.06579165750193341,0.08505117549041312,long_only
0.06478887335575942,0.06542810457900414,long_only
0.06796306509363666,0.07175804372168547,long_only
0.08624546680177364,0.1445113880583118,long_only
0.08125593482039513,0.10313733035933006,long_only
0.0960999730436331,0.16924393252078934,long_only
0.08206867783689405,0.10810550360036897,long_only
0.07456142012381506,0.08633081639823524,long_only
0.09725472758299239,0.15360230433527122,long_only
0.08393695968111733,0.11326080436920057,long_only
0.0787006013342096,0.11763927263710118,long_only
0.11231581452136973,0.19878310310942188,long_only
0.07568256784153814,0.12564461340750505,long_only
0.07643816607651827,0.12060470983243943,long_only
0.11656677087942324,0.2266459587698901,long_only
0.11387569044888843,0.21701162879383798,long_only
0.07948709490256005,0.11775025879529016,long_only
0.10712603409196633,0.19040786364706544,long_only
0.09128157213804552,0.13334048812344704,long_only
0.05658043549863655,0.05097974595552199,long_only
0.06230276093962958,0.07889279669678136,long_only
0.08129037867335745,0.10796915456521677,long_only
0.07018753260763363,0.11926994678203914,long_only
0.0558256874803922,0.05502619489531727,long_only
0.052842560271509145,0.09218513363892028,long_only
0.09872820131735749,0.16571866958206086,long_only
0.10507776992847359,0.18716137191903778,long_only
0.045855966358763725,0.11392062161677735,long_only
0.10295218277755544,0.1805288786796459,long_only
0.07455240827209429,0.10249386154412223,long_only
0.058537373386909876,0.06253405341311463,long_only
0.08727530099514245,0.13989925042585352,long_only
0.06136751546691305,0.0660951615234329,long_only
0.08596321723574943,0.12241130496057688,long_only
0.05771163395880463,0.06583816611169992,long_only
0.07256304231517127,0.10047797141777652,long_only
0.08913834541876602,0.13560328718845693,long_only
0.10724820295986484,0.20314579391718898,long_only
0.06689421125772015,0.08760792200241908,long_only
0.06149846656015004,0.08601218686382496,long_only
0.05286645176034156,0.0905109681201983,long_only
0.11444065677966782,0.21110237027603865,long_only
0.0826042974607629,0.1371060375261335,long_only
0.05449252353717117,0.05989881119080801,long_only
0.06455431523980737,0.1031221098676865,long_only
0.058568540886531364,0.10061856660999843,long_only
0.09043879568524579,0.15702968301134201,long_only
0.0633963236276396,0.0592845031319255,long_only
0.09122055499389034,0.13273288143932296,long_only
0.08187139874668613,0.1225034072076428,long_only
0.10246161384723312,0.1703987593854039,long_only
0.08157811090961825,0.12740684938732963,long_only
0.06449381466356133,0.09691727872970686,long_only
0.05221542174729537,0.08607911534123244,long_only
0.07939098392950383,0.10428206912608569,long_only
0.09559611562766918,0.15107091119339555,long_only
0.09919911033015104,0.16238700857322622,long_only
0.089905435285794,0.13049174003718056,long_only
0.07934400531638451,0.11257638483645184,long_only
0.10829665901777587,0.18758338019775328,long_only
0.08805407831987562,0.12455093622948814,long_only
0.07332463981421637,0.116957018634435,long_only
0.11679880682528686,0.22705609877182106,long_only
0.07764791961976802,0.09690315633122194,long_only
0.06731497133193537,0.08657874487722479,long_only
0.06574523618192617,0.0649249938699199,long_only
0.07208678203972396,0.07688502409543768,long_only
0.0786094428971908,0.10034416698052304,long_only
0.09462595046865215,0.144785126476859,long_only
0.09301475190110578,0.13848889812180928,long_only
0.07949404614423604,0.12728451805488963,long_only
0.045040190566802495,0.10890652078342694,long_only
0.06286373612728055,0.1050680553586996,long_only
0.07318703351883103,0.11588030396188374,long_only
0.09060022346804804,0.1518284911138547,long_only
0.08543820464877333,0.11916078230331813,long_only
0.0679498552913369,0.0677957364633283,long_only
0.09163831076268161,0.13712323003503424,long_only
0.06528053406803992,0.0956849286740863,long_only
0.08802934455263335,0.12290548097484326,long_only
0.07918782855272116,0.10423545932049537,long_only
0.10093315437438606,0.16830279174260562,long_only
0.08611824157116839,0.13659978487045338,long_only
0.07099663834317897,0.07450216016761932,long_only
0.07953997897326505,0.10250478467311776,long_only
0.06507643139078877,0.07427734315212635,long_only
0.12359213860144937,0.24588689276606993,long_only
0.10510171541759701,0.18668811558781995,long_only
0.10042793706904113,0.1748147274694825,long_only
0.054736655832269075,0.04906432180912706,long_only
0.0519575542101122,0.04756317364471433,long_only
0.06008883114706269,0.06595836733435288,long_only
0.05871542430585216,0.05372412116305994,long_only
0.0819264940346157,0.14467265549079644,long_only
0.07415406093846784,0.0987444651585157,long_only
0.07150901336739525,0.11434172638838266,long_only
0.060685483965488216,0.10284301667097631,long_only
0.11607737551620902,0.22367557124266377,long_only
0.05271928619443118,0.1025899885777501,long_only
0.0796480693072633,0.1371066558885486,long_only
0.11133850096405995,0.2090133831715454,long_only
0.08752196852865839,0.1298588351557193,long_only
0.06892414205532704,0.11447511696337909,long_only
0.10391401245506826,0.17971421251288697,long_only
0.09440039591162132,0.14484380806796757,long_only
0.08074856908444189,0.10733314967253915,long_only
0.08719154280080699,0.13122096395081642,long_only
0.08714160703634581,0.125117641502659,long_only
0.05729760880652915,0.08243550010184067,long_only
0.07551572541356677,0.10520360678835712,long_only
0.07688712019448084,0.11272286292706349,long_only
0.08125911075732159,0.10337658213839154,long_only
0.09648386411291346,0.1472591244492549,long_only
0.10090967099283679,0.1666604151905446,long_only
0.07651287097824924,0.1287323801705406,long_only
0.05068508616511853,0.09571707929037822,long_only
0.055572974681511705,0.08730304663232301,long_only
0.09489302635433468,0.1500382343063021,long_only
0.0554571453491806,0.08009670397959805,long_only
0.06354219618140075,0.08415967467209602,long_only
0.06844318883349054,0.0871251418315183,long_only
0.05930100667751989,0.10560740187484935,long_only
0.0696517779109283,0.08588759500961178,long_only
0.05965226905948559,0.07972789548083019,long_only
0.11247600119063089,0.21221175824314914,long_only
0.07258330370047285,0.11126174456425902,long_only
0.09143967594893039,0.1459297519100163,long_only
0.07043666127163586,0.1262039836694934,long_only
0.06481991975252058,0.06167051953393567,long_only
0.05411238000405627,0.04928987762817684,long_only
0.07522160471995304,0.09333550738803781,long_only
0.1188510096665865,0.21933303748281144,long_only
0.057066849978972906,0.08415029372469231,long_only
0.08340807260947848,0.13154196296017437,long_only
0.08553215325828646,0.13320734993660732,long_only
0.09072090871572994,0.1318308508378064,long_only
0.05881297897090208,0.06090379184190322,long_only
0.045214310930647886,0.11006306255019559,long_only
0.06344735918578685,0.05899525640705128,long_only
0.07077313314524172,0.09085687079696145,long_only
0.0987929293159836,0.15476068461711515,long_only
0.084473365988247,0.12597995186578861,long_only
0.0975526234785965,0.15131252139290977,long_only
0.10353845098074187,0.1879124330926802,long_only
0.09618390610964538,0.1591054744845806,long_only
0.07352878058449187,0.0856921881345944,long_only
0.04971783262623715,0.0750931233156185,long_only
0.06728291737736883,0.1090649959681412,long_only
0.07815406313131848,0.09182908045659002,long_only
0.08363221431718475,0.1387061366813046,long_only
0.05399962586271114,0.04803473635117963,long_only
0.06962395692946088,0.1107342697308373,long_only
0.053664330814010494,0.09370664859086626,long_only
0.06837595873814101,0.10829054596026318,long_only
0.11350351456084573,0.20304023434878604,long_only
0.09206595735266565,0.16592151561209453,long_only
0.08067639951070134,0.10927958562054009,long_only
0.06392739426600239,0.07491597162428497,long_only
0.09218893807279255,0.15883834561250934,long_only
0.0909405103575408,0.14637174861864055,long_only
0.06828756451260007,0.08661130018071189,long_only
0.08605171063361665,0.13194069092338379,long_only
0.06053934235743472,0.05592182386084308,long_only
0.05840980750188153,0.09547644072269305,long_only
0.09593993738453482,0.14846806861301612,long_only
0.07349383891347513,0.0947947126017882,long_only
0.05793151874264562,0.058499970066502434,long_only
0.06594776174257286,0.0632275688050961,long_only
0.06225286592245108,0.09622581939172004,long_only
0.09243599960156272,0.14824399201278388,long_only
0.06438219520530886,0.08899152585594096,long_only
0.059534321767980763,0.05470298656176102,long_only
0.11059318842078737,0.2069948745539872,long_only
0.08126839679829201,0.10852907960064084,long_only
0.11031532843419878,0.19575640646879444,long_only
0.08023958517182762,0.11462768616807321,long_only
0.10807746278320433,0.18479416209568933,long_only
0.08709839474925926,0.14537775928897212,long_only
0.08331089824034818,0.143884688175208,long_only
0.07332854345227074,0.09638013057429194,long_only
0.06047526814436237,0.06570111755465644,long_only
0.055273185990197135,0.07082374287553066,long_only
0.10695887066628215,0.1921140998453712,long_only
0.1019474236894469,0.16942865661633366,long_only
0.08697200586543662,0.13260094676226847,long_only
0.07909689103064683,0.11384612189454053,long_only
0.06157640520448393,0.10646759236733914,long_only
0.1029447797510738,0.17461729625170333,long_only
0.06017625687297618,0.08705564252782648,long_only
0.06867086741548734,0.0955685028740372,long_only
0.11302641766007683,0.20109491913830413,long_only
0.0913868215833879,0.14408538754437758,long_only
0.06771640932152162,0.07144577073945657,long_only
0.1249368481798881,0.24078493735917453,long_only
0.1207912322278447,0.23698849267965805,long_only
0.08892796521123619,0.14835426459736228,long_only
0.06338847531536412,0.1022745166902439,long_only
0.0886489910525198,0.1362519089852667,long_only
0.05622203056813795,0.055151605108301464,long_only
0.09603398007445843,0.15994931559696726,long_only
0.08041081658101082,0.12499066261810957,long_only
0.08419946137645005,0.12467371157405521,long_only
0.08783253009179139,0.13310855923845263,long_only
0.09509358139581765,0.14658047073381006,long_only
0.10364502843592695,0.17503970455982817,long_only
0.05430854042882122,0.10406065476908172,long_only
0.0806016812134571,0.12126561304373636,long_only
0.06394460789451908,0.08266231675229627,long_only
0.07683930505507193,0.11143100980432502,long_only
0.0667147386622245,0.07163104483711642,long_only
0.10414887050719077,0.18568125229414875,long_only
0.09475185702509983,0.1455426419387493,long_only
0.050073474461471826,0.09407196509172323,long_only
0.1265646574422873,0.2558436538395737,long_only
0.08369672413879738,0.1128698960356051,long_only
0.07968790975374743,0.09901316350030143,long_only
0.09484292608866748,0.1453542404350729,long_only
0.07273502889690156,0.09541123878731377,long_only
0.05879115355852091,0.060516763123044943,long_only
0.06201317729642945,0.10245982274624099,long_only
0.07198073226670451,0.11921061667662715,long_only
0.07968878968913755,0.1095924425513669,long_only
0.09059846930707012,0.13518901612651849,long_only
0.07768380375913483,0.11001076658522667,long_only
0.1010507457623028,0.16877470791178445,long_only
0.05797305250316083,0.09927549201622186,long_only
0.08133413016866216,0.11615411711145997,long_only
0.08769462127516416,0.12377004866559395,long_only
0.09560868121816654,0.14681301226116952,long_only
0.06507033223747109,0.06395144733829936,long_only
0.06524319835975231,0.10399442509971969,long_only
0.07081977414561869,0.07877261462011642,long_only
0.09656576481496616,0.15907096054692874,long_only
0.07310480090970736,0.10915855472231192,long_only
0.06419502669143094,0.10420597532630405,long_only
0.06426293122380439,0.061684444480453134,long_only
0.06372010381861876,0.09186617542053765,long_only
0.06481660321087768,0.08788049305891002,long_only
0.06225980305163337,0.09330426548540366,long_only
0.07698895456423593,0.09944233755455699,long_only
0.044571226979645745,0.07789330731010716,long_only
0.07905886225086609,0.10731914892594893,long_only
0.06844154757476115,0.11401938905184228,long_only
0.07860703546309077,0.09458906778045066,long_only
0.09026478132671527,0.14282056671346088,long_only
0.09287600709669157,0.15262267062841112,long_only
0.12020200800128196,0.23303226682991976,long_only
0.07955689715531672,0.12048406655244771,long_only
0.06661964121983886,0.0794821421167437,long_only
0.06974775230725198,0.07663170494594636,long_only
0.10201058993144088,0.18163508397973005,long_only
0.07951473202321706,0.09936387224324594,long_only
0.0901008536636048,0.13794320092453585,long_only
0.10225103982893226,0.17989377075103233,long_only
0.08902693704931097,0.13690120548884102,long_only
0.058598768331112785,0.06499079251069063,long_only
0.09958869555951158,0.17571026697048825,long_only
0.06125963395245938,0.06093997746084602,long_only
0.0770412208970658,0.0945675925943554,long_only
0.07505973603392511,0.12293572754874607,long_only
0.06265783089724798,0.08030086343655839,long_only
0.06606514542288337,0.09924962782731402,long_only
0.06222974634234167,0.10433710110657035,long_only
0.07256384644249951,0.09346782324484358,long_only
0.07518489383303746,0.10708234385710827,long_only
0.06622160370624583,0.11130166588857351,long_only
0.0808945805577989,0.10858830741815906,long_only
0.07500962962448533,0.10364742926781471,long_only
0.057393756933714735,0.053186448086394,long_only
0.05383922109638874,0.05029527889580744,long_only
0.08414451956543281,0.1267215549705649,long_only
0.11494379418871616,0.21977946017922875,long_only
0.09011193621747471,0.16127737064004002,long_only
0.08557752426050244,0.14053258212226802,long_only
0.07854412076307614,0.09377953593869141,long_only
0.06407760986913764,0.07110865371893352,long_only
0.0794340749847384,0.12117759862246852,long_only
0.09546198450325544,0.14645568019878785,long_only
0.07209456368047643,0.0799358352144155,long_only
0.06668622684418181,0.08444211085873382,long_only
0.04907935633896594,0.10442648561263845,long_only
0.06845455590519467,0.08795728904842118,long_only
0.05675057111208955,0.09980667240132457,long_only
0.06519151539805651,0.06943847918500075,long_only
0.08274328239121803,0.13186412656402205,long_only
0.05765313203958064,0.05936630215409842,long_only
0.059152876913868606,0.09738157986173779,long_only
0.07713370376750296,0.09159447992909577,long_only
0.07075266652328213,0.0835150350990407,long_only
0.08046706595150564,0.14576163149216273,long_only
0.05730896376808908,0.10755588499019003,long_only
0.1126398262786387,0.20669339571712345,long_only
0.059986952221965664,0.05498269141822913,long_only
0.06902530263034398,0.09988843492918,long_only
0.06719776894498831,0.11420874610212849,long_only
0.0863411337136422,0.11979572578965297,long_only
0.1077724530340102,0.18359396145857576,long_only
0.06052206126754892,0.0838704135410568,long_only
0.07606448119948235,0.13013090599276933,long_only
0.050079644196779335,0.07889755922292468,long_only
0.06806554349966837,0.10827451996444072,long_only
0.07080425944711627,0.11145174245185933,long_only
0.08316714658874703,0.13738896535307518,long_only
0.05474715473671417,0.08403441367441068,long_only
0.089855035289566,0.13078271316596687,long_only
0.1125101624142387,0.19970563490690935,long_only
0.06241135515698289,0.10929471972196647,long_only
0.10868104005913147,0.19147717995164704,long_only
0.08026462023036801,0.11530155939980685,long_only
0.0841835719865113,0.11716069730527735,long_only
0.0857429105166561,0.1317429245427811,long_only
0.06467517832056631,0.062187650417097014,long_only
0.08395098025628978,0.10995394478094786,long_only
0.08132256551884065,0.13291775111193338,long_only
0.10845616948675145,0.1893504214378609,long_only
0.07167040190654486,0.10132314419583495,long_only
0.10428481535765961,0.18131465500686755,long_only
0.05916232895576597,0.05234553953239381,long_only
0.07475933194983823,0.12055329967307786,long_only
0.10151717189442018,0.16346391498013818,long_only
0.07287188354327709,0.09221998954306874,long_only
0.06686067449874082,0.09516167443823073,long_only
0.0936720368479041,0.1655883124760652,long_only
0.07724638148453764,0.09846103393577184,long_only
0.0823267886918031,0.11073012371785262,long_only
0.06958919365574377,0.11637495114688212,long_only
0.052445220630712386,0.09268766593302494,long_only
0.05382639185886727,0.08178457861145824,long_only
0.07254986644810206,0.10555193622759605,long_only
0.11299082409265057,0.19902409086078468,long_only
0.07900657177671078,0.09515097438060381,long_only
0.0983280840826927,0.16495924337586457,long_only
0.08979598944166953,0.13842018595085853,long_only
0.0531231404093652,0.09449719222170679,long_only
0.07913893849858925,0.11224390221964896,long_only
0.06286066561008156,0.0589481810503956,long_only
0.054364409828566024,0.05652400641758246,long_only
0.07559551903366375,0.11533936083716567,long_only
0.07685530487517521,0.1172652816797216,long_only
0.07686455477439676,0.1325296687211646,long_only
0.0671802840852155,0.09229785246568559,long_only
0.04614127572288786,0.07061163662183072,long_only
0.0700482772003259,0.09500371645761821,long_only
0.11429334490679516,0.21297895092018618,long_only
0.08241533341315452,0.12207108410609413,long_only
0.08534360137595344,0.12788050485966876,long_only
0.07654540069798771,0.1219852592015028,long_only
0.04935907090171086,0.06399173847936525,long_only
0.06556414821498893,0.06846126025712831,long_only
0.10152120404226149,0.16890294285087568,long_only
0.08547925333855128,0.12284054989398643,long_only
0.0667271493728576,0.06843626008448532,long_only
0.06826385944481118,0.07000363847320243,long_only
0.07519218198413587,0.0990535112673093,long_only
0.08531530453941755,0.11659930588590664,long_only
0.06654477115175778,0.10715519869819157,long_only
0.12878644385704854,0.26132856343300614,long_only
0.08169793932784108,0.1282380786489707,long_only
0.09979066216581248,0.15866598240521876,long_only
0.08071977647047857,0.10799637555713028,long_only
0.07451729693418917,0.12080913466947105,long_only
0.07082731772212252,0.1251674315480761,long_only
0.08199968050986609,0.14670177593410252,long_only
0.057560672346495784,0.1011170612612371,long_only
0.0885047544986761,0.1258608765605505,long_only
0.0630449799832133,0.08248892201827396,long_only
0.06750873290851804,0.11331388965896447,long_only
0.09402188208386764,0.15408771332014162,long_only
0.058717301473670665,0.053933257292855204,long_only
0.10307768062682465,0.1690521238016485,long_only
0.08398846419912903,0.11629371195066918,long_only
0.055613798754326677,0.08907287235377336,long_only
0.09014375512883552,0.15199622191767864,long_only
0.07637585472129957,0.11024586083508728,long_only
0.09995974112222969,0.17939400596521252,long_only
0.11037695048468046,0.19120187710515824,long_only
0.07228142113935886,0.08091714939786368,long_only
0.09250500385023483,0.1421045957655193,long_only
0.05994256201819105,0.0758455981789823,long_only
0.058622911734568024,0.06516865800256491,long_only
0.0651238812057059,0.07782761844440975,long_only
0.12031309969254882,0.23676724440451963,long_only
0.07634552300210502,0.10087974421350819,long_only
0.0907625345476329,0.1461873067498388,long_only
0.07265211119087972,0.08197281569535009,long_only
0.059148728313195315,0.05592383299471391,long_only
0.09033229813332293,0.14024618834398675,long_only
0.07766687556239629,0.12356191477537465,long_only
0.08691375342779933,0.14996649240826695,long_only
0.06055693011060333,0.0786986628726466,long_only
0.07824062629341651,0.09468495165200394,long_only
0.11776474023398639,0.23083566594648933,long_only
0.08323358354947111,0.1254901514738594,long_only
0.06936601311808817,0.10846579429322627,long_only
0.07961839826552757,0.11597089863468457,long_only
0.09793032574311956,0.1689885564240949,long_only
0.12118225936367868,0.24157551789269008,long_only
0.07714644310268289,0.11802292416824207,long_only
0.09820145567733082,0.16454150664058703,long_only
0.07109919200572308,0.0973288742207119,long_only
0.11386191518646688,0.21277256329320668,long_only
0.07610040575609961,0.10662290382001348,long_only
0.11378891539220728,0.21204651218870085,long_only
0.06301489060252644,0.08877697069732596,long_only
0.09942942867322435,0.1808160170260651,long_only
0.058229550658486076,0.06482320485618583,long_only
0.07028744718090396,0.10589101549990285,long_only
0.053104243985703334,0.087650717139333,long_only
0.10582356944014645,0.1887562572712063,long_only
0.06460035524265276,0.10165721047169148,long_only
0.09562094972645886,0.16798716099795422,long_only
0.06478613107156653,0.09317781488344334,long_only
0.07913788429214733,0.10633211589435845,long_only
0.07271630276576722,0.08385153452433187,long_only
0.07017617097760245,0.09818339561792828,long_only
0.11556935770129789,0.21259414874325955,long_only
0.06675515245071831,0.07280653697235973,long_only
0.0859572700353862,0.14072317471945395,long_only
0.06661771097746923,0.09105689311652765,long_only
0.06964679353060821,0.11204608470341879,long_only
0.09893764111572761,0.16267130877301303,long_only
0.048973555872540986,0.08089446985457091,long_only
0.062394181254137746,0.07452405328589652,long_only
0.07669740848102563,0.11300265031496695,long_only
0.06341289962696481,0.06772404450387227,long_only
0.08157448637058354,0.13697459823783611,long_only
0.0665446167277186,0.10363710684083155,long_only
0.061656446563671766,0.08908956318303336,long_only
0.06784269580911884,0.06874169407676979,long_only
0.10208885992605128,0.165742330421318,long_only
0.0761969354238717,0.09609973280078014,long_only
0.09749087721190125,0.15959708322341395,long_only
0.06833168214053949,0.0937000316688224,long_only
0.08128888958676678,0.10340918774875858,long_only
0.09412874801187564,0.15281360600393465,long_only
0.09769148807131936,0.16937798654165367,long_only
0.08527555879071874,0.11592863866746159,long_only
0.08289600223988147,0.11132638141929008,long_only
0.08117737436800519,0.11186168636201702,long_only
0.05825031525039916,0.05195238051661969,long_only
0.06570663291771145,0.08367180093849082,long_only
0.09581275228665294,0.1565997320026446,long_only
0.05874454997536478,0.0674976440190575,long_only
0.061543868210194044,0.07445233908768353,long_only
0.06406106922898341,0.09745240845760378,long_only
0.05744358885704111,0.05193897856865685,long_only
0.10793939752462224,0.1850028104197328,long_only
0.07419408025562663,0.09265269884286133,long_only
0.06797410998876413,0.09115968577739632,long_only
0.06532353614825955,0.09518591017100542,long_only
0.05326049354804757,0.06712162832004016,long_only
0.06428533374451467,0.09314142381364227,long_only
0.07875004360325069,0.12232893179044917,long_only
0.07614887116314693,0.08814238987203912,long_only
0.057289517023286704,0.06415574177500039,long_only
0.05674626105641187,0.09114413854215814,long_only
0.06752326044771179,0.10372831550204198,long_only
0.09590855836245607,0.15030389249271817,long_only
0.06136757087071182,0.06540181040541329,long_only
0.10957773164377643,0.18912314230867458,long_only
0.0929501597507508,0.14904476543427864,long_only
0.10007691455377193,0.1640037449289634,long_only
0.08118572999511754,0.10726712913662732,long_only
0.11332322594932509,0.20514307282050492,long_only
0.06472811906641884,0.07684650095322904,long_only
0.08567243451765895,0.11631870445146136,long_only
0.07402229746061767,0.09305827114801071,long_only
0.08403104303663067,0.13145623895088698,long_only
0.09810651273310923,0.15749638517698503,long_only
0.051481131417670065,0.04709753804586805,long_only
0.08185375886733677,0.12821896606311017,long_only
0.05876034768195715,0.07050933978054849,long_only
0.08181042662969362,0.10680422432197992,long_only
0.06256611866019894,0.07790330102334493,long_only
0.08496180365758418,0.13181512194639788,long_only
0.05066348474341951,0.08443097550877011,long_only
0.062128891761554325,0.06971680472371128,long_only
0.05951610247063871,0.08336294179430954,long_only
0.09919948701228151,0.16127852806129353,long_only
0.07558917166402015,0.10807957049682,long_only
0.08210756497937682,0.10760090498835072,long_only
0.04625769352142527,0.06548413459721159,long_only
0.06509071489637337,0.0967123073135497,long_only
0.08659441514710832,0.12668244380519045,long_only
0.09070850704317987,0.1517959643347882,long_only
0.0919860789754646,0.1420771035088552,long_only
0.1024606755346415,0.18115944957436533,long_only
0.04362607339087791,0.10983388909282227,long_only
0.06877333367843627,0.07228550991756506,long_only
0.06298915252718193,0.06648336872831205,long_only
0.06046055756621487,0.09121477453404218,long_only
0.06660580900006174,0.10389679956236787,long_only
0.08145410126171625,0.10327574275721867,long_only
0.056434584805977905,0.062004621361979206,long_only
0.08736171171916451,0.1346089987996991,long_only
0.10369263628613194,0.1752216195586674,long_only
0.05857758143613247,0.07194903889972856,long_only
0.07162311619876627,0.11622306272455103,long_only
0.0630408465000937,0.0968736717862511,long_only
0.10614164259579847,0.182710876486917,long_only
0.05182909071461436,0.05718472973411894,long_only
0.08299968571662683,0.13905844111149038,long_only
0.07883526126803483,0.13241529477838357,long_only
0.0937006531885755,0.14607878653524034,long_only
0.05984629645070741,0.08996271281748966,long_only
0.059452721098876886,0.07115566328331016,long_only
0.08254238104495543,0.1300304726213122,long_only
0.09732972722728703,0.1644667077545261,long_only
0.0765402297181104,0.12722546117197062,long_only
0.12102774881712287,0.233090990811242,long_only
0.11054877281449327,0.19476625670029246,long_only
0.09945901158404184,0.16360004897141678,long_only
0.11298427438035505,0.21161757816318405,long_only
0.0975293898205395,0.16012759165127693,long_only
0.07561728336805512,0.08997269763022263,long_only
0.10647607097257121,0.18418532117086034,long_only
0.05230865784679942,0.10017860979434738,long_only
0.06182852415191336,0.05991547382762212,long_only
0.08735575857076233,0.13057122427715406,long_only
0.09198527768444761,0.1497337595497435,long_only
0.07060787548612887,0.08387178736783885,long_only
0.09190080309459898,0.14332163612079402,long_only
0.05611809766701355,0.09528980199016346,long_only
0.11100947958341248,0.20485179722799457,long_only
0.07439011613431495,0.11517537501603049,long_only
0.08772900548626045,0.13445859605001936,long_only
0.08136358568119416,0.14202297715743273,long_only
0.07161037552821045,0.085641975301661,long_only
0.0704518869036965,0.08370508482584658,long_only
0.10301422491277035,0.1795141619197746,long_only
0.10317724611784981,0.17633914019395447,long_only
0.08037352381274962,0.13575211388358968,long_only
0.06885977960745744,0.07603182242742385,long_only
0.06755458595967684,0.07099163534297061,long_only
0.067409619583814,0.06917328507357648,long_only
0.08521860237645762,0.11404845350034418,long_only
0.08647524459403363,0.11711411077601376,long_only
0.06764035583426872,0.09802439767273463,long_only
0.06399859180677026,0.0766973621985061,long_only
0.09948689787607784,0.1808171845971532,long_only
0.0872549915026683,0.14845733352724735,long_only
0.08028047501634294,0.10499252627036025,long_only
0.11495734988150412,0.22446529041594537,long_only
0.049493268721214276,0.059421179370338535,long_only
0.06134247097157461,0.08770454956771466,long_only
0.07791816325698356,0.12112262979627297,long_only
0.08851637934592718,0.13662865721218204,long_only
0.056590777680111816,0.09630871937168041,long_only
0.09650831015824113,0.15541853412044399,long_only
0.07646030367627171,0.09346857205655999,long_only
0.10656526027682467,0.18853534725430868,long_only
0.06357739039100126,0.09690459264369428,long_only
0.09070613474036376,0.15056545370218374,long_only
0.060499916332223666,0.09648732163556158,long_only
0.05300825281503821,0.09280770076552919,long_only
0.05758143817345748,0.0520356057787858,long_only
0.05855698059383671,0.05361551027552524,long_only
0.11623982263574813,0.22844906348920463,long_only
0.08814151474420956,0.13548694098928737,long_only
0.06688043122752445,0.09676259989209522,long_only
0.10276451309390679,0.18345441273956206,long_only
0.07426660417974401,0.10212472422610265,long_only
0.08406950079814708,0.13151530254819063,long_only
0.07737832069347919,0.11526259383312994,long_only
0.06450393215997091,0.06730508031479937,long_only
0.05961045213575617,0.0932793176256868,long_only
0.06475746322880119,0.06790168878501679,long_only
0.0891495943965165,0.131629487005389,long_only
0.11145517502794945,0.19881077715722748,long_only
0.0869338208658304,0.14940182741575944,long_only
0.09074432073708134,0.15431607719247156,long_only
0.059765221982808876,0.09311732746561392,long_only
0.07333381998841708,0.0973222180905288,long_only
0.05142119106005886,0.04963606617083929,long_only
0.07204985298194948,0.11444192664930776,long_only
0.07781385110076745,0.11826120549977873,long_only
0.06323948713487852,0.06120964001710435,long_only
0.06397369712992898,0.09672824400427263,long_only
0.0524347767695646,0.07423153230183893,long_only
0.0793409203304011,0.09867530918021686,long_only
0.07649160839520094,0.12145177258184162,long_only
0.06491188308940403,0.07333158805007349,long_only
0.06402252110289669,0.10695006797713132,long_only
0.07791982236450634,0.10073636544057143,long_only
0.06635575436330753,0.10593511822189777,long_only
0.10967629557259195,0.20774756640688058,long_only
0.07710708947185807,0.12005003284829131,long_only
0.05585612508352995,0.09505680751558182,long_only
0.06837226691492013,0.07119593012905664,long_only
0.09728796687073789,0.16410702226547577,long_only
0.05607296281208249,0.056427572960328486,long_only
0.10224024509358365,0.1679481297956503,long_only
0.072866715330591,0.11985477898894789,long_only
0.05829939702429263,0.06610125618189781,long_only
0.07768117550072076,0.1120285719496341,long_only
0.063408597742675,0.10321427112587922,long_only
0.08481685751756608,0.14156041793461474,long_only
0.06365906460702149,0.10536985781829013,long_only
0.12883630973036045,0.26077923837888073,long_only
0.0721506565384556,0.11025948577675222,long_only
0.05880936633285455,0.055607321922786175,long_only
0.07117333837608361,0.11035770255612919,long_only
0.06474229846718063,0.10647781482372998,long_only
0.0928280356205113,0.14168356324484224,long_only
0.0570368525752355,0.09768162816727864,long_only
0.0628950640867732,0.07731086399910682,long_only
0.08732063712634718,0.1385795675483377,long_only
0.11241359899820738,0.20412566665145232,long_only
0.07373506504749192,0.09338103005833182,long_only
0.06758352869156288,0.0835853957273703,long_only
0.06528411078913601,0.10255005363518588,long_only
0.09486896091454233,0.15642627035281684,long_only
0.06080472265353777,0.0680835804015918,long_only
0.06934778013832735,0.09569560177276706,long_only
0.06618972140442891,0.10863852285597157,long_only
0.060096950211303304,0.06040690877059423,long_only
0.06569617991013477,0.06442682609204962,long_only
0.08318859377630852,0.12961571657757975,long_only
0.07896928961701448,0.12328332528733345,long_only
0.06652376851330677,0.09421680899743277,long_only
0.07839266885725996,0.10430869180491709,long_only
0.07758358272548185,0.11713237101601634,long_only
0.10102274752647632,0.17101063323974805,long_only
0.055210178112403724,0.06539901726194225,long_only
0.07425849323004366,0.09833336642300325,long_only
0.082680195920092,0.10725722295948377,long_only
0.08175933656521432,0.1304191208244009,long_only
0.07377741830741864,0.09798027217210925,long_only
0.07834094602001608,0.12843186375236026,long_only
0.1140248429063603,0.2137216789540833,long_only
0.06516857205088689,0.08885583684999256,long_only
0.06767318899744904,0.09578101169127033,long_only
0.06420940517097673,0.07455225959880425,long_only
0.06861883220799848,0.11094420078644299,long_only
0.04602800668915549,0.08944501076244883,long_only
0.0778968014904032,0.10508337653791883,long_only
0.0683043628189009,0.06776935722437259,long_only
0.09061132244194814,0.14399577778481415,long_only
0.042128973499182154,0.10518012106476973,long_only
0.0768129390161324,0.10093834988212942,long_only
0.10773176652273012,0.18599728426861936,long_only
0.09892495015768107,0.1761057939743787,long_only
0.056780825565405875,0.07667362252780158,long_only
0.05337175375258471,0.05609367252248345,long_only
0.05407360040466677,0.07194613995823788,long_only
0.09942232196353017,0.17124309334750193,long_only
0.04838511768780565,0.05638432283356982,long_only
0.10151218723087167,0.17076163182588533,long_only
0.04515629795461525,0.1115942738249194,long_only
0.07690764851299434,0.09391314540970146,long_only
0.09055280682320516,0.13609986420338155,long_only
0.07648966841738834,0.11741745628771338,long_only
0.07380223170830437,0.11654713420253326,long_only
0.0949985897183791,0.1507571268463981,long_only
0.07912359332405267,0.10071727768597966,long_only
0.07635481866394345,0.09649041081332896,long_only
0.08373803050683581,0.12659711580994362,long_only
0.0721623729535954,0.1024928711650816,long_only
0.0779136421508144,0.11679585408819514,long_only
0.05442135959365854,0.07812866242824934,long_only
0.06844878523676651,0.08067215971640643,long_only
0.07995887125236291,0.1168160315651028,long_only
0.06496667572341953,0.10484270332357008,long_only
0.06957425799556019,0.09461757570084406,long_only
0.08286940088440788,0.1477820480330623,long_only
0.06846681114931773,0.09746000617233777,long_only
0.05664150601456082,0.0865214081427633,long_only
0.0882215784998076,0.1329922960978917,long_only
0.07049056793832989,0.08746063254176657,long_only
0.11612637107253468,0.21941212316472755,long_only
0.07276067761915947,0.09279047007037072,long_only
0.10789552055734089,0.188764284054888,long_only
0.08986980057791827,0.13124505268295059,long_only
0.07757723055468299,0.09445140405479471,long_only
0.08711058888720155,0.12985509364833814,long_only
0.0869296512757058,0.11770563507683401,long_only
0.06365310730786197,0.0785018480070982,long_only
0.06863107979794768,0.0774730439033082,long_only
0.08361263045947714,0.1324729337938783,long_only
0.07086125426550134,0.07778271679423686,long_only
0.07501045879448115,0.11623783553517711,long_only
0.11309914742322762,0.2024708735169383,long_only
0.07038162361573264,0.11337499818912367,long_only
0.10351173310422881,0.17844177337095504,long_only
0.10399480049693277,0.1801183007997702,long_only
0.09120303573033794,0.14071602123691077,long_only
0.10745323557697403,0.1960943971996482,long_only
0.04845524181878103,0.06425316998491702,long_only
0.05915547266033128,0.06290876677002727,long_only
0.08783662520170801,0.12822946687868275,long_only
0.08346141461293427,0.11229712320734357,long_only
0.06134829811642294,0.08334529491773399,long_only
0.09333987037558518,0.1521479421840964,long_only
0.07999019341564746,0.13718476079580613,long_only
0.07182164416487544,0.08066311357231405,long_only
0.07133332954686583,0.11141461934605366,long_only
0.07985946402401081,0.13023399649624734,long_only
0.0665319772876643,0.1068040706811384,long_only
0.09180117917103908,0.15070362115956767,long_only
0.05989780960186054,0.052963004482263855,long_only
0.11223964212018739,0.20675122257056586,long_only
0.10355267153811484,0.17178414619487126,long_only
0.08633505991047127,0.13123136332301907,long_only
0.11436317945362018,0.21901336861091736,long_only
0.11468146254558308,0.21555717407021363,long_only
0.11858432565843492,0.22994956562604407,long_only
0.08320383549822881,0.12270791932978127,long_only
0.09497133540915548,0.15588715485704063,long_only
0.08053911972145882,0.12451997774512226,long_only
0.08828230153415849,0.1249956931424533,long_only
0.1010944034540152,0.18199455005526385,long_only
0.06726829829307962,0.11212779414242165,long_only
0.04848488233250848,0.06248192332526773,long_only
0.07571744766509053,0.09570468594711945,long_only
0.06748060657040905,0.07662381519124327,long_only
0.103744886944978,0.16934992614213829,long_only
0.06670481180029722,0.079746657879356,long_only
0.08810248222200029,0.14997595032182176,long_only
0.07497144937588447,0.0883166713289549,long_only
0.09571308146771985,0.14876373626928494,long_only
0.062432882784663885,0.10522697989466091,long_only
0.07118998359394973,0.08592138305001483,long_only
0.05344225300069502,0.05698895247770433,long_only
0.07089904724032531,0.08323369884691893,long_only
0.07169009286093361,0.10491979312794883,long_only
0.07319638419012738,0.08689756728767907,long_only
0.05818212919187217,0.052517644752545715,long_only
0.07164555137533568,0.09864885269397237,long_only
0.08352309695050714,0.1279307138673845,long_only
0.08183362219537345,0.10299333159132897,long_only
0.07489413705166674,0.12657230318620213,long_only
0.08041547605728594,0.12580854643509662,long_only
0.10516842380238797,0.17417080698730655,long_only
0.05867246272860667,0.0951107202411588,long_only
0.09493165605111295,0.1447014517167802,long_only
0.05865434954850708,0.05632727692484873,long_only
0.06896768019083618,0.10075887327583438,long_only
0.0697300869173689,0.0778271846887587,long_only
0.06770735047125415,0.1042724992400007,long_only
0.06947194875549394,0.07073386108295153,long_only
0.09274725463650488,0.1466400650634915,long_only
0.10240044892789041,0.18989580636679665,long_only
0.07650639770715437,0.11912812596526955,long_only
0.06762164429630814,0.0974091146741797,long_only
0.050198581136181614,0.09803200004064531,long_only
0.05228198529005923,0.09523827686192866,long_only
0.08177085577071136,0.13136562243818176,long_only
0.05757099933084903,0.053570603978161026,long_only
0.06391571478136802,0.06348433391399899,long_only
0.10656123348382142,0.18468617080188798,long_only
0.04686327943416406,0.11058819673786159,long_only
0.05890418156235715,0.06156167413354803,long_only
0.06887231815499639,0.10091030948031286,long_only
0.07213155570661248,0.09401812198763677,long_only
0.04798450389851501,0.07225384277726156,long_only
0.10753627110915055,0.18916347358069835,long_only
0.1361745180656397,0.2877948752639697,long_only
0.07668116640269815,0.13093506627859924,long_only
0.10022891107813539,0.16542803363540565,long_only
0.08866330895382472,0.13858854178938804,long_only
0.06110349085437247,0.0696831469799641,long_only
0.06008842762420962,0.06416641719332891,long_only
0.09285696976792587,0.14098815804590445,long_only
0.06885322204413907,0.09657084813871411,long_only
0.09897843410091557,0.15820570528064037,long_only
0.06015225435462296,0.09143569189498325,long_only
0.06339523979494738,0.07211014754767701,long_only
0.06831374142476299,0.10794170840784717,long_only
0.09469155779478969,0.14984335529065415,long_only
0.061567136669682165,0.08145291334123105,long_only
0.06374039089445131,0.07844394588558373,long_only
0.08474597953951143,0.1254744521417656,long_only
0.07223080207888542,0.09608086160803397,long_only
0.07887359945470598,0.10757955493970218,long_only
0.054595968616320156,0.06395646509681431,long_only
0.07572599522802376,0.10634972469132599,long_only
0.0734929595128001,0.12371292157494539,long_only
0.08638414975312572,0.12119395252231899,long_only
0.06418829954437616,0.07299456242950558,long_only
0.06305207294128091,0.06329694691177606,long_only
0.055196081290847236,0.057928470072021454,long_only
0.05189630294689267,0.04836445617647148,long_only
0.07039525970699845,0.09451945528472176,long_only
0.07656593783907435,0.09461728179000746,long_only
0.08371667878562183,0.12004443268646453,long_only
0.09765006467014674,0.16598245960782626,long_only
0.07081284354700712,0.08137446146485539,long_only
0.08617035236656759,0.12774944436167415,long_only
0.11521024106179652,0.2205716202133815,long_only
0.05381948101209566,0.10049539545266815,long_only
0.08801512702213492,0.13549754409344866,long_only
0.053311890454428634,0.09924691324173639,long_only
0.0725841444316335,0.0933324673106043,long_only
0.1123486138422926,0.20046084744080528,long_only
0.06655656246536759,0.0821613453416667,long_only
0.09928893099737908,0.1619465647871935,long_only
0.10669475127627585,0.18313375181177244,long_only
0.06089354207359341,0.07133535581016832,long_only
0.13023075616585775,0.26574265524566815,long_only
0.06283318851628117,0.10215447639154274,long_only
0.08908552131360033,0.13362321066098176,long_only
0.06175223690918324,0.10559165188674863,long_only
0.07334396013092799,0.10835220625614872,long_only
0.07136529654469176,0.11237645143178994,long_only
0.11222333391196213,0.20716272569779698,long_only
0.05633469324983286,0.05308554655514512,long_only
0.06907962772366741,0.08758399751150239,long_only
0.08246143278093471,0.1308905072744682,long_only
0.09878665548749069,0.15777371280641955,long_only
0.058279346523029116,0.10093193556187255,long_only
0.09159810082209603,0.14117890360872581,long_only
0.06002939980093133,0.09830332134487536,long_only
0.07189305264844259,0.07693839566156417,long_only
0.07845143074630948,0.12046982035497976,long_only
0.07744347936169456,0.11870028902124911,long_only
0.07132214800150849,0.07844243902662215,long_only
0.0818608693659765,0.11188983919820557,long_only
0.05941955210560031,0.07491885401154337,long_only
0.0610765700434,0.055992139756288334,long_only
0.08135199154502898,0.11392598454610964,long_only
0.07139053681583793,0.11696990035838446,long_only
0.09328356590323844,0.1506716726124911,long_only
0.06403704750585994,0.0793095729955303,long_only
0.08056495809812823,0.11708451826268422,long_only
0.06953159591262718,0.09941096766174241,long_only
0.06288530538938139,0.07566235508330696,long_only
0.07191969816714883,0.0839084568720798,long_only
0.08400370344265357,0.11511909442859362,long_only
0.07386890480805958,0.11094983514139284,long_only
0.07780633965676868,0.1210988544272263,long_only
0.08607532685550305,0.12361651308355215,long_only
0.08670583098037969,0.11754650968538678,long_only
0.07641409858847387,0.10068380225617012,long_only
0.08755802271287753,0.13617980071999705,long_only
0.042263590223165524,0.1053973332161551,long_only
0.08455790705530261,0.12104907566364144,long_only
0.06306836004345713,0.07952320870070788,long_only
0.07153483068270437,0.113296863985052,long_only
0.09822580192435085,0.18474779835274052,long_only
0.06428666850653453,0.06795893757486901,long_only
0.08681101391658329,0.14479048755328938,long_only
0.059418493123692545,0.06184232778728875,long_only
0.05005239643910191,0.054413525588215376,long_only
0.05511117677000293,0.04978294329560186,long_only
0.07921265108477796,0.09646143651852838,long_only
0.08060418876338069,0.13027699887784516,long_only
0.09783871195562326,0.15547159292314952,long_only
0.061368148489244906,0.06541802803457665,long_only
0.08666356881378558,0.13406778993859683,long_only
0.0889087744545219,0.12588815385021937,long_only
0.10051754843972598,0.1857180095585703,long_only
0.08241718621200107,0.10661235132981273,long_only
0.07224506947939052,0.08905955729611834,long_only
0.10087156208273346,0.16810789918285365,long_only
0.0746960834506689,0.11429727569920671,long_only
0.06638860510345801,0.06588469347128009,long_only
0.05475890560997739,0.05060919684380135,long_only
0.07446227497951466,0.09306315399330378,long_only
0.05463135178840296,0.053028353529470086,long_only
0.09715439302392609,0.151723503371141,long_only
0.07413363587329105,0.11168468207490279,long_only
0.10461696775534893,0.1743349400376546,long_only
0.06933548452908056,0.12487547053655536,long_only
0.08149543036670726,0.12473490653176683,long_only
0.10132628520454759,0.16520655327433437,long_only
0.07026322632095627,0.07825847532949155,long_only
0.051243432189119836,0.10081615347241364,long_only
0.07001558247394757,0.08905177467974378,long_only
0.06739672204145507,0.07639482544026918,long_only
0.06143451514480058,0.05844015116419278,long_only
0.05148455763573678,0.05798024083415827,long_only
0.05200169443105247,0.053387631201120785,long_only
0.05097516420960337,0.09785141490112022,long_only
0.07183921359642834,0.07673735002151114,long_only
0.0875873817364059,0.12366999966099515,long_only
0.08211010457434871,0.12288361929277875,long_only
0.07319206396777289,0.10469284894191425,long_only
0.08248077973538537,0.119275019297163,long_only
0.055398835849114675,0.08461865315662125,long_only
0.08363226752458996,0.1315247615302086,long_only
0.07616132295817327,0.11098438992419865,long_only
0.05097763991693033,0.052133689404345054,long_only
0.10510380910443871,0.17625999272540394,long_only
0.07352945415923487,0.08997892470032019,long_only
0.10068636813576898,0.17731637175689308,long_only
0.043227625002507,0.08356372644762908,long_only
0.06967296420108393,0.10190910138371562,long_only
0.10223860380810648,0.1764612571545038,long_only
0.06110884423952451,0.10286109717636972,long_only
0.05149408851895906,0.05104973220612314,long_only
0.06358682264714716,0.07667980564027164,long_only
0.09481024336281069,0.1440809992991887,long_only
0.08858927922680829,0.12362806246201791,long_only
0.08085197954366082,0.12339053384593683,long_only
0.10467508690957819,0.18904602315514876,long_only
0.060963693712247774,0.07713072739589723,long_only
0.07309874284767033,0.10062971034963208,long_only
0.09404175002844024,0.14382046749029145,long_only
0.08568068688875076,0.12607564531335555,long_only
0.09540053413249552,0.1543952496295135,long_only
0.10257478778474938,0.18843939099689777,long_only
0.08632005063063222,0.12828378276065022,long_only
0.06533103737527475,0.0836585624511096,long_only
0.059900742143641016,0.05351139108860089,long_only
0.07718547812375347,0.10708084373107961,long_only
0.05347632330203115,0.09753575112936673,long_only
0.05217698843038705,0.09533615320303014,long_only
0.07506388431644162,0.10027896107702094,long_only
0.10913265635093669,0.1913652914526738,long_only
0.0730887268042781,0.11772395715951535,long_only
0.08467088441993578,0.12269227013728558,long_only
0.08358467154995103,0.13389588007090808,long_only
0.0796762890563409,0.11853145891048614,long_only
0.05882892887771558,0.11222240651291207,long_only
0.07346006641626841,0.08810874934729537,long_only
0.0714048908765858,0.10828374013508764,long_only
0.10736579404082217,0.18896118691290256,long_only
0.07507027063549891,0.08447720524479156,long_only
0.09974054548981023,0.1598671610232952,long_only
0.06848170671226476,0.10920531380013233,long_only
0.06189062880265014,0.0978767135376852,long_only
0.07621757193358253,0.1194510594874642,long_only
0.05461116510702868,0.054928774977780086,long_only
0.06669717343771164,0.09669691038629313,long_only
0.06572116027419994,0.084759346841713,long_only
0.09708116191816643,0.16286059135319336,long_only
0.07289473678510004,0.08435894141841127,long_only
0.0948263851917379,0.15172168788664636,long_only
0.0635568910467621,0.06437576460494315,long_only
0.06723881992686076,0.06752421592218642,long_only
0.07637974713882943,0.08765944461615038,long_only
0.13773070831668624,0.2920465392970636,long_only
0.07687674796851049,0.0951865920029665,long_only
0.0794643836692016,0.11516410414152697,long_only
0.08595849972874285,0.12656145332055155,long_only
0.08396415305570501,0.12767467505024005,long_only
0.07539639616800899,0.0872929086996189,long_only
0.0690879073612714,0.08292671533942834,long_only
0.09922933484215575,0.15869581167220206,long_only
0.05095434293956878,0.047145145775488936,long_only
0.07383017575158107,0.08999245219463366,long_only
0.07410698757871675,0.09418173879836313,long_only
0.07803830396947467,0.10822485215968065,long_only
0.07488194316347371,0.12401584632454446,long_only
0.049376349694132626,0.08145903230753465,long_only
0.08988871977489471,0.1369285966789796,long_only
0.06574348638646224,0.06821877067999212,long_only
0.10979035394058316,0.20813994797649304,long_only
0.09163847917006429,0.14536426586508003,long_only
0.06128445508962054,0.06561033936143658,long_only
0.0953389205283742,0.15789898536789962,long_only
0.05985848115903486,0.05314097851736835,long_only
0.04503544123792041,0.1129120245526358,long_only
0.04645875534643654,0.1035716470964861,long_only
0.0888368316617249,0.13233735751290754,long_only
0.09964552480618463,0.16008037483048992,long_only
0.10856612042476312,0.1895048602661828,long_only
0.07329115289913604,0.11865483364716531,long_only
0.08369791747386138,0.12002227606103148,long_only
0.05968353890411052,0.05525421799713561,long_only
0.08584234160367411,0.13153177035370245,long_only
0.06983400957215102,0.08658488732836672,long_only
0.06910579225545675,0.08286824831829141,long_only
0.08876290633049014,0.13344882229950722,long_only
0.06629898238088003,0.09793175701472548,long_only
0.09580982744287984,0.15477914173846496,long_only
0.05897602046622842,0.07461000655973093,long_only
0.1152389009275567,0.2185986920361143,long_only
0.0654528683097293,0.10554221973356886,long_only
0.09239391574182541,0.1454780044000088,long_only
0.06355353537899047,0.06125489601087773,long_only
0.0648469159096558,0.07503417889783301,long_only
0.06643360803332667,0.07914248701756604,long_only
0.08349126693412831,0.1265484533811834,long_only
0.09226914223807112,0.14590779067821247,long_only
0.11322799392056222,0.2011790327207688,long_only
0.09947421183424811,0.16948691700726629,long_only
0.06869303878868008,0.10449103828172972,long_only
0.1030295413714057,0.17992270044221387,long_only
0.0810234793371168,0.13429844468882504,long_only
0.061141398609248936,0.057083520078472214,long_only
0.06621331925545088,0.07832347634821653,long_only
0.11085122996232172,0.2049706429049885,long_only
0.07342192203424493,0.08415308095164548,long_only
0.08062868930758889,0.12978424645491646,long_only
0.08701002766861522,0.13455329802095523,long_only
0.07736188818627837,0.10376935777075494,long_only
0.07784888005847815,0.10883446285051657,long_only
0.07550137554613243,0.10437912244053774,long_only
0.07800303801484923,0.0979152952695675,long_only
0.08265121981519923,0.14718368003616966,long_only
0.07389459975622303,0.08560186809787386,long_only
0.0767186729170073,0.1077775220124299,long_only
0.060071700349640586,0.07308072319559743,long_only
0.07694994579884244,0.1335777890070627,long_only
0.07030875754333205,0.09088434861828665,long_only
0.09994589634222088,0.18668619589491975,long_only
0.0776320887604708,0.10412771261598064,long_only
0.05338340742749514,0.08774817370244306,long_only
0.08109996764143049,0.10521276731863198,long_only
0.0784488124965087,0.1089092032801538,long_only
0.0661277119444184,0.0775548470482646,long_only
0.060305620425583066,0.06795344107655513,long_only
0.06647863106971102,0.08610592611068596,long_only
0.10413545225094617,0.17685608987335888,long_only
0.09787083345942243,0.160910084800585,long_only
0.11178067559018089,0.2050127922746297,long_only
0.08073771326587267,0.1029814088576751,long_only
0.10327798599276222,0.17185643555449723,long_only
0.06372777784751217,0.08565191013446889,long_only
0.08821697972645236,0.1371249241674652,long_only
0.09851505092055254,0.16258118445383998,long_only
0.08720122197043555,0.13214768057550322,long_only
0.09066726556585529,0.15053001193434576,long_only
0.06308490958357572,0.08634218187801539,long_only
0.09854312926004895,0.16623032607459495,long_only
0.05778494665321026,0.0766112911892965,long_only
0.09023933472447937,0.1428158237759874,long_only
0.08724074463055587,0.12748438755497601,long_only
0.07221537145524903,0.10048063341899106,long_only
0.07818127472008395,0.11511739604248565,long_only
0.07552131917813734,0.10952897792588534,long_only
0.048105395388145206,0.09462404763744958,long_only
0.09287153316835425,0.16513962362772758,long_only
0.08590927837738249,0.12010684247284874,long_only
0.08228899091318781,0.12443991431441159,long_only
0.055450355625295114,0.07683212106470189,long_only
0.10096978133679083,0.18252084870382834,long_only
0.08734714859563092,0.13046530530048572,long_only
0.07106623023194628,0.08036626438539173,long_only
0.08528751369696164,0.1195817461144755,long_only
0.06643723572279335,0.07584838787983819,long_only
0.06141983931825831,0.08521340875989028,long_only
0.08902688557390787,0.15383559197282468,long_only
0.05615757565654156,0.0505921124972234,long_only
0.06290814740793038,0.06563146569981321,long_only
0.08449968634333976,0.134654217437284,long_only
0.07824113119164673,0.10672862950520365,long_only
0.10087943682707032,0.17617705717228785,long_only
0.0625730326657715,0.08959800276026358,long_only
0.08017216984854506,0.10686482243583845,long_only
0.07124155882225558,0.09141363776482209,long_only
0.060583072951693,0.09676195644165539,long_only
0.09334410854504073,0.14235033659153803,long_only
0.06825254422869548,0.06872287087271932,long_only
0.05745525226081028,0.09641936162665665,long_only
0.055724658314255854,0.07561905068969726,long_only
0.05290484726133459,0.0478800704213182,long_only
0.06800659640440608,0.09597552538353007,long_only
0.05391685060735587,0.09425110728664315,long_only
0.07947527639801498,0.10251422737396321,long_only
0.0625108683086431,0.07622708470828748,long_only
0.060367458396615184,0.0831109365373369,long_only
0.08003927854496283,0.13744464579303156,long_only
0.10662755244902301,0.19143660902991733,long_only
0.07612606431329505,0.0916383819048947,long_only
0.07432921162164849,0.1049673623937405,long_only
0.08940717420282042,0.1417401141798556,long_only
0.05954121300890068,0.05494211979471599,long_only
0.0745364194784465,0.1088012236736421,long_only
0.09608811816318924,0.1536262057239339,long_only
0.06826696645786631,0.10300799153397311,long_only
0.0558213071012754,0.052393100809015464,long_only
0.10987371600786425,0.198972686328197,long_only
0.08297528847097364,0.12521196927045097,long_only
0.08630212063342424,0.13054072145747878,long_only
0.06694160247075476,0.11770591951337227,long_only
0.06409401584986735,0.10499095939792873,long_only
0.08668090801149117,0.1287243984338535,long_only
0.11418601517706668,0.20344415140369926,long_only
0.0644598031533242,0.06308541973930347,long_only
0.09871182503588251,0.166209633731347,long_only
0.06914687470789613,0.0710458855358561,long_only
0.08460424506831074,0.11685626736042688,long_only
0.06379109038060224,0.06622864965321298,long_only
0.08284628125587476,0.12662740097232644,long_only
0.08231169297920728,0.1231842203227083,long_only
0.06544949348606773,0.09800301687916448,long_only
0.08550413071417613,0.12237946351695858,long_only
0.06335035694442641,0.10805035177875816,long_only
0.06273215995869086,0.07328833149303024,long_only
0.06249790800735805,0.05992604722593688,long_only
0.0831637600930954,0.12814092109633313,long_only
0.08019933048913652,0.10314540456455647,long_only
0.08400380629179748,0.12112151076219452,long_only
0.0804875144906679,0.11955795400343842,long_only
0.07147640746811273,0.10002671752886412,long_only
0.07039365157433068,0.09772770944841565,long_only
0.04699245956834196,0.0630397862977427,long_only
0.09522562450308113,0.15167949203485662,long_only
0.049068222278720965,0.08347997311681411,long_only
0.05344306581043717,0.051798238054886446,long_only
0.11233564813456251,0.2000228509164704,long_only
0.08256746453050831,0.14697173530265772,long_only
0.08898180594852403,0.1347460865899613,long_only
0.08039208929062173,0.13022891179240148,long_only
0.050400139436855514,0.10633468244653739,long_only
0.0798704634971759,0.12460894187416066,long_only
0.08123490276283636,0.13544162091882936,long_only
0.08080567338264913,0.14601861046301473,long_only
0.11335394184954312,0.2161098708762911,long_only
0.18505625565035377,0.4162011536851106,shorts_ok
0.18323057441122864,0.5655428943796753,shorts_ok
0.039699939459331965,0.19221107859664216,shorts_ok
0.04137862490485695,0.12369728699557854,shorts_ok
0.06948527220219429,0.1697336726289667,shorts_ok
0.2901725202740637,0.848454978325595,shorts_ok
0.05737959889733287,0.08148427398725124,shorts_ok
0.23245382375692544,0.5313210561061841,shorts_ok
0.07351749401642035,0.14680139488296257,shorts_ok
-0.049008515407083134,0.4645256534732325,shorts_ok
-0.056804801393778276,1.0681939178965951,shorts_ok
0.09740926087606792,0.1600112742700968,shorts_ok
0.08318248243791276,0.11005002589215729,shorts_ok
0.5946486557998855,1.8284692599497945,shorts_ok
0.07487866648241344,0.2758410104554455,shorts_ok
0.07357104536516845,0.09780344915810212,shorts_ok
-2.2736106034731955,7.439219067442258,shorts_ok
0.09438373196227882,0.15598886536361187,shorts_ok
0.12144621199161167,0.2353694588202844,shorts_ok
0.13741616983924615,0.6517884278465047,shorts_ok
0.15106298274129112,0.358574529324651,shorts_ok
0.040920858711585385,0.08883537738355918,shorts_ok
0.07563770276487283,0.22923000642817748,shorts_ok
0.2414669187201342,0.6113630339427469,shorts_ok
0.07490887263533333,0.12820209230516458,shorts_ok
0.1533402557814813,0.40447823823040097,shorts_ok
0.10754567234302786,0.20549450165432145,shorts_ok
0.02065900928883429,0.23732859972556067,shorts_ok
0.043745703519967614,0.1892133333396211,shorts_ok
-0.020643807474062255,0.30826277579143013,shorts_ok
0.11862157344958763,0.34698619807288655,shorts_ok
0.06392616959960933,0.07926066609478535,shorts_ok
0.06684614431623873,0.09049070045225066,shorts_ok
0.08872669228268745,0.3767513226036081,shorts_ok
-0.037328955262948556,0.516827865467302,shorts_ok
0.3863095331454295,1.1777940616823963,shorts_ok
0.03357009007834721,0.12621875171654834,shorts_ok
0.07825237766829007,0.1597750430452383,shorts_ok
0.030255060874111346,0.1261163821136005,shorts_ok
0.07272126608251929,0.14806299816346322,shorts_ok
0.07644195906142606,0.09175855947343815,shorts_ok
0.12815040879743808,0.2655145503193571,shorts_ok
-0.0015182831316824241,0.1902525468647042,shorts_ok
0.08420058639751393,0.1985994282859574,shorts_ok
0.08721842540189909,0.173138323572086,shorts_ok
0.11708483958277588,0.198555461544961,shorts_ok
0.08830571028761242,0.11833156444415749,shorts_ok
0.1458332903387469,0.3274788919116051,shorts_ok
-0.3357951010615602,1.2125822636862493,shorts_ok
0.19925221813051683,0.4984525478243956,shorts_ok
0.06875162299577638,0.07609329497260586,shorts_ok
0.049825467146294836,0.08879387605131893,shorts_ok
0.11185736702626686,0.29658914716876095,shorts_ok
-0.8888893491911949,3.3008090432327637,shorts_ok
0.07414662898133287,0.10273643150554099,shorts_ok
0.0960045757088669,0.15505333791948922,shorts_ok
0.035142493242896616,0.1314306343246475,shorts_ok
-1.4826189498790816,4.698277000051532,shorts_ok
0.10488102639035947,0.1642136939724288,shorts_ok
0.06327454813368825,0.09075892813479719,shorts_ok
0.13504855348489905,0.2598697167623172,shorts_ok
0.09916729593930564,0.21893519150617957,shorts_ok
0.06690649868348442,0.13411125691949882,shorts_ok
0.05591203162130738,0.12907743221781165,shorts_ok
0.09766653855572463,0.15064303604075738,shorts_ok
0.06864188926290277,0.10618096203998295,shorts_ok
0.06082889680715926,0.0970868584246123,shorts_ok
0.058331184974345696,0.1024822974686515,shorts_ok
0.10885855820916188,0.27726891799577247,shorts_ok
-0.027595384824950164,0.2682566242510861,shorts_ok
0.4844409965124879,1.3164062269390193,shorts_ok
0.11081083721172412,0.2000630126607637,shorts_ok
-0.0193820259737897,0.21394262672148304,shorts_ok
0.17255335429143376,0.40450989320503933,shorts_ok
0.06060894051872596,0.05531280155360255,shorts_ok
0.062116309986957205,0.17968980655783404,shorts_ok
-0.08974072066475597,1.76691034792141,shorts_ok
0.10398291629678436,0.16477591939806358,shorts_ok
0.09556161239168426,0.18837369496349363,shorts_ok
0.13975736536780567,0.5004645578133519,shorts_ok
0.09669285419888218,0.19936508645839898,shorts_ok
0.0832860379284803,0.1254067509146926,shorts_ok
-0.023193743999172498,0.2405890335102459,shorts_ok
0.04953017445621556,0.0904353833061324,shorts_ok
0.030112938196357755,0.11439979777080518,shorts_ok
0.01622400482597436,0.1667080387226891,shorts_ok
0.02753222383738911,0.980757540014593,shorts_ok
0.30710443905564233,0.7733999856961701,shorts_ok
0.08085535670593494,0.12139378399083978,shorts_ok
0.10224086221765788,0.22379771592911168,shorts_ok
0.2116894261010279,0.6065603287080276,shorts_ok
0.2585169973230182,0.9270467073843758,shorts_ok
0.09296137079551418,0.14170254555063694,shorts_ok
0.05539303995829693,0.06666922903158791,shorts_ok
0.04173127151369019,0.07226798923220082,shorts_ok
0.020071448317111266,0.24581404896730266,shorts_ok
0.06824358824142876,0.2219891555104861,shorts_ok
0.3829769784743836,1.0924870012616632,shorts_ok
-0.0636437761000387,0.40386402417063744,shorts_ok
0.05683342010403107,0.09200206039957742,shorts_ok
0.12450430679834451,0.2404186052330887,shorts_ok
0.08487489394505099,0.1387825400441465,shorts_ok
0.08589494408798315,0.11529072607296825,shorts_ok
0.14009363632532462,0.27696804345402326,shorts_ok
0.07145352545593112,0.09014529189138977,shorts_ok
0.025564457510121995,0.2455625765480538,shorts_ok
0.013447824896420747,0.12445791773706737,shorts_ok
0.06724409254267882,0.06914073592715514,shorts_ok
-0.028174833292293932,0.49248611958342203,shorts_ok
0.04895616025798913,0.0651649444744531,shorts_ok
0.11739897859764085,0.21118437604627308,shorts_ok
0.09872217496167504,0.1761324670856463,shorts_ok
0.04073515478179836,0.12981456687661042,shorts_ok
0.07645158184991195,0.2591372343038407,shorts_ok
0.08690601279416682,0.14306197649405017,shorts_ok
-0.25197100756939,1.0882322854003554,shorts_ok
0.033515931050869384,0.38316390602347233,shorts_ok
2.1078706532560427,8.766913341126562,shorts_ok
0.08212480734924937,0.1259466586043674,shorts_ok
0.048765719522479295,0.20041465566147545,shorts_ok
1.6801190576069094,5.378968138470084,shorts_ok
-0.1566973496541351,0.638147188499947,shorts_ok
0.06959955264653112,0.10759411495580815,shorts_ok
0.07363940677206823,0.18239652206458273,shorts_ok
-0.8407188769469398,3.682622580241318,shorts_ok
0.35479657267982756,1.1139982581202155,shorts_ok
0.07564033641506777,0.3354850050064394,shorts_ok
0.05627763843623593,0.08929066733575468,shorts_ok
0.16343866723365666,0.33203393122263436,shorts_ok
-0.2065179338480601,1.366531851176773,shorts_ok
0.10429955566645155,0.1848217188215761,shorts_ok
0.010007956237085058,1.006969120981647,shorts_ok
0.09776615069993085,0.16319288810365287,shorts_ok
0.1525752179508543,0.32079783902784564,shorts_ok
0.23895379531940275,0.5790530534835504,shorts_ok
0.09216014386487284,0.13562071509800955,shorts_ok
0.0952052493449857,0.15839013617164743,shorts_ok
0.07036623611988546,0.09335100913688724,shorts_ok
0.06143112020523815,0.061602302086401384,shorts_ok
0.04031220116640999,0.16863039590661066,shorts_ok
0.17935290833583184,0.5282782536495697,shorts_ok
0.10042226045805452,0.1719890168151435,shorts_ok
0.10017165564198237,0.15839510349744895,shorts_ok
0.04950510139590939,0.17372512300203508,shorts_ok
0.08616467420058298,0.17307311654225946,shorts_ok
-0.030978820367967272,0.2944148249319593,shorts_ok
0.0686451880157331,0.14251150301267745,shorts_ok
0.15353136819254068,0.7170430639354068,shorts_ok
-0.044236837032009896,0.31952588493758005,shorts_ok
0.06729156512417553,0.10764407869510897,shorts_ok
-0.8244859201187336,2.5848127586347327,shorts_ok
0.0280792660416295,0.12250904500537653,shorts_ok
0.061946456447598004,0.25211361312029823,shorts_ok
-0.016349981548336903,0.2427199711626327,shorts_ok
0.10519604607374652,0.337208592873532,shorts_ok
0.11997383044556141,0.22722478319228478,shorts_ok
0.09700471650886137,0.16872948221202752,shorts_ok
0.09192349943034127,0.12894791813837483,shorts_ok
0.17920928590709945,0.391995188607435,shorts_ok
0.053435916888092606,0.099453122012562,shorts_ok
0.07789146552895408,0.17098000946501174,shorts_ok
0.07119563231926473,0.08626463581150598,shorts_ok
0.07013473070432089,0.11148519800990127,shorts_ok
0.13323638866664014,0.2731844078896246,shorts_ok
0.15728098292316692,0.32745703925862496,shorts_ok
0.28297706269435324,0.8844750620917355,shorts_ok
0.10801025033863135,0.2263469724146592,shorts_ok
-0.08427952985493548,0.5581180129894641,shorts_ok
0.059256526530496345,0.11128998697696622,shorts_ok
0.062276278095512595,0.10636330130393981,shorts_ok
0.03221499149953201,0.10797881613502318,shorts_ok
0.10667359032457001,0.3544318275364788,shorts_ok
0.4895468935108942,1.3397273227504773,shorts_ok
0.062364673889766964,0.3301373543006538,shorts_ok
0.1219761567453506,0.2613824881841062,shorts_ok
0.13235496072367114,0.2562350259960495,shorts_ok
-0.008486370124002274,0.18340641106860764,shorts_ok
0.08691364544363939,0.12770397136742384,shorts_ok
0.08373169109400855,0.11050228914409625,shorts_ok
-4.560154117780437,13.864989543760164,shorts_ok
0.11980548163831511,0.25105335537916607,shorts_ok
0.1509725721801282,0.3322133218483364,shorts_ok
0.08315565479677563,0.24108604722993313,shorts_ok
0.07172424043188771,0.08691654904441092,shorts_ok
0.13230626747696236,0.24282558148414757,shorts_ok
-0.18566816818766366,0.7345120767546472,shorts_ok
0.0921144790289836,0.14469259491102687,shorts_ok
0.12384436812713094,0.2640413109187951,shorts_ok
0.07166880793550857,0.6181770553773356,shorts_ok
0.06288206471664401,0.14829359798493938,shorts_ok
0.8823211776912872,2.452084839048435,shorts_ok
0.11579992959102735,0.40080621480436474,shorts_ok
0.09348656234271739,0.3347267440546956,shorts_ok
0.09893876975654332,0.1728962142000045,shorts_ok
0.1054276809406468,0.18987089767515294,shorts_ok
0.07421377280490457,0.272770853602513,shorts_ok
0.6706563964927967,2.1533891862600045,shorts_ok
-0.11279281015180838,0.5879006804573197,shorts_ok
0.052558329836001116,0.07613467514915703,shorts_ok
0.09459102035299741,0.2087031105201108,shorts_ok
0.10232589576657804,0.20371374182585147,shorts_ok
-1.3284736101120347,9.272177023458989,shorts_ok
0.10958940501446342,0.19917119346901146,shorts_ok
0.12509531787187214,0.22230617303993433,shorts_ok
0.05292851117276022,0.1336878146835746,shorts_ok
0.03560894513046045,0.16304740863141662,shorts_ok
0.06407066583384521,0.10461376434155698,shorts_ok
0.14159860315882042,0.32623185181452635,shorts_ok
0.04807003778364871,0.0873264835407574,shorts_ok
0.10689673986102745,0.17539004480031783,shorts_ok
0.05245478403653971,0.10532120522582739,shorts_ok
0.07664227292155218,0.09836159923771307,shorts_ok
-0.3178158356754288,1.081290694759853,shorts_ok
-0.17204748705607517,0.8611251911690525,shorts_ok
-0.009976539212067995,0.25572040526714723,shorts_ok
0.31473292443800976,0.8812193942027328,shorts_ok
0.044706805567914364,0.0747143169954431,shorts_ok
0.1126732227631984,0.1881811495598806,shorts_ok
-0.028431373434322824,0.2603529188547338,shorts_ok
0.12179812149268023,0.34508005696191885,shorts_ok
0.05368624098320658,0.07212905816335825,shorts_ok
-2.891964496619253,9.67292378749862,shorts_ok
0.10446841209417108,0.16366843021187089,shorts_ok
0.09905012421392127,0.1534465400386801,shorts_ok
0.033610344606520716,0.17197381986202523,shorts_ok
-0.26673510896129193,1.2625276292988539,shorts_ok
-0.25672130950731703,1.5075300562488656,shorts_ok
0.10880080816331653,0.2501688238223046,shorts_ok
0.13435050889529054,0.2894155809367268,shorts_ok
0.013340943215475798,0.1224600631393254,shorts_ok
-0.007395642073795554,0.3085762703055398,shorts_ok
0.015546409685889356,0.21185726952432535,shorts_ok
0.07119579539990983,0.08656792592217837,shorts_ok
0.10843424117959198,0.19463548372216932,shorts_ok
0.0778027803136672,0.13086882046840434,shorts_ok
0.11098731335304644,0.1875833359911104,shorts_ok
0.056602529458313136,0.106591390490445,shorts_ok
0.054356471564097536,0.05994561560197995,shorts_ok
0.08450710600423478,0.13630671426200744,shorts_ok
0.10779755611928064,0.3906495520890113,shorts_ok
0.08462747388570149,0.21370115249129445,shorts_ok
-0.05914216115778426,0.6339056423078614,shorts_ok
0.10378585429887432,0.3200453861004169,shorts_ok
0.056707982369480006,0.0906678325775302,shorts_ok
0.023132076671164042,0.1955803401502458,shorts_ok
0.0588984648225915,0.052214215073185404,shorts_ok
0.19947533773989284,0.4545846959625426,shorts_ok
0.10842568933443421,0.19295518199223025,shorts_ok
0.09368478491756482,0.150917766274364,shorts_ok
2.1871618613694688e-05,0.19233173496779138,shorts_ok
0.0676659698623383,0.07853190184225262,shorts_ok
0.1672968823346085,0.39393222587742444,shorts_ok
-0.0442489319652518,0.3409801095742422,shorts_ok
0.17338525175345396,0.4845880246655797,shorts_ok
0.11300620657649763,0.2245514453530323,shorts_ok
-0.052582253689001116,0.4282690250827692,shorts_ok
0.08870691076365031,0.14066578921519937,shorts_ok
-3.2701902957170574,16.50383456778077,shorts_ok
-0.030189859407655097,0.3558981329932843,shorts_ok
0.4117783570964757,1.9091287137712425,shorts_ok
0.07601839699115717,0.3661179836633272,shorts_ok
0.37196959193180684,1.2656333595068507,shorts_ok
-5.937341476241524,24.096796425593702,shorts_ok
0.11122667090635185,0.4509467708687625,shorts_ok
1.301651880930828,4.149667847591689,shorts_ok
0.13106981812024593,0.24598593775756974,shorts_ok
0.05819358998410054,0.05427035147978548,shorts_ok
0.029397211396414782,0.21851406574018062,shorts_ok
0.06360081854491004,0.11766667084524542,shorts_ok
-0.28147414919098696,1.0998011923934279,shorts_ok
0.03744940695290788,0.13340136863512836,shorts_ok
0.06711357190851334,0.10299024227579753,shorts_ok
-0.06893735300526517,0.58438268451872,shorts_ok
0.09748987365210018,0.17785957479121844,shorts_ok
-0.2168226203888101,1.0818298383055989,shorts_ok
0.20790795189494746,0.7051170028681005,shorts_ok
0.027543334818228966,0.13344907834354836,shorts_ok
0.19753366872664535,0.5643362378853444,shorts_ok
0.10266196829416174,0.20685828754166646,shorts_ok
0.12224758044143275,0.24359480060561828,shorts_ok
0.08404923832663216,0.12397365095190152,shorts_ok
0.1274603947123259,0.32826113238620935,shorts_ok
-0.06872981350568427,0.6386043738106276,shorts_ok
0.0838850007674667,0.13517282254843616,shorts_ok
0.07019455701415274,0.26870973990230645,shorts_ok
0.03463632396634517,0.12146162425509748,shorts_ok
0.06962684912796317,0.1019265335291323,shorts_ok
0.0605542807433663,0.12458739186348726,shorts_ok
0.10708598180443266,0.2897252689344385,shorts_ok
0.0693650929131154,0.11919113228745029,shorts_ok
0.07554604747734936,0.11430296708213963,shorts_ok
0.12040120099573953,0.24070895172145573,shorts_ok
0.10230755474882744,0.19235333851644842,shorts_ok
0.0959869652795149,0.1495618280451824,shorts_ok
1.7191208876578303,5.265296305131988,shorts_ok
0.09280334506284714,0.1435883342933395,shorts_ok
0.14718247398495518,0.28652053755981355,shorts_ok
0.21483440358330202,0.7677051980349098,shorts_ok
0.2204398857204137,0.6115808587971749,shorts_ok
0.06969043734025762,0.12811758005786786,shorts_ok
0.12449987134964972,0.23743481768533706,shorts_ok
0.27580499893767557,0.6805508671548576,shorts_ok
-0.118165875243167,0.6047150996259922,shorts_ok
0.08377938760847453,0.10968894003431068,shorts_ok
0.09406576040964619,0.15398852008290406,shorts_ok
0.0469491817583554,0.13993186904280427,shorts_ok
0.030228911821911834,0.263023565357271,shorts_ok
0.0617891257111033,0.07181498704466363,shorts_ok
0.08304840095222393,0.16004841543050294,shorts_ok
0.07171098054301372,0.1166192311430877,shorts_ok
0.07999724274029878,0.15271078798568333,shorts_ok
0.14720478734588618,0.3927126542173981,shorts_ok
0.012350023393326928,0.16887148866130053,shorts_ok
0.09723069627214198,0.3744586745643239,shorts_ok
0.5229033068148924,1.770100677399147,shorts_ok
0.1102042014176435,0.27914200951921714,shorts_ok
0.05960508601559647,0.12051907876871229,shorts_ok
0.05724001432156948,0.1623909772768633,shorts_ok
0.10241927646117013,0.17623518952078154,shorts_ok
0.07539946915638014,0.11518458413364482,shorts_ok
0.11809335981846836,0.2902414448258566,shorts_ok
0.13904818029642815,0.29521607456266374,shorts_ok
0.09820537781987576,0.1609588687452577,shorts_ok
0.06493935790395046,0.09767464631912606,shorts_ok
0.09533157033030157,0.1550817681900675,shorts_ok
0.07933459621886563,0.13605383860156528,shorts_ok
0.1841549871913402,0.46453567413269087,shorts_ok
0.07353799942413805,0.0894371639356611,shorts_ok
0.0789055609521459,0.11558972467948744,shorts_ok
0.07289638386693689,0.08974757365575801,shorts_ok
0.07001196923949567,0.09823087532134818,shorts_ok
0.0929820773471096,0.15267955832749824,shorts_ok
0.11320236357509197,0.2798877935794669,shorts_ok
0.04276692824233124,0.06735644699512293,shorts_ok
0.11247192220765062,0.20715687656796253,shorts_ok
0.05364420865603974,0.09376120785121152,shorts_ok
0.09734504940975168,0.15993030673760544,shorts_ok
0.038874321622218454,0.06769116032820875,shorts_ok
-0.015175541923543631,0.2553155975774415,shorts_ok
-0.027294762203082107,0.23958897037978358,shorts_ok
0.0483284103073076,0.06367458307449393,shorts_ok
0.07778947783417531,0.11071968191717156,shorts_ok
0.021416251517567347,0.6381147929154906,shorts_ok
0.061042138918975544,0.17254506295792651,shorts_ok
0.37007220463258955,1.54117167524549,shorts_ok
0.07393634334135185,0.10808585595420182,shorts_ok
-2.6714336077801426,9.090553125615598,shorts_ok
0.052865250146126405,0.2033706994690595,shorts_ok
-0.0008941206599961393,0.7525130207694917,shorts_ok
0.06345665243691223,0.07857063422850216,shorts_ok
0.04563461949096157,0.08569774540825541,shorts_ok
0.09759335793352833,0.3471504004895594,shorts_ok
-0.029217915905682405,0.7642669262823417,shorts_ok
-0.01978964439346928,0.23545657194182706,shorts_ok
0.01728962976701653,0.23186854436814314,shorts_ok
0.07971124615893942,0.12404527636281697,shorts_ok
0.26074331236222664,0.8579722316659075,shorts_ok
-0.024334807877519876,0.6388716272108883,shorts_ok
0.14343223227839666,0.3818061673648964,shorts_ok
-0.023570245020006222,0.23882197708051078,shorts_ok
0.07823775173030258,0.24410613925816904,shorts_ok
0.3445449635702135,0.9015502989225924,shorts_ok
0.08475905573825289,0.11042796319142854,shorts_ok
-0.14357033098637095,0.6595424288531248,shorts_ok
0.06970870584372275,1.1109604438778327,shorts_ok
1.7032972853279824,7.8743644437483775,shorts_ok
0.09841392795283391,0.17304910882290075,shorts_ok
0.09164457381824873,0.576577237200706,shorts_ok
0.0911703949296975,0.15900682641038852,shorts_ok
0.09844753990016161,0.17953607182325648,shorts_ok
0.022252106938376152,0.149068391407908,shorts_ok
0.151537391827929,0.3224434804705473,shorts_ok
0.05346330286184964,0.05383151369558707,shorts_ok
0.08563446463815542,0.12226355644333475,shorts_ok
-0.004088197235147209,0.17141693090454455,shorts_ok
-0.1636890149362025,0.7883329203398166,shorts_ok
0.21096542023172943,1.8235983144165664,shorts_ok
0.0989176580562339,0.19342658365164353,shorts_ok
0.06021673495850689,0.07682967019093881,shorts_ok
0.06819430393766915,0.17569160699260686,shorts_ok
0.05361479900823495,0.06776685020744362,shorts_ok
0.04660917798303976,0.11304744219014,shorts_ok
0.1001748347672121,0.1529962131512287,shorts_ok
0.05134608793975748,0.12134580661651509,shorts_ok
-0.5857656105681059,4.920301752343524,shorts_ok
0.007733048570343411,0.20062041012942217,shorts_ok
0.07062179105967173,0.0898952154374175,shorts_ok
0.08320863500974154,0.35924981197456834,shorts_ok
0.12357217230168095,0.3017955959533773,shorts_ok
0.1964158792183326,1.6488295022610029,shorts_ok
0.20395846061257783,0.7203155197313833,shorts_ok
0.07054342645661044,0.1108197986951649,shorts_ok
0.1109700292661884,0.22449680742237335,shorts_ok
0.18029307454899085,0.4931595641694108,shorts_ok
0.02216665355940911,0.8102623203478033,shorts_ok
0.1371968911952376,0.35188001579507044,shorts_ok
0.1862141894375344,0.5004947139835901,shorts_ok
0.07027865446626329,0.12560475256077724,shorts_ok
0.0016760197445314096,0.16243435308788462,shorts_ok
0.0648461077564495,0.11512937136374699,shorts_ok
0.07813162674874849,0.3149497723835975,shorts_ok
-0.20640789232408802,0.7938989351528201,shorts_ok
0.0889136369064386,0.1583892743355206,shorts_ok
0.0470809297598796,0.15932788920116447,shorts_ok
0.08528374869324319,0.1364262563115093,shorts_ok
0.7686111137261054,2.2175238879202044,shorts_ok
0.38657652038128026,1.0433950513095813,shorts_ok
0.072945927133469,0.13242703599025327,shorts_ok
0.08563539545575134,0.1973427120814396,shorts_ok
0.008640896337906621,0.2549038741295522,shorts_ok
0.13238139949587985,0.2668423217402702,shorts_ok
0.21220619511404049,0.4767974715004054,shorts_ok
0.12221767486618522,0.21500183927163047,shorts_ok
0.02270984087552748,0.12926807070759921,shorts_ok
0.08658415702199423,0.12454722173118161,shorts_ok
0.09220108268908493,0.16826209130726466,shorts_ok
0.04536729315760758,0.13312976499009002,shorts_ok
0.07186416634290396,0.08906326094417753,shorts_ok
-0.1906665157536598,1.1789203925,shorts_ok
0.170982022390109,0.4755277135447097,shorts_ok
0.08086425235883803,0.11980768577197307,shorts_ok
0.11328175598448809,0.23020624082927324,shorts_ok
0.09195506504332492,0.24856534151036536,shorts_ok
0.00038712681841239494,0.23755794363472732,shorts_ok
0.10764339789077187,0.2965499502856783,shorts_ok
0.0982645544393289,0.15968786286257577,shorts_ok
-0.7940773292434636,2.677027125383719,shorts_ok
0.10948374610385489,0.320894015840459,shorts_ok
0.05254611351045381,0.0561099397094229,shorts_ok
0.08883022774726035,0.14282293764227186,shorts_ok
0.06225456504672129,0.20835958125735843,shorts_ok
0.20336763556141702,0.6263728689887413,shorts_ok
0.17226275394750834,0.3933334274708162,shorts_ok
0.09013124095669178,0.13100389739158047,shorts_ok
0.11912369644758021,0.2921015725007981,shorts_ok
0.09981373832334518,0.22300697193091001,shorts_ok
0.08188747250480338,0.15022387359113037,shorts_ok
0.06890599363937677,0.10449415575330288,shorts_ok
0.8844219593888034,2.7286784977978304,shorts_ok
0.08054962313727163,0.13302025566807688,shorts_ok
0.04347483875604087,0.8879117115780986,shorts_ok
0.15108103830254507,0.30905386938619067,shorts_ok
0.0004027289044961479,0.3554710352862375,shorts_ok
-0.11156174333146718,0.482331180148025,shorts_ok
0.0061272265898133366,0.193253060103502,shorts_ok
0.08568541106853829,0.1286321134944396,shorts_ok
0.01050791017978745,0.344996300558395,shorts_ok
0.020277656657970967,0.12811113562063847,shorts_ok
0.10613575594553441,0.20359629131952012,shorts_ok
0.13592158317979677,0.28452709204744336,shorts_ok
0.13268820109311694,0.2543120750469574,shorts_ok
0.06475151488063645,0.09708391783842406,shorts_ok
0.012211086371748364,0.15434257593005646,shorts_ok
0.08175841473102125,0.13321417047862832,shorts_ok
0.062134328594203495,0.06856159813255179,shorts_ok
0.0226393380301488,0.19789412288572117,shorts_ok
-0.005408791770524807,0.23759054884206526,shorts_ok
0.11694719237750144,0.20508647541477817,shorts_ok
0.13657912691715976,0.42659952522950806,shorts_ok
0.1291223476938121,0.2716269032497117,shorts_ok
0.1343017589282198,0.24995063870220122,shorts_ok
0.04000552256758036,0.06382138981627997,shorts_ok
-0.4074668309480956,3.2235770598382643,shorts_ok
0.1960836387654715,0.4514061874961945,shorts_ok
-0.03150848980434587,0.31094565103114646,shorts_ok
0.11729363119017429,0.22126021622473518,shorts_ok
0.09686729292491479,0.17811376918203925,shorts_ok
0.14970895304154908,0.5069992854077358,shorts_ok
-0.1988353757065331,0.9083992767106069,shorts_ok
0.14658132875379343,0.339708698742503,shorts_ok
0.08048884933913339,0.1835380999147945,shorts_ok
0.09247375047975315,0.16996030082022692,shorts_ok
0.12079312982728135,0.22991628587757482,shorts_ok
-0.15600411357375896,0.7522472433374934,shorts_ok
0.1927073718812341,0.4257816733932859,shorts_ok
0.08236353990872909,0.11952996619441719,shorts_ok
-0.09360048720631592,0.7552509262422573,shorts_ok
-0.05531366648612415,0.45654617799416164,shorts_ok
-0.009611331097973477,0.1943795147639985,shorts_ok
0.05694554922472926,0.16067754848346472,shorts_ok
0.11347207297926855,0.19906808213265467,shorts_ok
-0.06703392207918972,0.7393752855264611,shorts_ok
0.08262725858718972,0.12717438039654094,shorts_ok
0.02413192208275214,0.1178026072835512,shorts_ok
-0.09934270911164515,0.5333735524849872,shorts_ok
0.05344692471260702,0.14542777612075436,shorts_ok
-4.248095500791052,17.218824310230623,shorts_ok
-1.4891994894694114,8.25760541688798,shorts_ok
0.1239389240298823,0.6442613930572108,shorts_ok
0.09500256918719785,0.17750138776294921,shorts_ok
0.15431411408418746,0.36019940263528316,shorts_ok
0.19510437588741003,0.4505842179990254,shorts_ok
0.060992394973419614,0.10496733756080594,shorts_ok
-0.11115417217495618,0.5182026857552191,shorts_ok
0.10909414449222463,0.1801376003010566,shorts_ok
0.05755319164468707,0.22772498981452452,shorts_ok
0.092327928677583,0.13770626556956217,shorts_ok
-0.05634460154302871,0.4673379954468009,shorts_ok
-0.11584037357682891,2.1447088632179065,shorts_ok
0.10792192068754713,0.25036286939391433,shorts_ok
0.10169252254639431,0.1656656676072495,shorts_ok
0.10305532643098095,0.27142801220570245,shorts_ok
-0.23808943683766634,1.012197041082772,shorts_ok
-0.01986470689776016,0.4142856594652517,shorts_ok
0.012075830620991927,0.6735130800786412,shorts_ok
0.0866138164881175,0.15479355344377538,shorts_ok
0.14256172279625892,0.281057997778861,shorts_ok
0.07302725332481713,0.5937040501511067,shorts_ok
0.038357555831178315,0.07419832858318116,shorts_ok
0.11767984996005051,0.22639578641694844,shorts_ok
0.27169000799288834,1.2199311781853557,shorts_ok
0.13564769448668126,0.2899072643299387,shorts_ok
0.06504811665872884,0.11980912459572585,shorts_ok
0.16773095099189952,0.5160986623742276,shorts_ok
0.04541088782767008,0.23475064488585531,shorts_ok
-0.5452624496420009,3.0589225538857026,shorts_ok
0.07444011672102413,0.09274962744910102,shorts_ok
0.10580092764707634,0.1676859614595524,shorts_ok
0.07101376579798839,0.12201713740267806,shorts_ok
0.16605067788644529,0.8174939927148706,shorts_ok
0.05982958132000882,0.9862432426131456,shorts_ok
0.0520322872328391,0.07447883851840525,shorts_ok
-0.5721106604470181,5.588651120411804,shorts_ok
0.12776636605173686,0.36120556142421334,shorts_ok
0.08590804252736964,0.11817665115837621,shorts_ok
0.09985345304805575,0.17402032952155447,shorts_ok
0.10188564714621315,0.21877019720572952,shorts_ok
-0.023188735982502415,0.2691914577641144,shorts_ok
0.04206304031564508,0.24653986633002775,shorts_ok
0.054281609338153305,0.0970915108473477,shorts_ok
-0.09751029551002735,0.4986351518254648,shorts_ok
0.13156725383189047,0.24368023365297822,shorts_ok
-0.32177854731782163,1.3171581099557488,shorts_ok
0.011021366008965722,0.537017036820743,shorts_ok
0.10372328426656618,0.17909938671680875,shorts_ok
0.010890215732534753,0.2471446171372009,shorts_ok
0.11468063605034984,0.24153725288276748,shorts_ok
0.2702634485834635,0.7268754525834346,shorts_ok
0.05986369188223292,0.05724504320855503,shorts_ok
-0.7757313144663791,4.965989214190342,shorts_ok
0.1377480985045066,0.3900306642042125,shorts_ok
0.07752652764148867,0.11025092882138947,shorts_ok
0.006355609914293271,0.2828335999603291,shorts_ok
0.02271805189621028,0.1337704320471673,shorts_ok
0.01760784289285943,0.11396753954610656,shorts_ok
0.07421658736625075,0.0870769493006769,shorts_ok
0.01796031224154858,0.12531466236209934,shorts_ok
0.03570044183589096,0.11393215144877634,shorts_ok
0.07628287228870054,0.16087897621025504,shorts_ok
0.2234026021784568,1.2128050643633754,shorts_ok
0.12126837716466543,0.31003076363007703,shorts_ok
-0.15931697349273455,0.73335828215155,shorts_ok
0.029054072372490497,0.1085515292416748,shorts_ok
0.21275297052283537,0.5134014326135168,shorts_ok
0.036076023521953444,0.15180434535808288,shorts_ok
0.12661550839011576,0.2848767940016114,shorts_ok
0.047414842830898155,0.19839659750503583,shorts_ok
-0.03911327420254456,0.42335198824900866,shorts_ok
0.11476102865922226,0.6449777329852732,shorts_ok
0.12391359967284876,0.22705125110517752,shorts_ok
0.09562441883860218,0.16784380083351774,shorts_ok
0.04149910024510096,0.15018539545151574,shorts_ok
0.014918509507843368,0.23567817885536976,shorts_ok
-0.45594043503183185,1.812561090684335,shorts_ok
0.06815548841942756,0.12561940827301293,shorts_ok
0.15837604202434474,0.39706302431181817,shorts_ok
0.12083573786181957,0.21540449981255783,shorts_ok
0.07052703528084207,0.20739307733932488,shorts_ok
0.4054811271734107,1.1411896796128407,shorts_ok
0.13648116265418472,0.35473258882648834,shorts_ok
0.07571564066591388,0.22955912472461484,shorts_ok
-0.06229196027787062,0.43849811035541897,shorts_ok
0.072965673231243,0.12441503445420028,shorts_ok
0.4894727565359217,1.809029335886613,shorts_ok
0.03774911315708336,0.08704413223060911,shorts_ok
0.12327646214307623,0.2256471003992386,shorts_ok
-0.0167963563408826,0.21883857916856325,shorts_ok
0.05020223721308592,0.1065518948672103,shorts_ok
-0.0914293743046366,0.693911369777227,shorts_ok
-0.02174555181567371,0.4503504229743295,shorts_ok
0.08707187071077757,0.16414798488817267,shorts_ok
0.0991448291665109,0.17735788471353633,shorts_ok
-0.018444322297754542,0.5947481163747386,shorts_ok
0.1489510763057604,0.3867571647845811,shorts_ok
0.06103795094886821,0.3033446530737129,shorts_ok
0.14397559749961916,0.30599208130012023,shorts_ok
0.06769959682081411,0.0916174334249927,shorts_ok
0.13911836639492947,1.5486177387717273,shorts_ok
0.05139634114614876,0.09135126581073572,shorts_ok
0.06224737839465315,0.10147849847000637,shorts_ok
0.02757768567480248,0.09945813278836879,shorts_ok
0.20238990899801784,0.5696477199739537,shorts_ok
0.06474781610728025,0.14290342825230284,shorts_ok
0.25056865258430494,0.8478266007123516,shorts_ok
0.07443242419979725,0.11018715533728518,shorts_ok
0.03573295189291643,0.0703447227910895,shorts_ok
0.02711236305614704,0.11640349904383222,shorts_ok
0.06545673563999761,0.1756584696900094,shorts_ok
0.0782941688408299,0.09764581438389819,shorts_ok
0.09624087155521302,0.27323074792358176,shorts_ok
2.0296467704485908,6.776177620533126,shorts_ok
0.11465185624217648,0.20086052644160496,shorts_ok
0.0639284064365758,0.10040939234703845,shorts_ok
0.03787915096687672,0.08437399990733274,shorts_ok
-0.01440809022732048,0.20638634754510074,shorts_ok
0.05923816152858728,0.17830180338929982,shorts_ok
0.09609309584511126,0.14495223651953362,shorts_ok
0.046096263750405556,0.05106371230745107,shorts_ok
0.070043358716588,0.2016600466447507,shorts_ok
0.019797086857448645,0.13140735750733493,shorts_ok
0.18283222311322267,0.7116142780847153,shorts_ok
0.04896373261972517,0.06416852766950548,shorts_ok
0.01834659791981475,0.20313947356458786,shorts_ok
0.17775068260200047,0.5269450234050377,shorts_ok
0.08626817638141808,0.1429750884786492,shorts_ok
0.035919387229529975,0.17080086941843475,shorts_ok
0.11242430975331727,0.286520102726467,shorts_ok
0.04068948726233845,0.06928288886387092,shorts_ok
-0.7164563123662868,2.347737934871513,shorts_ok
0.647860890649717,2.0171991358784696,shorts_ok
0.10594578142354791,0.1913763094915905,shorts_ok
0.12483298106800036,0.23423275200643434,shorts_ok
-0.010837497333060025,0.267672389470976,shorts_ok
0.08089574804960817,0.16592305372043245,shorts_ok
-0.13273597706375295,0.98207718028695,shorts_ok
0.09257119599445307,0.13871789889741182,shorts_ok
-0.061843253459701236,0.41199296393663337,shorts_ok
0.0639958071468277,0.065555468730351,shorts_ok
-0.09677136551538765,0.5339728396716774,shorts_ok
-0.01900283498394184,0.40632458344429745,shorts_ok
0.08487583773753563,0.15234068400178297,shorts_ok
-0.48258296332418477,2.1102854264483373,shorts_ok
-0.01671637950399213,0.45859769456579513,shorts_ok
0.08669390539861961,0.2231346355115737,shorts_ok
0.015367274612933537,0.14032584654283073,shorts_ok
0.07189532669404272,0.2613482747178457,shorts_ok
0.08220507754175614,0.1148291461413752,shorts_ok
0.35073199886478795,0.922411608830713,shorts_ok
0.14690822618234056,0.34144261285509214,shorts_ok
0.10658189608198226,0.19341519891490178,shorts_ok
-0.22591588828543074,1.0406296348838509,shorts_ok
0.08679841683563652,0.18347501368628424,shorts_ok
0.04477519701007751,0.1261233006679897,shorts_ok
-0.1596608533783951,1.5116685324395558,shorts_ok
0.07034596598462012,0.08808386682188245,shorts_ok
0.08845607774877491,0.12251348761776779,shorts_ok
0.09438346294697934,0.13710737464245346,shorts_ok
0.36251793282979966,0.9275651950666743,shorts_ok
-0.7683102043525274,2.482198039491291,shorts_ok
0.0995130006899276,0.18894167662636366,shorts_ok
0.0877833422381483,0.13068938631729696,shorts_ok
0.226313221333364,0.665347156635075,shorts_ok
0.038526421276047544,0.15813084683337283,shorts_ok
-0.057346398945259947,0.4005615139239642,shorts_ok
0.02214272897340959,0.17177059257890356,shorts_ok
-0.03660000719243277,0.5579219434699514,shorts_ok
0.15324585455223652,0.5948130344419217,shorts_ok
0.17351223851510245,0.41948274743300784,shorts_ok
0.08126181857786563,0.10638374168349957,shorts_ok
0.08128337004726882,0.1429171660229434,shorts_ok
0.09468919707530404,0.18384922573005963,shorts_ok
0.07333232071090721,0.10810515270092066,shorts_ok
0.0428259860659227,0.11560611167216742,shorts_ok
-0.09320527107305222,0.7317086537041766,shorts_ok
0.09793562200631555,0.1456818913728772,shorts_ok
0.003702917221952852,0.29187325766478056,shorts_ok
0.08535974078269372,0.2696152428346328,shorts_ok
0.06936222546092138,0.07762117263496662,shorts_ok
-0.03150754558799761,0.2937104486733138,shorts_ok
0.05703229303631567,0.15621811606125785,shorts_ok
-0.01288035516714596,0.3392370735202647,shorts_ok
0.08353529899152198,0.13373716530292892,shorts_ok
-0.2877265609980768,1.1445164670521912,shorts_ok
0.08513825013427714,0.14653363328529087,shorts_ok
0.026473207851865327,0.16963879214477093,shorts_ok
0.12871696539292438,0.27856857427916276,shorts_ok
0.062037248824211855,0.06434672413541094,shorts_ok
0.04659846935499007,0.06542256387738847,shorts_ok
0.08128736603247272,0.11186813739025432,shorts_ok
0.13136250039350827,0.24536530350796332,shorts_ok
0.08536780574250454,0.15638608785700261,shorts_ok
-0.004147739697982433,0.387603755657805,shorts_ok
-0.006105118485275181,0.3534746200034046,shorts_ok
0.09681028690726454,0.23958927763292096,shorts_ok
0.11913266145984197,0.2466441896264547,shorts_ok
0.19877370960769072,0.5720521016232366,shorts_ok
-0.006412784653545153,0.17724393080753326,shorts_ok
0.09895762620654595,0.14874369278867233,shorts_ok
-0.029682724155000572,0.3840166239038742,shorts_ok
0.0031275681972947333,0.21524584436556582,shorts_ok
0.09414968762187959,0.14715799169889252,shorts_ok
0.08961213963422597,0.1254038463207367,shorts_ok
0.10862487209489018,0.17301109786376087,shorts_ok
0.2782494249689802,0.717818568378919,shorts_ok
0.6143482698080887,2.0161388345407354,shorts_ok
0.03232126830484951,0.07685234961730607,shorts_ok
0.10114710458800853,0.1855962480718077,shorts_ok
0.09740382756694912,0.14519488205837036,shorts_ok
0.07936221188857091,0.1689578084463268,shorts_ok
0.004076043261741186,0.1771767331852385,shorts_ok
0.057022938742933335,0.18322033558579195,shorts_ok
0.08123687823887996,0.12493219926027022,shorts_ok
0.05828962887423951,0.21644147389663423,shorts_ok
-0.07555842410925429,0.4278095242179652,shorts_ok
0.11785330903332983,0.2984846065882892,shorts_ok
0.11238988007912218,0.25903565033425063,shorts_ok
-0.005041832410116132,0.47838148507143907,shorts_ok
0.05606585724486861,0.1915388092947192,shorts_ok
0.12058088608840119,0.24298196560841243,shorts_ok
0.014168889525479594,0.27415200532911066,shorts_ok
0.12850867386532763,1.6964360338609095,shorts_ok
0.09022094773900546,0.13423929391435108,shorts_ok
-0.9859024634901636,5.551328863999119,shorts_ok
-0.06024255453137005,0.42371657161681175,shorts_ok
-0.06284396281624939,0.3394879757684066,shorts_ok
0.11504315732839679,0.2032607539043198,shorts_ok
-0.025170323031519747,0.3360296307886407,shorts_ok
0.02776551680379828,0.16246424482061447,shorts_ok
0.054447586535664894,0.1064592702019646,shorts_ok
0.061829630630656975,0.07680804068714792,shorts_ok
0.051678163876382924,0.1146710432715137,shorts_ok
0.062695751745098,0.06802645526549714,shorts_ok
0.11842498123762633,0.22476041146566655,shorts_ok
0.06648587964092756,0.08614379798969946,shorts_ok
0.06144532567350974,0.05962912755840632,shorts_ok
0.06432406914141947,0.17385210946253854,shorts_ok
0.08541324210243935,0.11182753085753981,shorts_ok
0.06110149632364603,0.12407402250456182,shorts_ok
0.2646543605060278,2.213710335657846,shorts_ok
0.15861999312171976,0.3344628638550913,shorts_ok
0.08287172894683745,0.12422250399905846,shorts_ok
0.4542054138177799,1.3672093709118143,shorts_ok
0.06452249115242537,0.09818326794068226,shorts_ok
-0.08109218124059223,0.6833239522121487,shorts_ok
0.03777350075395415,0.17496365855968676,shorts_ok
0.1096354175650911,7.473745571474645,shorts_ok
0.10092706616031522,0.1606973864722131,shorts_ok
-0.27291988754772967,2.3805711080184775,shorts_ok
0.052182716687436834,0.09075767474351386,shorts_ok
-6.525375436206345,21.245591825978472,shorts_ok
0.33783496385114625,1.125667864285698,shorts_ok
0.7765956243175978,2.5146579028015568,shorts_ok
0.10675258511260712,0.22289701459093436,shorts_ok
-1.8109334845600413,9.061001783947027,shorts_ok
0.06089071400047377,0.08448671305679405,shorts_ok
0.0987161650596567,0.18428447704959675,shorts_ok
0.03215572049477139,0.11297674075160398,shorts_ok
0.052309803901750856,0.08118981439056852,shorts_ok
0.06191348074354574,0.07013294807145326,shorts_ok
0.10809021507629502,0.18382998908110354,shorts_ok
0.08977203642158038,0.13238138914626477,shorts_ok
0.09157426479202223,0.13705379417495958,shorts_ok
0.0513762539406718,0.12036158992841996,shorts_ok
1.1341910976623266,3.283043106810709,shorts_ok
0.12873528853012473,0.23365888950665248,shorts_ok
1.8360122884086765,5.638531203468004,shorts_ok
0.06290271303542001,0.08501682732353365,shorts_ok
0.3868385550033226,1.5343437762027887,shorts_ok
-0.037786366886375294,0.31062709535526856,shorts_ok
0.08979594129896241,0.15927017703018412,shorts_ok
0.14782459572648415,0.3134394791889175,shorts_ok
0.08794720390655922,0.1905607106910346,shorts_ok
0.16096383603434158,0.790642003049891,shorts_ok
-1.0511807192607843,4.816240722003746,shorts_ok
0.11843794532912069,0.3157782371533871,shorts_ok
0.06378772569966053,0.08685992499543804,shorts_ok
0.10055672195356939,0.16432344121855347,shorts_ok
0.25078067440562984,0.63617019133588,shorts_ok
-0.9992228986821674,3.2274659294702377,shorts_ok
0.047640945192781184,0.0547291213348475,shorts_ok
-0.04069705677766325,0.31165814108654033,shorts_ok
0.008905619132541905,0.16183789600362838,shorts_ok
0.28265997049644953,0.8252093968715961,shorts_ok
0.09046347867577903,0.1367979551840517,shorts_ok
0.10033729517332024,0.21233739016952288,shorts_ok
-0.05267157442654545,0.41545203828845423,shorts_ok
-0.10489839180635434,0.6981158760436115,shorts_ok
0.07639648059353343,0.10100054801047834,shorts_ok
0.06644202215353831,0.21382873117716686,shorts_ok
0.12701243397138803,0.28096164828729214,shorts_ok
0.02675839994884658,0.2976504879386376,shorts_ok
0.07389574834949181,0.10749868118870426,shorts_ok
-0.7260654229356918,3.0582890468904784,shorts_ok
0.02570406449877966,0.4859391753817787,shorts_ok
0.10913047316663191,0.18919132401605593,shorts_ok
0.10346379218298851,0.4401998762725972,shorts_ok
0.1283069374419,0.24146629890909235,shorts_ok
-0.0019764099723467016,0.17550118537669893,shorts_ok
0.0666117915436628,0.10562925103079347,shorts_ok
0.09089023785066566,0.18178963272039783,shorts_ok
0.12568254818554306,0.24077736236772493,shorts_ok
0.12601995369442232,0.2356273235950678,shorts_ok
0.07948990434792527,1.7348588395310904,shorts_ok
0.16808565725566288,0.41564913482152954,shorts_ok
0.1101042804455026,0.19403953516211203,shorts_ok
0.11487902219088827,0.3770060178718266,shorts_ok
-0.07286198344262844,0.4061529894045925,shorts_ok
0.013351050586813497,0.18636642921314392,shorts_ok
0.05415463250862417,0.32504102018585146,shorts_ok
0.11240214339618866,0.2740693752025209,shorts_ok
0.12577412902348648,0.2542860073389368,shorts_ok
7.328852580746647,45.730949336672694,shorts_ok
0.13003768889160724,0.2885827858951901,shorts_ok
0.0798823879929816,0.15354758943774915,shorts_ok
0.04288022183723679,0.06356197511894415,shorts_ok
0.2504869368026233,0.9019808756467521,shorts_ok
0.02819393491918034,0.1156226854073802,shorts_ok
0.060348258601263235,0.06520229613646351,shorts_ok
0.13499928131662456,0.34637973842216974,shorts_ok
0.06079303446622406,0.05839471054082571,shorts_ok
0.04786784657472924,0.07138650549245111,shorts_ok
-0.15272444262436768,0.8829053002319786,shorts_ok
0.10601474015424436,0.3078315556999019,shorts_ok
0.007539966679134223,0.1467863379514017,shorts_ok
0.08919087388009002,0.8532347896657977,shorts_ok
0.09641420360052882,0.14005936300447497,shorts_ok
0.10737892303458875,0.1867705364097452,shorts_ok
0.012918427499588127,0.19355078473011655,shorts_ok
0.10990306370378565,0.18144338272324065,shorts_ok
0.03873218740921256,0.06872370118750998,shorts_ok
0.21927277884531385,0.628230190204316,shorts_ok
0.03908482936573363,0.10129320272172944,shorts_ok
-0.005412710809682697,0.26193177121780864,shorts_ok
-0.054746619486564285,0.9697881170966449,shorts_ok
-0.12283413500862576,0.6673505716921726,shorts_ok
0.0923136606081229,0.13174360594025777,shorts_ok
0.046064884079892426,0.5685325583829721,shorts_ok
0.05819570609340771,0.05147303607040667,shorts_ok
-0.02166147051016351,0.2741981817299822,shorts_ok
0.09179415236010047,0.1426926699948973,shorts_ok
-0.14645815743025448,0.7811117776363801,shorts_ok
0.12836212208994086,0.24935903437057264,shorts_ok
0.006695691399815518,0.15506670585782328,shorts_ok
0.06453331038573157,0.07612066412859615,shorts_ok
0.06892420895551452,0.12675644805143926,shorts_ok
0.0399733337143044,0.19227015611823808,shorts_ok
0.09485117172024966,0.15544743808294034,shorts_ok
0.13808284027199333,0.3111958389349861,shorts_ok
0.03052329008039012,0.26666214978096164,shorts_ok
0.057304681897890106,0.08913689048379005,shorts_ok
-0.05325642346577848,0.4154005360454577,shorts_ok
0.2070875076655107,0.5945315761727086,shorts_ok
0.1108027933795971,0.1831154767112027,shorts_ok
0.057610995899835336,0.10969599093532224,shorts_ok
0.16122382773382976,0.3333726009758184,shorts_ok
0.10451949807982677,0.17535964595714104,shorts_ok
1.1522778531239894,3.481858579620633,shorts_ok
0.06725993168066294,0.06988706173737703,shorts_ok
-0.01889259114234984,0.2601393109506836,shorts_ok
0.12481053248624946,0.2788368473679599,shorts_ok
0.012790565988788152,0.7973556078457722,shorts_ok
-0.07155250265303517,0.7023255521320501,shorts_ok
0.07843075587319324,0.10033927724769265,shorts_ok
0.1584226628496121,0.3245901933930616,shorts_ok
0.11561152464284186,0.21918963331419936,shorts_ok
-0.44433796331992137,3.4204497729317485,shorts_ok
0.12139064193224315,0.27534011521370716,shorts_ok
0.2854500812040562,0.7569254417126915,shorts_ok
-0.0031862917361575455,0.24280574774609512,shorts_ok
0.02193485191154216,0.20708238880768232,shorts_ok
-0.23577933346726535,0.882598793825615,shorts_ok
0.09174158701861465,0.13263127428829818,shorts_ok
0.25840695722302354,0.6675814325616161,shorts_ok
0.055727878228750014,0.09749295709882187,shorts_ok
-0.47166743467979827,1.7551572910451383,shorts_ok
0.08087474104112387,0.20567108145660376,shorts_ok
-0.06026298612715518,0.33188649388371444,shorts_ok
0.31511447481208543,1.2498025725502215,shorts_ok
-0.1424525850092761,0.605824618124882,shorts_ok
0.09538631058695764,0.2008658741053452,shorts_ok
-0.0799920375477998,0.47132714989966096,shorts_ok
0.0861121329210908,0.12606072741422766,shorts_ok
0.26999698590756593,0.7083430715057879,shorts_ok
0.17503763543245243,0.5143192908703881,shorts_ok
0.029991246070097496,0.27634111227282776,shorts_ok
0.08122541572321806,0.11621559818078396,shorts_ok
0.1023686187312291,0.18543680956845499,shorts_ok
0.10915372297081835,0.1992825226520309,shorts_ok
0.07683918944540666,0.0917686538584734,shorts_ok
0.07519310543056924,0.4466508618593425,shorts_ok
0.14644568715148437,0.38559896597375143,shorts_ok
-0.02893046069474342,0.6441192449352147,shorts_ok
0.0282513509765122,0.13524424547976557,shorts_ok
0.10202653433667214,0.18925751718655406,shorts_ok
0.059891147102297496,0.18331390557637223,shorts_ok
-0.09216541512145279,0.4329945545907267,shorts_ok
-0.12993509748177837,1.3149950052073713,shorts_ok
0.09938844085836465,0.16290259214882738,shorts_ok
0.08321323671806645,0.1680359149898479,shorts_ok
0.0724129379292465,0.08963221459417735,shorts_ok
0.04976521988462862,0.11931573489916028,shorts_ok
0.05832768721438909,0.08466533569249349,shorts_ok
0.107988785008064,0.17469055644718856,shorts_ok
0.3526969619794518,1.4302424171412578,shorts_ok
0.03357046578627267,0.08538700671608596,shorts_ok
0.10986823496034684,0.22394554611826978,shorts_ok
0.07526112471905116,0.12393846232607768,shorts_ok
0.04348147801946042,0.25740818674487104,shorts_ok
0.051937624588642615,0.13702636628432852,shorts_ok
0.03392000755221023,0.2248086222575492,shorts_ok
0.056378751910558154,0.14199998488546128,shorts_ok
0.10046619614112864,0.15193810017164344,shorts_ok
0.0404723009453039,0.08109212028986962,shorts_ok
0.1612287378276846,0.4271444656778012,shorts_ok
0.02901317363605676,0.1317953336421101,shorts_ok
0.14137057742806133,0.3562509191820023,shorts_ok
0.02271931879811613,0.15420134736428712,shorts_ok
0.10477391473270872,0.16747823356842473,shorts_ok
0.02209574761827466,0.15294031769764674,shorts_ok
0.03418276863493461,0.11926547607597494,shorts_ok
-0.028305874035744374,0.2661580494912747,shorts_ok
0.11513430221607392,0.19802407975245265,shorts_ok
0.1161289312607017,0.24428350192669568,shorts_ok
0.15442124708257426,0.32601487659685674,shorts_ok
0.3471320536046071,2.1035796955993513,shorts_ok
0.10618172193604063,0.1772968691568228,shorts_ok
0.12406320627480621,0.31292937720462743,shorts_ok
-0.004894792296334063,0.6973625608667511,shorts_ok
0.055125302422399276,0.07416806043882562,shorts_ok
0.08766536384912398,0.13880137963431904,shorts_ok
0.11265377737413002,0.3353230232777611,shorts_ok
0.11771278626264599,0.2502845500964246,shorts_ok
0.5953830604129093,1.945159286718102,shorts_ok
0.0697738145411039,0.35253775352419303,shorts_ok
0.1563685185404261,0.5462546743482508,shorts_ok
0.02073458964429555,0.486113934750324,shorts_ok
0.17344635128699584,0.4112554092960696,shorts_ok
0.8948375416240784,2.470818495552377,shorts_ok
0.07396860169130355,0.24864305110097495,shorts_ok
0.05464948170594307,0.12287187364986153,shorts_ok
0.05298041362395352,0.07842434289936098,shorts_ok
0.08937496112326664,0.12096447567459526,shorts_ok
0.016243500874722528,0.2274060521770238,shorts_ok
0.10985649461153255,0.19977373165728346,shorts_ok
0.08794672692699322,0.14850532377891829,shorts_ok
0.07192496407701421,0.1055208611907752,shorts_ok
0.05331652085602542,0.08758868885487038,shorts_ok
0.02047298638534094,0.1498077504816075,shorts_ok
0.08467224940072335,0.18311119883672328,shorts_ok
-0.02832658388611313,0.25324221162588906,shorts_ok
0.11723110990269883,0.24400779190018182,shorts_ok
-0.007541643551120872,0.18468736235123517,shorts_ok
0.12041419573279716,0.22198911771935265,shorts_ok
0.19402127945395375,0.8714001083592132,shorts_ok
0.06555082839751557,0.2266244549080222,shorts_ok
-0.002385440074322509,0.17799771794605806,shorts_ok
0.12534378431692486,0.23099575802836222,shorts_ok
0.048822733418667615,0.04801245432916985,shorts_ok
0.13142956593059082,0.2656226829656988,shorts_ok
0.22041110271502432,0.5467268244635874,shorts_ok
0.02321071193884001,0.16722306939836526,shorts_ok
0.12776963484006937,0.26847661676058815,shorts_ok
0.06983371505659107,0.22228412482920523,shorts_ok
-0.08301891722472694,0.42571216867317657,shorts_ok
0.057748872340317545,0.12207815906025526,shorts_ok
0.0796858462935181,0.1377232736424931,shorts_ok
0.12443721696710361,0.6513757979006661,shorts_ok
0.20300611749804787,0.5163996617950125,shorts_ok
0.32169312269197425,0.9822274084683277,shorts_ok
0.13096572296897252,0.3186084744294787,shorts_ok
0.05249863870941757,0.08587490765825001,shorts_ok
0.09713695887668283,0.1439187674099957,shorts_ok
0.06166223550314555,0.0688185143386336,shorts_ok
0.08726340041598393,0.1529318593790026,shorts_ok
0.27374203200257496,0.795592002789631,shorts_ok
0.05987144838365804,0.1813951712985149,shorts_ok
0.11303550331855122,0.219311874790042,shorts_ok
0.19460921808037976,0.5689955420316639,shorts_ok
0.08674000124356863,0.13631832289901727,shorts_ok
-0.12195089451415518,0.6623860413278977,shorts_ok
0.09906448072994312,0.180389816895778,shorts_ok
0.09742746539123322,0.31834496866656703,shorts_ok
0.054603281456773234,0.05281106151533678,shorts_ok
0.06489894397498278,0.0800042929554155,shorts_ok
0.08043680341408148,0.10746900283383279,shorts_ok
0.09939938604143729,0.24098745849940412,shorts_ok
0.1674166607769967,0.3860662111673647,shorts_ok
0.11062507113168084,0.1914521033336175,shorts_ok
0.11307778857441117,0.3116164927315979,shorts_ok
-0.9508386282978561,3.0495786829813842,shorts_ok
0.041088450597914744,0.06492998554653738,shorts_ok
-0.039239210007062236,0.3184512898855276,shorts_ok
0.10055175794596084,0.15707910415781112,shorts_ok
0.03512020460739542,0.09095287745923114,shorts_ok
-0.20143114588270525,2.5830452751859756,shorts_ok
0.05081973167323818,0.07588026935729407,shorts_ok
0.0790831137639536,0.14718155287258838,shorts_ok
0.07654336203667429,0.17244428282127044,shorts_ok
0.12809104333597968,0.2977473895019871,shorts_ok
0.1773751306506865,0.39056952591480293,shorts_ok
0.18105281964071812,0.40223952757661874,shorts_ok
0.2761863378742884,0.7497085096890427,shorts_ok
0.01794534932671319,0.21487682880509376,shorts_ok
0.019226339240937827,0.304671198662744,shorts_ok
0.10329681676192658,0.18179513960694968,shorts_ok
0.07843011394713631,0.14510954319109814,shorts_ok
-1.8271232504112653,6.770494459066985,shorts_ok
-0.06331511773871051,0.38946050809486665,shorts_ok
-0.14348920469096466,0.8204399037887997,shorts_ok
0.12838938972929564,0.27918681614454055,shorts_ok
-0.3221105593505694,1.1769227614985174,shorts_ok
0.05008895762432351,0.09246145426555,shorts_ok
0.07586980447617457,0.13184104771471794,shorts_ok
0.004901703717434536,0.17289709004537443,shorts_ok
0.1271583222092811,0.27238557524694096,shorts_ok
0.07719637197874848,0.15107887222998911,shorts_ok
0.14690251979664848,0.2871144009729081,shorts_ok
0.06359848625224047,0.18569274233511948,shorts_ok
0.4232906805527498,1.2293846657170107,shorts_ok
0.04286659798952849,0.26827635227236846,shorts_ok
0.05690539171044672,0.05452298206603683,shorts_ok
-0.03260681603057332,0.37317311221810184,shorts_ok
0.10682442519869773,0.20374260303812486,shorts_ok
0.16955248696758107,0.3625983140483448,shorts_ok
0.09276240780896731,0.1799317356534667,shorts_ok
-0.06449336829031015,0.48416544096368114,shorts_ok
0.051929754712540674,0.0763736471996519,shorts_ok
-0.07169500271266055,0.3691264717437915,shorts_ok
0.05640779544510128,0.08986228189805337,shorts_ok
0.06798013079458656,0.06736616105743294,shorts_ok
0.032034322909016456,0.2164050787708378,shorts_ok
0.03735804458794556,10.917480072383029,shorts_ok
0.23855277101056313,0.6803814917383425,shorts_ok
0.21628739636193745,0.5371456664826822,shorts_ok
0.2883360277134216,0.7193103242956512,shorts_ok
0.10917768769127215,0.20337997137180835,shorts_ok
0.04796249432438987,0.05920437744940744,shorts_ok
-0.06168479072611844,0.6328988170811902,shorts_ok
0.025298070948253995,0.10834527425985946,shorts_ok
0.0019766377287893724,0.34975231536280493,shorts_ok
-0.006807488352213592,0.2606764723399986,shorts_ok
-0.0460386015542238,0.37048573663557804,shorts_ok
0.05733561325713111,0.08180901378010064,shorts_ok
0.09878209516527416,0.21034953087003785,shorts_ok
0.10515021086821649,0.23134181332569728,shorts_ok
-0.049682417653926336,0.864123589312246,shorts_ok
0.12040261309393165,0.2179175313750563,shorts_ok
0.10738181259253242,0.19508334252817153,shorts_ok
0.03386748455483339,0.14434546046700095,shorts_ok
-0.009525693675984853,0.3831927880849604,shorts_ok
-0.0670690604093854,0.35196983213622896,shorts_ok
0.10458778506093726,0.1621252849175197,shorts_ok
0.20921574630432135,0.6148411934599518,shorts_ok
0.03464686718245488,0.1007289025513425,shorts_ok
0.12971527282114775,0.2974635823504474,shorts_ok
0.07218215830853329,0.13435778227285233,shorts_ok
0.14301116241073086,0.32967035466630557,shorts_ok
0.06283662822784927,0.14379750803198738,shorts_ok
0.1469155017068716,0.39425987425817177,shorts_ok
0.08653376600188166,0.18961340671106547,shorts_ok
0.03426159507927688,0.07097310583088606,shorts_ok
0.04635654354072354,0.2382275582678238,shorts_ok
0.07245669689596101,0.09510354090868803,shorts_ok
0.00038740644346638327,0.39571765677305387,shorts_ok
-0.4676969137925838,1.5764224259405204,shorts_ok
0.08503462039913308,0.15793678431601302,shorts_ok
0.007334398046259613,0.19305591764659252,shorts_ok
0.043125846281745435,0.09531756458278084,shorts_ok
0.05235906994269676,0.10825294303460266,shorts_ok
-0.18512125493552517,0.7127105030741013,shorts_ok
0.01428969929335032,0.14363445932001662,shorts_ok
0.07197150754884951,0.09631306516300872,shorts_ok
0.07984443278718803,0.0994093643489291,shorts_ok
0.004563888952845062,0.16496411846827555,shorts_ok
0.11159917644233815,0.2003015181134775,shorts_ok
0.0870945019963291,0.1332829642452361,shorts_ok
0.05476891591144761,0.12611433218489343,shorts_ok
0.3102102412279949,0.7767760871611995,shorts_ok
0.09887508266030853,0.17994011511817337,shorts_ok
0.05884340763989401,0.05728180624003092,shorts_ok
0.051271718439595035,0.05384222089660982,shorts_ok
0.005687635488085818,0.2787301932231606,shorts_ok
0.20991966082655283,0.7310949574723147,shorts_ok
0.11000432271596597,0.19983629924538793,shorts_ok
0.06492480198596504,0.07066084016883989,shorts_ok
0.08602477262830024,0.14914261133087434,shorts_ok
0.09160515097216312,0.12904684232459215,shorts_ok
1.5450583952607506,4.91635796249978,shorts_ok
0.15540492220407115,0.31084121559947536,shorts_ok
-0.15324463581043218,0.6554229116339702,shorts_ok
0.5452915446372627,1.4693007790609753,shorts_ok
-0.05603641151611469,0.34099479545657546,shorts_ok
0.09179328526883254,0.1392831291694741,shorts_ok
0.11702969527132359,0.2417630094072287,shorts_ok
0.06568862733658343,0.5313206395789338,shorts_ok
0.1755060948797428,0.36888925160575126,shorts_ok
0.052167901215812114,0.10350569851138965,shorts_ok
0.010351043316024745,0.17281901175511963,shorts_ok
0.07279785873086059,0.08267269290603309,shorts_ok
0.07762938289552515,0.12518484705188207,shorts_ok
0.0964495838843024,1.321472471851833,shorts_ok
0.14925647234115014,0.29619156178016504,shorts_ok
0.07894495357766977,0.1431597389311088,shorts_ok
0.03450972974199733,0.1353791700066532,shorts_ok
0.05854006571159481,0.1328292148471944,shorts_ok
0.06099584548733329,0.25882237826995963,shorts_ok
-0.024707995145102343,0.31737208041057735,shorts_ok
0.10049070657625993,0.16413868062690387,shorts_ok
0.06034310289823002,0.0580666268300323,shorts_ok
-0.2610374230348278,1.5184183573056211,shorts_ok
0.1108071037171025,0.1808802783473087,shorts_ok
-0.12206309751884267,0.7000275054982165,shorts_ok
0.12465035929180782,0.2540081515048999,shorts_ok
0.4575152508313166,2.272698020680739,shorts_ok
0.13305380226056113,0.2775327734018887,shorts_ok
0.15722047379669232,0.44987151409932163,shorts_ok
0.7260328580572307,2.1853246090627114,shorts_ok
0.08503976848373532,0.12992254593316982,shorts_ok
0.07685369164617062,0.10793072861818974,shorts_ok
-0.05221216036815085,0.5485892969005312,shorts_ok
0.10032267362558202,0.16413091363376944,shorts_ok
0.07120575651452656,0.07684585137786847,shorts_ok
0.09334157855367455,0.2818070807535709,shorts_ok
0.052197153132801606,0.09985615760445844,shorts_ok
0.07256810917668646,0.09412393107731935,shorts_ok
0.07624730463262781,0.20259499339031847,shorts_ok
0.11123660014276113,0.23949446208959096,shorts_ok
0.03432031202148858,0.2939814054626734,shorts_ok
0.8922738384959759,2.5140008254225155,shorts_ok
0.19830024822086242,0.46163085070203247,shorts_ok
0.09126117922873703,0.15215511555541722,shorts_ok
0.04914357811900931,0.07096557443283245,shorts_ok
0.09262301711775146,0.14062500758821386,shorts_ok
2.7881676056642912,12.601780465492897,shorts_ok
0.10231146858982745,0.20094336675077587,shorts_ok
0.20221643919880963,0.714933258282619,shorts_ok
0.07692991450284979,0.09321242246795389,shorts_ok
0.11512296271524348,0.19989106864261694,shorts_ok
-0.021318764135245305,1.1166087362083317,shorts_ok
0.06666546539251993,0.08437168393478527,shorts_ok
0.057681818324623164,0.09078846157265115,shorts_ok
0.11676718217006195,0.21570134739672592,shorts_ok
-0.007264125923216722,0.4484083995060186,shorts_ok
-0.037288078888940646,1.7690925899652763,shorts_ok
0.08051695615214642,0.18530383671588826,shorts_ok
-0.04190543711201908,0.28142384842939283,shorts_ok
-0.04894782413091241,0.45060063902010766,shorts_ok
0.09470616390214291,0.16511157921678132,shorts_ok
0.09147063780418453,0.19185755121747539,shorts_ok
0.0245563309173117,0.15766377022631933,shorts_ok
-0.8089963621549368,2.8031471625323734,shorts_ok
0.0397114667798247,0.08330543235488369,shorts_ok
0.13947969802559557,0.28544908743642555,shorts_ok
0.14954838766511463,0.30757042651039235,shorts_ok
0.07400514416038237,0.08315155605191567,shorts_ok
0.028875227328120416,0.12860709204528703,shorts_ok
0.0810735561637736,0.10005915433265887,shorts_ok
0.32062190343439234,0.8035356065420876,shorts_ok
0.060769953059528245,0.16983411093600018,shorts_ok
-0.11012101393963618,1.822577125078762,shorts_ok
0.06863035789705907,0.08126735762842327,shorts_ok
0.030087945875080884,0.12009000578111405,shorts_ok
0.6742687405848853,1.8984415695866175,shorts_ok
-0.3475049228445593,1.2310638963379334,shorts_ok
-0.0009723864376037436,0.2140462374076268,shorts_ok
0.03941664395762952,0.08745053680209064,shorts_ok
0.3696123399052328,1.0124461684367196,shorts_ok
0.07124737258315167,0.08969369283487431,shorts_ok
0.022161791883869845,0.10488081445572359,shorts_ok
0.11284372259388983,0.2931954218305677,shorts_ok
0.25386177247882485,0.6486503969884297,shorts_ok
0.18957172519128843,1.862701709488495,shorts_ok
0.18380041308565004,0.4505562172197703,shorts_ok
-0.12205585301353691,0.695028826669613,shorts_ok
0.1783431771486198,0.4098464611085085,shorts_ok
-0.014853432980509708,1.0241384715732893,shorts_ok
0.036439946355251114,0.17594719599873246,shorts_ok
-0.11364459788850331,0.5422736495119249,shorts_ok
0.13106589544914352,0.2416398753089486,shorts_ok
0.03340061336481782,0.15590724581808132,shorts_ok
4.923826161014656,14.829518516387038,shorts_ok
-0.07938891738962664,0.4401678653406037,shorts_ok
-0.020982366805594926,0.25508936104482344,shorts_ok
0.041724673047073724,0.09672399126024947,shorts_ok
-0.03451577495069909,0.3287536874968355,shorts_ok
0.0885332023301166,0.17347624476521756,shorts_ok
0.030857434806669568,0.28446379813128897,shorts_ok
-0.015240032814206647,0.24256691999665947,shorts_ok
0.05325027874506724,0.2787221903944785,shorts_ok
0.020018055626189996,0.7808242463589057,shorts_ok
0.07032469139911267,0.16303393343940656,shorts_ok
0.06445859993279357,0.08231792509725311,shorts_ok
0.08355649793374156,0.12325492226806578,shorts_ok
0.175229083249636,0.6040486779627515,shorts_ok
0.0989238739544211,0.20752107510364076,shorts_ok
0.025956668819029097,0.4942171268560287,shorts_ok
0.0989845475300822,0.22221514133901496,shorts_ok
0.08361015717822237,0.118519378668231,shorts_ok
0.43780319241465615,8.494220576664599,shorts_ok
0.0940014877365558,0.17782912493754832,shorts_ok
0.00022501278667488855,0.18086504398950914,shorts_ok
0.07475826022680054,0.09142726062150669,shorts_ok
0.08004504130179002,0.12344454063509534,shorts_ok
-0.13649553864632258,1.7118918643764487,shorts_ok
0.07081321112579261,0.15332731425512489,shorts_ok
0.05468567359786224,0.16212254939771584,shorts_ok
-0.07211602044424337,0.4505400789192248,shorts_ok
0.18857409794804358,0.5325632727400487,shorts_ok
0.04777764619088652,0.1139786182042058,shorts_ok
0.025813710934713983,0.3023845753077275,shorts_ok
-0.007041506359591679,0.30936095420689497,shorts_ok
0.10275456613168715,0.24612717166363443,shorts_ok
0.08263323069719333,0.1389932432792815,shorts_ok
0.04185411745951678,0.15857062307486122,shorts_ok
0.09723088896013739,0.1818048122420751,shorts_ok
-0.6033647498617223,2.4009355836396087,shorts_ok
0.027142172326316348,0.1232844171841704,shorts_ok
-0.25278834945602624,1.0770326619571167,shorts_ok
0.07446613034269461,0.20016903992600618,shorts_ok
0.24606076360968104,0.6707683208850481,shorts_ok
0.06400449918187662,0.06671312085309189,shorts_ok
-0.09969136290205287,0.6044293344818075,shorts_ok
1.4981829896089158,5.413070577232169,shorts_ok
0.10853731608129556,0.20391801746596963,shorts_ok
0.03574546651517415,0.09494664265160006,shorts_ok
0.05233034687519074,0.0713865304588543,shorts_ok
0.030899601795230443,0.15570420459862602,shorts_ok
-0.21049688719593013,0.9372182643756718,shorts_ok
0.023312904615592114,0.10628136242639892,shorts_ok
0.028387154703096745,0.21721311699474055,shorts_ok
0.06374410347813403,0.2159365884411845,shorts_ok
0.08343015437554166,0.10465508145695984,shorts_ok
0.2938316367975701,0.8028110068323917,shorts_ok
0.11595780608888964,0.21892016742434844,shorts_ok
0.15031498954169392,0.32740894717556174,shorts_ok
0.0875819484155487,0.12323031299560173,shorts_ok
0.11470988865227369,0.207198132204602,shorts_ok
0.17963214912892536,0.37705765442888595,shorts_ok
0.3657664310020902,0.9884788022760906,shorts_ok
0.04471489651160039,0.12647266787354158,shorts_ok
-0.20399774336276147,0.7576604977254295,shorts_ok
0.10220079522493875,0.34683921668188755,shorts_ok
0.16821973297660536,0.6490106954758024,shorts_ok
0.0034612637936943386,0.30522137927419274,shorts_ok
0.1489528815496775,0.3132686863811131,shorts_ok
-0.02132819483601439,0.24263183725938917,shorts_ok
0.11074437867788564,0.19233178576811816,shorts_ok
0.06225747105285053,0.07300734261663634,shorts_ok
0.10758861881161177,0.17780857565756655,shorts_ok
0.6013173000694648,1.8027944314191722,shorts_ok
0.062130243319441,0.11559874928435612,shorts_ok
0.14746114790938283,0.2842159290149582,shorts_ok
0.15154653671143514,0.3877908089721356,shorts_ok
0.1160388419420223,0.2617098725889369,shorts_ok
-0.19444598428236826,0.9555912588653749,shorts_ok
0.4052075623886093,1.3080583434908175,shorts_ok
0.07245851491597992,0.1743642658322756,shorts_ok
0.038719643729549474,0.16135946433331025,shorts_ok
0.19449937403674034,0.8309073785567576,shorts_ok
0.026563288802523923,0.1319249945525699,shorts_ok
0.13258959787869634,0.28416149226278303,shorts_ok
0.011919825684637703,0.14462700861066677,shorts_ok
0.05577470814993067,0.17384538540252192,shorts_ok
0.286948511039366,0.8478576060294557,shorts_ok
0.02199909769191152,0.1619311980417221,shorts_ok
-0.8841073526657942,4.061457480751433,shorts_ok
0.13665896638716318,0.43683439003752117,shorts_ok
0.09326250072318715,0.29543310789922633,shorts_ok
0.00974825366956198,0.17026137263437488,shorts_ok
0.11337894807161661,0.19606663211664885,shorts_ok
0.039151877248177355,0.10144753013137607,shorts_ok
0.08496443182936965,0.14686789452184684,shorts_ok
0.04239366661201517,0.10587988129453206,shorts_ok
0.0869968047759758,0.11865766392730767,shorts_ok
0.16873767375517448,0.3481665935060436,shorts_ok
0.1702767268832802,0.41279911063269975,shorts_ok
0.03449724042513272,0.26199100857165447,shorts_ok
0.092451398761193,0.1324871863239967,shorts_ok
0.02094591162339824,0.1446202299204023,shorts_ok
0.07421872911701347,0.11288468930069781,shorts_ok
-0.10697372590033699,0.5043596442320961,shorts_ok
0.08990621250373605,0.2092080061983557,shorts_ok
0.075485973165164,0.14576703643248248,shorts_ok
-0.19857231464116443,1.0388747158100078,shorts_ok
0.07725708568833492,0.09820362489573621,shorts_ok
0.07784673613785839,0.11749701954249012,shorts_ok
0.18923908827853841,0.44910221723338306,shorts_ok
0.04065162465152201,0.06794113183350417,shorts_ok
0.22766364742324063,0.7231955858119374,shorts_ok
0.07351643664546038,0.10241483934812208,shorts_ok
0.23425416695771067,0.692857467497873,shorts_ok
-0.13410292146899147,0.5626194213174803,shorts_ok
0.09052338254753049,0.14743184863076098,shorts_ok
0.029453083846305215,0.10052196184211167,shorts_ok
0.08334275197335025,0.1340787931839477,shorts_ok
0.06730664069201989,0.08173641012167361,shorts_ok
0.07519053394413813,0.17672076343259077,shorts_ok
-0.32821168386022365,1.3994522808170526,shorts_ok
0.12395906321573398,0.2718797965053628,shorts_ok
0.024572478693958705,0.2776654961562885,shorts_ok
0.914804442438029,3.138727007502103,shorts_ok
0.11327211070232725,0.2131475720955052,shorts_ok
0.033311448442907524,0.3364985247003303,shorts_ok
0.0574693435642457,0.12975285403759335,shorts_ok
0.15017209556609876,0.32882967531523966,shorts_ok
0.7297883997894743,2.0309988750494727,shorts_ok
-41.212516915302345,141.10946283964543,shorts_ok
-0.4701264339321128,1.5440906064486324,shorts_ok
0.10357759843962777,0.26944158446845046,shorts_ok
-0.20557754175081638,0.776434271071721,shorts_ok
0.13071850395566423,0.30594373866608393,shorts_ok
-0.00920485720592533,0.19999976571770028,shorts_ok
0.05993335886344843,0.06266382698035612,shorts_ok
0.09286375867570704,0.13315481982032779,shorts_ok
0.015912071862156194,0.16406402531446024,shorts_ok
0.05023850651783225,0.12353299839213283,shorts_ok
-0.009773637611178916,0.44323587884829707,shorts_ok
0.034422664789435724,0.27715749825371705,shorts_ok
1.1962551590784374,11.153832302521542,shorts_ok
0.0996777456775749,0.2418883375216167,shorts_ok
0.14757932230905066,0.32587320045899737,shorts_ok
0.033566587131853794,0.1726790555772602,shorts_ok
0.04873675061445364,0.10610909583047054,shorts_ok
0.030189365941474474,0.09269039006506379,shorts_ok
0.09337260823687822,0.1506104049248459,shorts_ok
0.13507718451636325,0.26604205905603207,shorts_ok
0.08759956740163682,0.13144037637392875,shorts_ok
0.10821835691051958,0.21870504812625355,shorts_ok
0.004644873869865257,0.4826683882483666,shorts_ok
0.05987807690134629,0.13356345335092162,shorts_ok
0.06632366587127295,0.09563761636325606,shorts_ok
0.10843280515596453,0.19592598250192486,shorts_ok
-1.7838733755091674,8.619401977052558,shorts_ok
-0.04617166949154597,0.5285005816746579,shorts_ok
0.08289850047296995,0.10528030208616151,shorts_ok
0.04116944155675961,0.11571659311077863,shorts_ok
0.07996922110656784,0.17352907615825353,shorts_ok
0.19229591694888107,0.48524987589245505,shorts_ok
-0.03382650515134866,0.44531975241286026,shorts_ok
0.15386607596771215,0.3515702193753169,shorts_ok
0.08605691740391112,0.19292762603034425,shorts_ok
0.09691674645683311,0.6824804447626364,shorts_ok
-0.5263916473216078,3.7140669607469747,shorts_ok
0.020006922848618616,0.11529841381721771,shorts_ok
0.011496063542179497,0.2120404365287967,shorts_ok
0.04945630399029829,0.18342748529464936,shorts_ok
0.09902906791296792,0.2572121656004229,shorts_ok
0.08872066663761316,0.13070596385441607,shorts_ok
0.058715226588847105,0.09949474009030568,shorts_ok
0.03435216770669528,0.09344971186605092,shorts_ok
0.026134113605464693,0.12720168301500975,shorts_ok
0.07808464833914462,0.09583165546963565,shorts_ok
0.08536798391901715,0.17854429873518607,shorts_ok
0.11037452542265261,0.25493958602437816,shorts_ok
0.14606288416033272,0.3190012568292166,shorts_ok
0.07056008346960535,0.09788067129498527,shorts_ok
0.013310509541316885,0.1874888602422105,shorts_ok
0.32989055883193974,0.9370953973318618,shorts_ok
0.08114123072070184,0.14374863343633998,shorts_ok
0.1823240467524067,0.3879380415640533,shorts_ok
0.10021195433873605,0.17641980105143418,shorts_ok
0.05945572985122592,0.0874602382627106,shorts_ok
0.11852117540456937,0.26496092377293734,shorts_ok
0.04299995850322317,0.2682182911634172,shorts_ok
0.049950522379039575,0.2278831093469638,shorts_ok
0.06434997465174504,0.08057777223573535,shorts_ok
0.06483528192813295,0.1317083127472522,shorts_ok
0.07350623294298096,0.09730923050852833,shorts_ok
0.07005684478042878,0.14745329231200158,shorts_ok
0.06023731399755803,0.13023467700240135,shorts_ok
0.37133893439494664,1.141236798381285,shorts_ok
0.4384595778163944,4.762123861808493,shorts_ok
0.07703904429848446,0.13896005669011308,shorts_ok
0.05654314256946415,0.06561925194245144,shorts_ok
-0.11329182219617583,0.6527840265750788,shorts_ok
0.07476656935276113,0.10232341806819512,shorts_ok
0.04789118179956112,0.1821461526006757,shorts_ok
0.06735609368155661,0.3991224456903835,shorts_ok
0.08867132271402285,0.1638204196562695,shorts_ok
-0.05689688237487321,0.5010381461728904,shorts_ok
0.16042776485755966,0.5725774189295871,shorts_ok
-0.009385475602466137,0.19378090143666207,shorts_ok
0.0794648380884688,0.15393287373938666,shorts_ok
0.0884339519397438,0.2853050175009157,shorts_ok
0.08256463388238705,0.2536107280912792,shorts_ok
0.025401142948263747,0.11607618602901143,shorts_ok
-0.02787911338084255,0.29883425462337904,shorts_ok
-0.07532994787402326,0.6170170487133949,shorts_ok
0.539833660538357,1.4679189345688841,shorts_ok
0.08245666856393605,0.1317600032323722,shorts_ok
0.08225647538548565,0.1195065462321309,shorts_ok
0.07122676373482052,0.11829850665651855,shorts_ok
0.09671083895693663,0.1680143664414566,shorts_ok
0.24861717265847627,0.5939020659996042,shorts_ok
2.9855035766024436,26.90859632522951,shorts_ok
0.17159885577128073,0.37039855851214487,shorts_ok
-0.14086685271506044,0.653190396987795,shorts_ok
0.005256458631298408,0.21795043471140788,shorts_ok
-1.8086433305003555,6.720114620744862,shorts_ok
0.020446100324436924,0.2236704388035352,shorts_ok
0.05629790107105631,0.12519645063829368,shorts_ok
0.015282581048317576,0.2904143189993819,shorts_ok
0.011276759290143587,0.18143061028135105,shorts_ok
0.15329496501068943,0.36089355055692923,shorts_ok
0.015597562891273078,0.14262730008132135,shorts_ok
-0.00788165408500209,0.3603263460659083,shorts_ok
0.07398128567135002,0.1171280290361927,shorts_ok
0.07356609441115981,0.16822438781843102,shorts_ok
0.01758818417861363,0.11551252864916199,shorts_ok
0.05444360102141782,0.07849713832063444,shorts_ok
0.19652914472104488,0.46266337315852224,shorts_ok
-0.017483334815615564,0.3859007243403222,shorts_ok
0.0013340961594358602,0.1806481203198613,shorts_ok
-0.016113746774971655,1.1305127309412426,shorts_ok
-0.07965019344964086,1.1028637578014027,shorts_ok
0.10750007023309383,0.4799428261589832,shorts_ok
0.09334362717855663,0.1437277556158566,shorts_ok
0.060989787597994644,0.1480022878973345,shorts_ok
-0.7901805320564457,9.989978415300635,shorts_ok
0.09021891143554311,0.29658990765351456,shorts_ok
0.07186917311135918,0.09063137913153757,shorts_ok
0.07496731342875232,0.11593529190115683,shorts_ok
0.19690046195226274,0.5819359463437683,shorts_ok
0.04640213799345159,0.4024920135923337,shorts_ok
0.10649254161998971,0.18589589958614428,shorts_ok
0.004669635740387812,0.33985495065730503,shorts_ok
0.09482713277060383,0.16118463280448359,shorts_ok
0.07884648531092461,0.1440359793548557,shorts_ok
0.01388254841947742,0.13454708122833084,shorts_ok
0.11839532740329863,0.28040057732659124,shorts_ok
0.18718253142221966,0.4844745166510656,shorts_ok
0.08785113784317729,0.11732610784573136,shorts_ok
0.16580702940534758,0.348369189938524,shorts_ok
0.07944904864006017,0.10839264095695991,shorts_ok
0.08411844428154758,0.11640262874822466,shorts_ok
0.06784883409539652,0.10625053409722982,shorts_ok
0.0680471066694461,0.1924138347112615,shorts_ok
-17.88272138749423,61.12879603218206,shorts_ok
0.09947202895984425,0.1761179073874754,shorts_ok
0.047761521610986485,0.26980831758351487,shorts_ok
0.09081942145048218,0.13214189148108696,shorts_ok
0.13642483011117948,0.33673134431718643,shorts_ok
0.16473683615717383,0.35583221999526105,shorts_ok
0.11885685041373115,0.22046690576554848,shorts_ok
-0.1271152970146025,0.7651453086275088,shorts_ok
0.5476725893240254,1.8170815646374103,shorts_ok
0.08800548006893721,0.19998359933697202,shorts_ok
0.08815698491676505,0.13786560064112613,shorts_ok
0.07965456965969592,0.11833102689108427,shorts_ok
0.08608632825946176,0.15270166017639006,shorts_ok
-0.02089908624188823,0.25823288561930674,shorts_ok
0.03266584510059699,0.36662444759347346,shorts_ok
-1.5469024649225342,6.897233565002648,shorts_ok
0.02218071536562309,0.18587044412798637,shorts_ok
0.1090561214524301,0.18609332096724132,shorts_ok
0.054536923855233926,0.10413209846062971,shorts_ok
-0.03031243590716992,0.6196945121703823,shorts_ok
0.0710323811793374,0.14808645670289516,shorts_ok
0.11943809730721994,0.24737530396875093,shorts_ok
0.060841125640802546,0.10576969308597545,shorts_ok
0.05314502777994187,0.09443713461164388,shorts_ok
0.12948419224280186,0.29137569906382027,shorts_ok
0.03019306020856522,0.1887837748350641,shorts_ok
0.08029625287305402,0.12649062000995917,shorts_ok
0.07536108683425753,0.1210955345957955,shorts_ok
0.022871975956228426,0.10602148068692159,shorts_ok
0.10414518951833397,0.1613985257246177,shorts_ok
0.06796693942107203,0.07583586523627481,shorts_ok
0.014546565680510049,0.15135747401917357,shorts_ok
0.09869698595076071,0.15191415658119314,shorts_ok
0.046284541644545166,0.1485254290946068,shorts_ok
0.08945364423751895,0.1261668411977217,shorts_ok
0.055298739065659394,0.15316856447818794,shorts_ok
0.023747529254722004,0.23045739042559685,shorts_ok
0.19890678919891291,0.4372409248503877,shorts_ok
0.051706449978980565,0.08419258145447592,shorts_ok
0.06430951975287554,0.13528628431284467,shorts_ok
0.006527749588922962,0.21409177316740408,shorts_ok
0.06120301660049363,0.12738171143461535,shorts_ok
0.03247435895769204,0.23184303088420039,shorts_ok
0.034072403229099005,0.38438076359978285,shorts_ok
2.652278772750144,8.318488400627402,shorts_ok
-13.062431926244289,55.33788678110101,shorts_ok
0.05695744454550059,0.0761852535062482,shorts_ok
-0.11802808029243553,0.6294208808136674,shorts_ok
0.06080844776230059,0.14833169028557186,shorts_ok
0.11462059823137659,0.21255436023616453,shorts_ok
0.08886798043370789,0.157518832941158,shorts_ok
-0.06473199939030344,0.3899243928150999,shorts_ok
0.027813881313189664,0.17005549999616548,shorts_ok
0.11930446222686365,0.351985444547939,shorts_ok
0.12135229210725748,0.2488238874529667,shorts_ok
0.09541537042665808,0.13910258549346857,shorts_ok
0.2731686159030928,0.7231745276884616,shorts_ok
0.009980091265005639,0.1736719303837533,shorts_ok
0.07130342247500111,0.10115745443121267,shorts_ok
0.058365246327236484,0.07357879315828017,shorts_ok
0.16697036125601986,0.34412437533133744,shorts_ok
0.09665241758913251,0.16623650463630307,shorts_ok
0.10551194800764432,0.1921730517692486,shorts_ok
0.09188610498738428,0.19546580516043183,shorts_ok
-0.14831078400499167,0.6502916126773614,shorts_ok
0.034118777929130394,0.09701475927004746,shorts_ok
0.13888079362398242,0.3336404161341824,shorts_ok
0.16702462571767396,0.3728505375546053,shorts_ok
-0.03253123949391036,0.3716957006372617,shorts_ok
0.10113428028869602,0.2241974900352782,shorts_ok
0.4910881992291486,1.537653956765557,shorts_ok
-4.775535287306441,18.408318961119473,shorts_ok
-0.004199948763253011,0.17224366366298505,shorts_ok
0.03272563072355219,0.20243011487637244,shorts_ok
-0.04542292373332654,0.3094471179148999,shorts_ok
0.08803039171335225,0.13939628265160584,shorts_ok
-0.12726576670762219,0.725974806985479,shorts_ok
0.07278147168001188,0.16218448056176868,shorts_ok
-0.016453538368434273,0.5525878719890882,shorts_ok
-0.026868522037787054,0.43161359224022083,shorts_ok
0.14693339960814414,0.30042571782393857,shorts_ok
0.0460741710790389,0.09360759566333525,shorts_ok
0.07628121674996177,0.09440571767529153,shorts_ok
0.07395310809443525,0.13070595691404244,shorts_ok
0.0410271011285183,0.1478746133827942,shorts_ok
0.20347176852709792,0.5677592978321658,shorts_ok
0.07604455356967571,0.09072146701853485,shorts_ok
0.17616349536354414,0.3866999658662501,shorts_ok
0.0412566846513282,0.18616209991857544,shorts_ok
-0.0507074038775846,0.3622185346967339,shorts_ok
0.06188858630419925,0.05736912266400946,shorts_ok
0.21409588806476715,0.5572202193891785,shorts_ok
0.5298828468516683,2.1608868749546732,shorts_ok
0.11114612473265738,0.19711723688071248,shorts_ok
0.0744852900808432,0.20886006018907313,shorts_ok
0.12331467530758006,0.2295804677427192,shorts_ok
0.4508423899286425,1.4972207713241743,shorts_ok
-0.0657209987501755,0.5008484614387129,shorts_ok
0.025438185381209722,0.12823011046264512,shorts_ok
0.0852966121944376,0.8705676401402367,shorts_ok
0.06450499342524163,0.07709813246270623,shorts_ok
-0.19354873056789015,1.039694548057581,shorts_ok
-0.044452820453268246,0.39881024376712493,shorts_ok
0.20677137434798123,0.6960388419037729,shorts_ok
0.10857444939382971,0.22365941804418318,shorts_ok
0.10760986401596401,0.18159072321989247,shorts_ok
0.22829886113428619,0.6287939414025198,shorts_ok
0.004235102763238671,0.214545803713402,shorts_ok
2.561042734892474,31.009010669293726,shorts_ok
0.019145203380832726,0.12969090855383747,shorts_ok
0.10372178554263402,0.18730712195381416,shorts_ok
0.06523580211582919,0.08496299406002822,shorts_ok
0.05976683123605246,0.08043157240959169,shorts_ok
0.18070029173719748,0.42456757028032566,shorts_ok
0.09428295749267045,0.13976576274151428,shorts_ok
-0.02448548078991758,1.3311468776780473,shorts_ok
0.14277205928750167,0.28799341863874384,shorts_ok
-0.00468915881084029,0.25322398618078945,shorts_ok
0.4513605645307739,5.348433601293955,shorts_ok
0.14468787066606037,0.36580344738642445,shorts_ok
0.25952448066939104,0.8106102512778162,shorts_ok
0.2474333484211655,0.6060693765260932,shorts_ok
0.7333160699918422,2.268007192704284,shorts_ok
0.07654179503210534,0.14564692045858424,shorts_ok
0.12135222826739214,0.21839232266074887,shorts_ok
0.06661617321648716,0.14813860032933393,shorts_ok
0.08922596815231104,0.25731143275974305,shorts_ok
0.12103704762048065,0.27112235126196726,shorts_ok
0.21066085083347594,0.5228311356369567,shorts_ok
0.09363358990332957,0.5446677569373071,shorts_ok
0.10672426828165167,0.20271249180150175,shorts_ok
0.04007194851792269,0.24184685138365025,shorts_ok
0.03022934481401382,0.0819842966704208,shorts_ok
0.09272145568888716,0.13316333929493634,shorts_ok
0.03454400426480807,0.14140507528621632,shorts_ok
0.05520257963752222,0.07531740855631333,shorts_ok
0.1154254328105619,0.2267091414984236,shorts_ok
0.0966093808994753,0.1526947119002832,shorts_ok
0.0008631119574410012,0.20257548552059237,shorts_ok
0.16811493398286553,0.37574724740586635,shorts_ok
0.08831895845302909,0.16685138407440483,shorts_ok
0.18378956600217433,0.4742318840151371,shorts_ok
0.05788640514442954,0.07803272842804586,shorts_ok
0.08024212068008826,0.11483751849732306,shorts_ok
0.042277889317624176,0.18688923043705985,shorts_ok
0.11366792236152766,0.3202706250080155,shorts_ok
0.022864029183042055,0.10076553531826232,shorts_ok
0.12414381587445039,0.23534534670229992,shorts_ok
-3.662940525879976,14.679235508861147,shorts_ok
0.04649589438399139,0.1080274391626976,shorts_ok
0.20680752814295858,0.7928323412022524,shorts_ok
0.24070883494884515,0.7307069291505502,shorts_ok
-3.10488747343936,9.26071061365632,shorts_ok
0.053398345384873334,0.08730932659967337,shorts_ok
0.06632980224479997,0.14966241468555005,shorts_ok
0.015443640360672022,0.16244268541515772,shorts_ok
0.03154988787427823,0.4706971510273433,shorts_ok
-1.130087263560227,4.302520668117558,shorts_ok
0.0917567145704648,0.14577004722371326,shorts_ok
0.04103757979130183,0.3328335992431702,shorts_ok
0.04362725343890181,0.0807051392124417,shorts_ok
0.6186639066883888,3.2164241112962126,shorts_ok
0.08264496050087336,0.12294121037923006,shorts_ok
0.030272606220647445,0.32870676171836505,shorts_ok
0.5015687980843282,1.4891631042756501,shorts_ok
0.07960948784852057,0.11554875133382209,shorts_ok
0.12325696143375921,0.26774540075997355,shorts_ok
-8.517110971157994,34.616409664616896,shorts_ok
0.277813933520699,0.7432306421888177,shorts_ok
0.23290774232038036,1.1902199688468271,shorts_ok
0.0779871859286635,0.11068231023664048,shorts_ok
0.06673459280162601,0.16727129783843042,shorts_ok
-0.009775191135882315,0.23441155157115237,shorts_ok
0.06528272171761347,0.07848127041677018,shorts_ok
0.07632664690726526,0.12668097197168443,shorts_ok
0.06577263445848044,0.18764664078035959,shorts_ok
0.11712214404517926,0.22429428318932626,shorts_ok
0.3103729915904116,0.862522530639845,shorts_ok
0.12617216265828396,0.40959299479912575,shorts_ok
0.1514136818482333,0.3686005579072164,shorts_ok
0.09139276301875385,0.2190073223055753,shorts_ok
0.05234703767239234,0.08597215182944985,shorts_ok
0.012558485046230534,0.27050905881861753,shorts_ok
0.09756167407345559,0.18620148604932174,shorts_ok
0.09615242329968432,0.1989791151382864,shorts_ok
0.08337914959831044,0.12720910425093396,shorts_ok
0.149340829082974,0.3279638813109477,shorts_ok
0.06221825872582945,0.07122293027329832,shorts_ok
0.07728890530461317,0.15695221111719884,shorts_ok
0.1767679895796669,0.37192219212517014,shorts_ok
-0.3295636556274165,1.1817591369616658,shorts_ok
0.13604499991083494,0.2623804437583105,shorts_ok
0.10650368030900953,0.17662591791572635,shorts_ok
0.07911807640965901,0.12969996738234535,shorts_ok
0.05153223184251837,0.05980200607769329,shorts_ok
0.08641162887538484,0.2456230289733129,shorts_ok
0.07882145597359247,0.1136027742638158,shorts_ok
0.04829121950800934,0.08289207370038341,shorts_ok
-0.17453304622972735,0.7559282045964704,shorts_ok
0.035753816570099115,0.13014448838458412,shorts_ok
0.08076661261493284,0.11638893022049396,shorts_ok
0.2543229664055823,0.6656772431423075,shorts_ok
-0.12716736636215886,0.5404915939557658,shorts_ok
0.07440490851549456,0.13838495627930786,shorts_ok
0.11248394097548005,0.2074853127121823,shorts_ok
0.06777418518442467,0.07802892464767189,shorts_ok
-0.04407036130270233,0.9081793016055083,shorts_ok
0.09701917906557059,0.16978708283607677,shorts_ok
0.05241713427094255,0.2183316913266294,shorts_ok
0.03797013619829576,0.13493569811907438,shorts_ok
-2.9787968884400184,9.33878176742505,shorts_ok
0.09376517222823418,0.14083659029923398,shorts_ok
-0.016814079786199837,0.26175510562305276,shorts_ok
-0.06082517880101802,0.41695166973488584,shorts_ok
0.17358366321705732,0.4004728088447501,shorts_ok
0.08608616161384627,0.12401143498364545,shorts_ok
0.033338174961697414,0.16210708342719632,shorts_ok
0.045433842787682865,0.0633583627016232,shorts_ok
0.06235947763640281,0.08594091795896021,shorts_ok
0.09062448064194013,0.1476844365627273,shorts_ok
0.11680559874251965,0.20334163710114617,shorts_ok
0.1253999828061203,0.23916895648590203,shorts_ok
0.11157293468965364,0.2345140698706192,shorts_ok
0.07786152483084326,0.09771448537459564,shorts_ok
0.0011884825735561742,0.5518949498105666,shorts_ok
0.20895469624035898,0.5660329543155117,shorts_ok
0.32067485861804107,0.8666487830937049,shorts_ok
0.1183277134702728,0.24861549452107695,shorts_ok
0.14123661953250477,0.3302251363312092,shorts_ok
0.10119758713054185,0.2378334045109798,shorts_ok
0.0747814429101594,0.10339049188246642,shorts_ok
-0.02848670000752415,0.563136263833205,shorts_ok
0.04318897028933957,1.195882039935673,shorts_ok
-0.09127390622761222,0.43600388995411377,shorts_ok
0.047865308393495294,0.07969061032171919,shorts_ok
0.03389924369195088,0.08518777531420914,shorts_ok
0.09180987824839328,0.1828371141019069,shorts_ok
0.30621863234480795,1.2229539279326476,shorts_ok
0.048756157289678484,0.3590250043691355,shorts_ok
0.10097434389906176,0.20599955896066,shorts_ok
0.16674252499294273,0.4501220995522038,shorts_ok
0.659785957549383,1.824896500558986,shorts_ok
0.05462973234982656,0.23768473443368124,shorts_ok
0.05765831096082592,0.09258125841658414,shorts_ok
0.06532941846195678,0.11470709550778424,shorts_ok
0.5952668013805635,1.6203585360764796,shorts_ok
0.02272653542827548,0.2821837934911931,shorts_ok
0.07577970117431101,0.12531206069809644,shorts_ok
0.0793791634978118,0.1350768528899018,shorts_ok
0.11363027867734543,0.3559848317290414,shorts_ok
0.08653761915623676,0.166030717780119,shorts_ok
0.04147672946810096,0.09862510771585525,shorts_ok
0.09260097205005699,0.1340108716062796,shorts_ok
0.008391274773811463,0.40556317151041865,shorts_ok
0.021309466149830248,0.1108743825707494,shorts_ok
0.001387931984031185,0.17376860407555708,shorts_ok
-0.6581135088961289,2.667453879137371,shorts_ok
0.19298909963307423,0.44887162205503667,shorts_ok
0.07923411026008885,0.10354759077118547,shorts_ok
0.06283445595779755,0.20201643010065265,shorts_ok
-0.43413646362445396,1.4763712424696127,shorts_ok
-0.012272097780743937,0.3461142860834914,shorts_ok
0.11592990756933162,0.24064804640157753,shorts_ok
0.2661644257081941,0.6846502595948933,shorts_ok
0.06543710384961614,0.07646348739287898,shorts_ok
0.07173842948101972,0.08086961716820856,shorts_ok
0.18029740466715166,0.4616093388001197,shorts_ok
0.06284919119871255,0.09591135470441592,shorts_ok
0.08008172458064138,0.14858618956249017,shorts_ok
0.14283667149224943,0.3812666797393924,shorts_ok
0.028207029830113056,0.09874932583356959,shorts_ok
0.16713504924684222,0.4157648804607611,shorts_ok
0.09260868942876072,0.13774004089296546,shorts_ok
0.1405616944615496,0.32539893770251216,shorts_ok
0.08389121446677858,0.2216519377619846,shorts_ok
0.015132748273250382,0.14951994786931305,shorts_ok
0.03859532834537836,0.17419301407629334,shorts_ok
-0.01870742316118662,0.2282666644678812,shorts_ok
0.10019839834681661,0.17464072050862964,shorts_ok
1.235237001283748,4.0410093753705265,shorts_ok
0.06424147315057024,0.1710981267398881,shorts_ok
0.1016026292867262,1.1130049177360588,shorts_ok
0.1695615136434905,1.054464846660211,shorts_ok
0.03742041013380367,0.14253203933690492,shorts_ok
0.11558108736616811,0.20841617671185228,shorts_ok
0.09067313385540093,0.15972243516865356,shorts_ok
0.22034335185999648,0.5114776353341103,shorts_ok
0.07682438724824552,0.12742496904298317,shorts_ok
2.9524347731477896,15.996067796132646,shorts_ok
0.15217082495123235,0.30762935551473697,shorts_ok
0.06937199185910799,0.08268675946789145,shorts_ok
0.057422623701834916,0.08292313358472567,shorts_ok
0.2347656375020762,0.8178156338315188,shorts_ok
0.09926281886268065,0.15332062459802542,shorts_ok
0.13356906598874665,0.3828266828028766,shorts_ok
0.16766041952012162,0.37592381915610745,shorts_ok
0.024392655490374903,0.13511766225103952,shorts_ok
0.05952890650733122,0.06909510196354855,shorts_ok
-0.17785250029856675,0.9201422483219697,shorts_ok
7.202343026104481,44.37652114641714,shorts_ok
0.12140731825621065,0.25877995582603186,shorts_ok
0.13950289703713237,0.3220457534600596,shorts_ok
0.08481756082209137,0.12946885784917417,shorts_ok
0.13488214186956832,0.30465161421325393,shorts_ok
0.07770792032662811,0.10701911662267201,shorts_ok
0.09909191047563032,0.1657635450519404,shorts_ok
0.03521313626327833,0.30279488104851376,shorts_ok
0.06470561784514231,0.12671260682485286,shorts_ok
0.08809597913453626,0.12225848388835744,shorts_ok
0.10213806695113942,0.23625367800491232,shorts_ok
0.06587897114333373,0.12425007578059255,shorts_ok
0.12848864047708886,0.31875119462724444,shorts_ok
-0.11223820405426155,1.2014777464997253,shorts_ok
0.8086911281558735,2.5800256125761636,shorts_ok
0.07194466610544509,0.09738020001011753,shorts_ok
0.11387656511530575,0.25352213417289804,shorts_ok
0.09218239710257657,0.2670002614252644,shorts_ok
0.13770599611142964,0.2966000773429873,shorts_ok
0.13202296701883845,0.24481143124420582,shorts_ok
0.003716330394109013,0.217865490794013,shorts_ok
-0.005955468696098254,0.20220926620574073,shorts_ok
0.09960083429761467,0.17000969777607697,shorts_ok
-0.8556881038676567,2.795272717110923,shorts_ok
0.051597513252726754,0.14767034050485162,shorts_ok
0.08046084111794476,0.11843554719077001,shorts_ok
0.04310637168847245,0.18753098215159575,shorts_ok
0.032112977461486676,0.08341388812947823,shorts_ok
0.04095553342321928,0.10392188370719435,shorts_ok
0.06539029054612325,0.25575991881683685,shorts_ok
-0.11462420528482845,0.5004063600639655,shorts_ok
-0.17367134680744767,0.7094062681784589,shorts_ok
0.08176722976798459,0.17071462573756696,shorts_ok
0.06197224922410097,0.0848144025524784,shorts_ok
0.08549029164542096,0.11395637977409641,shorts_ok
-0.16408175556692067,0.8415996278731184,shorts_ok
0.07618007698599999,0.14430426133757207,shorts_ok
-0.03906325173700417,0.30044861902624664,shorts_ok
0.12021489854187864,0.25047019171857693,shorts_ok
0.23037004284456158,0.6129864793363404,shorts_ok
0.1811232798419446,0.9052391806222354,shorts_ok
-0.10878360107286428,0.7425049414430567,shorts_ok
-0.06923142009816063,0.8711898588644551,shorts_ok
-0.2651539979807429,0.9628383353118298,shorts_ok
0.0400284715594276,0.14353530254702399,shorts_ok
0.05408724701913427,0.12845001608144724,shorts_ok
0.05728995981020123,0.23752132490893857,shorts_ok
-0.08088203224802747,0.4254536368667322,shorts_ok
0.03936598816529093,0.10056086816391101,shorts_ok
0.061935493292785304,0.27367396052749404,shorts_ok
0.0850324452360901,0.12256596018521965,shorts_ok
0.1392425910302423,0.3289090130605201,shorts_ok
0.051625376387853125,0.07206181757099665,shorts_ok
0.10407345920714997,0.30457529585828624,shorts_ok
0.11340510711823301,0.33276801484376134,shorts_ok
0.1303492405824262,0.463436658501138,shorts_ok
-0.016201765111125893,0.4248788432933318,shorts_ok
0.28936962827709,0.7045033794710561,shorts_ok
0.08924641869298915,0.12151571331781821,shorts_ok
0.3862889107921674,2.3598776224365814,shorts_ok
0.2053086651170088,0.5727965459216324,shorts_ok
0.07236115512975705,0.24007443227469913,shorts_ok
0.011331170433565917,0.3410227762850909,shorts_ok
0.016101556965070832,0.18259005386748187,shorts_ok
0.05542253768524202,0.08373299317937329,shorts_ok
0.6156618906461624,2.0598657681149373,shorts_ok
0.2491326686451842,0.7054858464144207,shorts_ok
0.06787239437745468,0.17893823737289222,shorts_ok
0.03260238057851315,0.1113704750199991,shorts_ok
0.14396665385852248,0.2944545008119251,shorts_ok
0.07678982181925484,0.17642061085196728,shorts_ok
0.09472880887084215,0.1416268403605055,shorts_ok
0.05944273816545258,0.18371683227614735,shorts_ok
0.061568079911881665,0.11044633065917293,shorts_ok
0.10236674823477974,0.320568308493935,shorts_ok
0.029867751948198455,0.08439865612402309,shorts_ok
0.005410769164903899,0.23043200426625274,shorts_ok
0.14365502365417665,0.4587205325354966,shorts_ok
0.10137847530241531,0.20975839093342194,shorts_ok
0.073242021806195,0.17592511248373197,shorts_ok
0.5621984567493236,1.7068604983977929,shorts_ok
0.018245519300582415,0.17266529529754698,shorts_ok
-0.2557565243448665,1.0140084906240272,shorts_ok
0.07651500729746638,0.09978702640170876,shorts_ok
0.018293444307945765,0.11398364523387101,shorts_ok
0.11652404590376562,0.23315182968786505,shorts_ok
0.5606252353067243,1.586743169062312,shorts_ok
0.02231794583015008,1.2004916613880257,shorts_ok
0.07182231882122825,0.12985281246990366,shorts_ok
0.11626467392729592,0.20743435598819088,shorts_ok
0.16198650626010622,0.34737445569023984,shorts_ok
0.13647779498673118,0.4164752929300502,shorts_ok
0.0845527742214086,0.12397798781256239,shorts_ok
0.06945033178866768,0.11777518012414259,shorts_ok
-0.07497996884561772,0.5137237158106256,shorts_ok
0.1002900312574977,0.1870867179292156,shorts_ok
0.079161348628435,0.10711896945010864,shorts_ok
0.04363677226666378,0.1000062022051484,shorts_ok
0.10895807346639855,0.18396214227402857,shorts_ok
0.08389308062630862,0.15555210963384986,shorts_ok
0.2504168175960594,0.6246674778573654,shorts_ok
0.06305349345777986,0.1229145322414704,shorts_ok
0.08958700579525482,0.13116711064626255,shorts_ok
-0.2609996407246564,4.4358903543742,shorts_ok
0.11250383935613731,0.18670036279123103,shorts_ok
0.10771839753827626,0.2590093275407019,shorts_ok
0.05783397860778862,0.13426891699788432,shorts_ok
0.5387347544851546,1.5477829628008133,shorts_ok
0.01596335541229856,0.1954335795932305,shorts_ok
-0.0832133706733272,0.4311282694392691,shorts_ok
0.2563295931925281,0.9855488899705134,shorts_ok
0.17733145059379996,0.39246322888382046,shorts_ok
0.008267381321644264,0.1742331015931804,shorts_ok
0.14306067279989107,1.1155417813728916,shorts_ok
0.3884283860381649,1.0402376798146833,shorts_ok
-0.0031022892418136397,0.20812388647832095,shorts_ok
0.1910086925343998,0.5552287202748526,shorts_ok
0.09997150261828823,0.1783859302295527,shorts_ok
0.07395077758158188,0.09517877633829008,shorts_ok
0.07096368612609838,0.11699259373866809,shorts_ok
0.04965327071021722,0.24711917008405157,shorts_ok
-1.7814695948415853,5.4194627685944115,shorts_ok
0.07306341500210821,0.11834202765470622,shorts_ok
0.07637603316124951,0.14093011418944412,shorts_ok
0.018539232511133395,0.1743828937446082,shorts_ok
0.051052071101533196,0.15584177362084428,shorts_ok
0.1748753182069409,0.4479827594021239,shorts_ok
-0.0762835416113978,0.6058294170632252,shorts_ok
0.026008213479342717,0.3693026600303395,shorts_ok
0.04278355629665008,0.1151178894695842,shorts_ok
0.07602557368703611,0.18205211028297935,shorts_ok
0.2760377834937022,0.7140323775673163,shorts_ok
0.08250002767572953,0.1389382024044916,shorts_ok
-0.28140832202868504,1.140715041499359,shorts_ok
-0.01114032370293145,0.5045371860630895,shorts_ok
0.006655758908779771,0.18019748001197394,shorts_ok
0.06780203087804461,0.12367227516887652,shorts_ok
-0.7177621853174128,2.8525951338958793,shorts_ok
0.09313859581508965,0.1434054127889536,shorts_ok
0.036900865898798554,0.18926997601789267,shorts_ok
0.16088362434211095,0.3419008874385494,shorts_ok
0.059325780133171,0.09283071860826791,shorts_ok
0.10625767365500442,0.20364219030296657,shorts_ok
-0.06285409162840871,1.1342036420148696,shorts_ok
-0.010693185552504286,0.18856482630509883,shorts_ok
0.0692514858547984,0.14384216716348153,shorts_ok
0.10827106306004747,0.18159419534897794,shorts_ok
0.11528766810505901,0.22383851597028828,shorts_ok
0.06256033343815663,0.10196736325286286,shorts_ok
0.35427790492993555,2.627634621153625,shorts_ok
0.12937976624596492,0.31453048939801775,shorts_ok
0.01074392512664385,1.47129933200731,shorts_ok
0.04978102276281736,0.05659505301398489,shorts_ok
0.03982405457280284,0.13105227821702545,shorts_ok
0.0410541843000064,0.1207154569164577,shorts_ok
-0.2326796550806597,1.9345102919100214,shorts_ok
-0.11725318124692696,0.6772547430228161,shorts_ok
0.08583609358636801,0.23617241981570175,shorts_ok
0.06066242690638078,0.18317367470954413,shorts_ok
0.06156726250259856,0.0696616013653622,shorts_ok
0.10045631300271068,0.27843273026302445,shorts_ok
0.042617308339906707,0.11408579250647224,shorts_ok
0.11105176612463925,0.23868963173170737,shorts_ok
0.0338624554737435,0.15692179839845546,shorts_ok
-0.06675771301030717,0.6360413997033022,shorts_ok
0.3139130509873775,1.4106875314736211,shorts_ok
0.04548814090723712,0.09333883534823387,shorts_ok
0.060950046365870925,0.0878323571046501,shorts_ok
-0.45964228314302474,1.5099175700038663,shorts_ok
0.15802209293534433,0.3297986665926413,shorts_ok
0.09560371413709173,0.13884015620090595,shorts_ok
-0.40369999700001424,1.9182244057766293,shorts_ok
-0.21946002185540875,0.8946322992409178,shorts_ok
0.03511986812501304,0.18563689524637522,shorts_ok
0.07856549899547388,0.13514666443066056,shorts_ok
0.06874346438727724,0.11283744037357879,shorts_ok
0.08802012206658201,0.1762259675068535,shorts_ok
0.056059284056358474,0.3554627799679885,shorts_ok
0.04842679151510475,0.1468283565594706,shorts_ok
0.7224173376377068,2.2673800514124696,shorts_ok
0.09073220886826433,0.1973356324080847,shorts_ok
0.029759001089267545,0.2517052393918741,shorts_ok
0.033979199254175085,0.2803574792415849,shorts_ok
0.08279486405223975,0.15465478904218904,shorts_ok
0.23955836698141017,0.6037672956646705,shorts_ok
0.10351069764766008,0.21543287401736536,shorts_ok
0.08084173035238941,0.1234393618365756,shorts_ok
0.1987273496392571,0.46628455960507303,shorts_ok
0.14550538187512496,0.3358121493313554,shorts_ok
0.020729002894501414,0.10523648731249294,shorts_ok
1.2784968319225953,4.564560687613449,shorts_ok
-0.01739291905352311,0.21279479949356164,shorts_ok
0.10499358301072448,0.21295010870955308,shorts_ok
-0.1152053636754803,2.0478468787849073,shorts_ok
-0.13132745819708086,0.5683576600302782,shorts_ok
0.02362966156959813,0.09432621029469787,shorts_ok
0.015161014099375876,0.16707237611481995,shorts_ok
0.07410757652003377,0.1554759812793242,shorts_ok
0.11062122515574811,0.19308273910601645,shorts_ok
0.016350045587239688,0.1464606142506847,shorts_ok
-0.029688106623276367,0.26572168543868274,shorts_ok
0.11385437455598199,0.18811930091755877,shorts_ok
0.04837456135452267,0.09532122567832262,shorts_ok
0.031203896902987804,0.34215552986580383,shorts_ok
-0.045678381243588806,0.5344791590597002,shorts_ok
0.41901596371835537,1.2790493443648132,shorts_ok
0.1187895853375444,0.2962848389771344,shorts_ok
-0.06284277967878202,0.4892033784486495,shorts_ok
0.08355188015981785,0.14456243894260373,shorts_ok
0.0816099002045748,0.1125126965125366,shorts_ok
0.0739485947537073,0.0867845341888716,shorts_ok
0.08011334048481743,0.10221087418400936,shorts_ok
0.03990565379029373,0.22586442409594465,shorts_ok
0.06438857901811618,0.19094862470178953,shorts_ok
0.05187847683818561,0.059184205560113216,shorts_ok
0.09595741996902434,0.15217352071034684,shorts_ok
0.007295073652555176,0.27052882937984385,shorts_ok
0.0828633329781287,0.11590438526353893,shorts_ok
0.06841049071070278,0.36020601580057965,shorts_ok
0.16958837472670346,0.36924840563282263,shorts_ok
-0.0065339633976962755,0.23694963715842707,shorts_ok
0.11479895032336324,0.20859553890540655,shorts_ok
0.07367229299820588,0.10467292449304605,shorts_ok
0.08169604768796498,0.11810528062800665,shorts_ok
0.010309492035748123,0.1333430398577211,shorts_ok
-1.0117410766473598,3.4851605828611363,shorts_ok
0.09344876302128295,0.1641082522908206,shorts_ok
0.12214280239623826,0.22618326150960386,shorts_ok
0.055237457601423526,0.05235446066541203,shorts_ok
0.0825969765048536,0.12929686981339483,shorts_ok
0.08131006814809857,0.1079976020162921,shorts_ok
0.9780556782037417,2.8031124402662817,shorts_ok
0.05225984310207524,0.06605359831564139,shorts_ok
0.13256707460590783,0.24385972548204268,shorts_ok
0.11276927118219496,0.23856187360897518,shorts_ok
0.0643240378216032,0.20633429821763175,shorts_ok
0.009053331656845506,0.18493423937112785,shorts_ok
0.05546768574358811,0.06038281361068773,shorts_ok
0.1797421123016757,0.45128095655588485,shorts_ok
0.04787109846183103,0.12875827358613834,shorts_ok
0.1359433671285264,0.289270180026778,shorts_ok
-0.09214457937601117,0.8500319388608776,shorts_ok
0.09625487580336853,0.16735616912887827,shorts_ok
-0.04748906507867412,0.4232753176577186,shorts_ok
1.0826288470414727,4.623999176598994,shorts_ok
-0.19892675395421888,0.9451392771192967,shorts_ok
0.04221622374179465,0.2141914843159598,shorts_ok
0.02080416447499009,0.1827927713493775,shorts_ok
0.05790418856335897,0.1368214363203404,shorts_ok
0.13214744329580927,0.2902280377140601,shorts_ok
0.09520403186533496,0.23507720200284637,shorts_ok
0.03613324030512795,0.21047029226132669,shorts_ok
0.06433994523067128,0.06286680390632525,shorts_ok
0.05912562072711312,0.12720672684055062,shorts_ok
0.13567953759619425,0.2974937017375163,shorts_ok
0.09876398866842107,0.16892338373237256,shorts_ok
0.035789116201990955,0.1196727580476533,shorts_ok
0.028342360228137853,0.10735659768358269,shorts_ok
0.09546274830592696,0.13886837630266194,shorts_ok
0.002559220582611453,0.15965488470960706,shorts_ok
0.09892650858038586,0.15265620535417504,shorts_ok
0.07734551129520459,0.14421683146409267,shorts_ok
0.12510935488975414,0.23847589862424529,shorts_ok
0.15497701453629695,0.3912529953866627,shorts_ok
-0.0004201766784734523,0.19174975549724507,shorts_ok
-0.3894075386559211,1.3721939000784182,shorts_ok
0.0727330114743892,0.08115774359995272,shorts_ok
0.08505510945017128,0.12583301962936197,shorts_ok
0.08205267468797961,0.1232490577516823,shorts_ok
0.08496449613416703,0.1493931316446468,shorts_ok
0.06480634365438898,0.1877216410739732,shorts_ok
0.04620018105647282,0.07526352322259884,shorts_ok
0.12605763030209866,0.24035967071853934,shorts_ok
-0.20565720904168178,0.8271988713004175,shorts_ok
0.04162919185650473,0.18729062382151196,shorts_ok
-0.029133247920473664,0.5692154663517911,shorts_ok
0.11842834802801218,0.2288665363254557,shorts_ok
-0.0037637319212213,0.19568779362124722,shorts_ok
0.03590563892823245,0.24474545070065404,shorts_ok
0.008168662476634662,0.17387272576642268,shorts_ok
0.036871694057572534,0.09846790472511814,shorts_ok
-0.004607080627962633,0.24340902379441876,shorts_ok
0.2812789326951553,0.8225314662885999,shorts_ok
0.1337302474554683,0.29197479413896194,shorts_ok
0.10469032240926454,0.1799891116969736,shorts_ok
0.09983411864998161,0.4791818145586764,shorts_ok
0.1932039869007903,0.43798822313301766,shorts_ok
0.01767862251095444,0.14758917124247026,shorts_ok
0.003939494184237204,0.9216454303911381,shorts_ok
-0.025069589839252907,0.5317112131092188,shorts_ok
0.04530125950730623,0.0961434601769983,shorts_ok
0.049992226609679835,0.11989506939633125,shorts_ok
0.01929405190007711,0.1571180620522014,shorts_ok
0.07719273636116407,0.12440972365989432,shorts_ok
0.09014345792852382,0.1715002331386762,shorts_ok
0.07187261726072658,0.22062430868736274,shorts_ok
0.22903783316656304,0.5502500166683467,shorts_ok
0.07700675012686958,0.19081706943330282,shorts_ok
0.10225741723549359,0.20380048428437503,shorts_ok
0.091525658145093,0.13134455711590504,shorts_ok
-0.7572640748453354,2.796974888498512,shorts_ok
0.12106626230268294,0.2294241931157386,shorts_ok
0.0615358539158182,0.06528932019164688,shorts_ok
-1.236419024603031,5.023664791738371,shorts_ok
0.07516015039673388,0.11312196548508413,shorts_ok
0.07144411234444603,0.14963856691241614,shorts_ok
-0.03777754756210815,0.3723156907706095,shorts_ok
0.07754055358363966,0.1297582232768528,shorts_ok
0.1109269336340508,0.22599279901935454,shorts_ok
0.019828164502914927,0.17289789231821137,shorts_ok
0.1603840004493567,0.3402824027342965,shorts_ok
0.11011753280579459,0.23230060561919263,shorts_ok
0.09559889379367938,0.17740652622159067,shorts_ok
0.12750492724223306,0.256811529703636,shorts_ok
0.14187159975890776,0.36028530711019763,shorts_ok
0.13389148224138225,0.2773481732541382,shorts_ok
0.04494578491784145,0.10890522507466534,shorts_ok
0.06921542459246127,0.07585181439505681,shorts_ok
0.1270382168630123,0.3559295699329068,shorts_ok
0.10847475163769751,0.2876696448200376,shorts_ok
0.8764782159566502,7.050311035419618,shorts_ok
0.20239464047627273,0.6973520986672324,shorts_ok
0.1422877171297056,0.2901717951529456,shorts_ok
0.19835689915661633,0.4765176295999373,shorts_ok
0.10833053313775173,0.19853004727794474,shorts_ok
-0.06942820924592803,0.40943292716029883,shorts_ok
0.8023728121061884,2.9092466095758187,shorts_ok
0.12038267046984862,0.3522731636640985,shorts_ok
-0.4376036819808626,1.5061476207948956,shorts_ok
0.07173216168727738,0.09378357384743231,shorts_ok
0.022886406386255827,0.10829292971165218,shorts_ok
-0.5072547114463415,2.8582808588274204,shorts_ok
0.22991868864607434,0.7103106400199757,shorts_ok
-0.23455568793029277,1.0492399833949164,shorts_ok
0.05381382855412357,0.11580967651540262,shorts_ok
0.01764172343942958,0.11530475582241731,shorts_ok
0.19870308925674826,0.46882247285976236,shorts_ok
0.06762695583444706,0.06707211292510398,shorts_ok
0.0592211799112828,0.08079232050110631,shorts_ok
-0.05304117891000887,0.36745463599478106,shorts_ok
0.04893093518949223,0.12379111665241274,shorts_ok
0.08253343524327021,0.11338534202102175,shorts_ok
0.8201666533492534,3.503906246946143,shorts_ok
0.07770267965299692,0.1066915096617899,shorts_ok
0.12714692825630208,0.283937707030174,shorts_ok
0.24967318047339243,0.784687255646167,shorts_ok
0.06003851913626346,0.07995479198794092,shorts_ok
0.18066593578726525,0.40869387036971205,shorts_ok
-0.1824066709833851,0.8418094677066993,shorts_ok
0.10103748075861332,0.21828646466916102,shorts_ok
-0.07743559224799806,1.148688243596311,shorts_ok
0.1441916223535907,0.36935767410184983,shorts_ok
0.041111985930665354,0.1382235897840008,shorts_ok
0.048975009071724744,0.06476923551428032,shorts_ok
0.3386789069165438,0.8476459235693716,shorts_ok
0.05642806956710501,0.06824174011172748,shorts_ok
-0.015926274092987094,0.22609524809276135,shorts_ok
0.02765722636585036,0.13309647911829128,shorts_ok
0.07916895330022632,0.1256666936494772,shorts_ok
0.1490876969380814,0.3911100769242954,shorts_ok
-0.06485134221746387,0.3610393822450507,shorts_ok
0.12191226341174725,0.2294555420871822,shorts_ok
0.07352997169600087,0.13010681369571117,shorts_ok
0.09509580743484046,0.15462485400050988,shorts_ok
0.12766335366646875,0.23206651182303015,shorts_ok
0.08773886038212154,0.1384196969052446,shorts_ok
0.11449963875954802,0.20817676660321802,shorts_ok
-0.07579696372743962,0.7502611613859296,shorts_ok
0.08159669807931638,0.11955120899494033,shorts_ok
0.10746439858618684,0.1815663474929021,shorts_ok
0.09547407542155324,0.2381128918235315,shorts_ok
0.12688450124506231,0.37931883791696064,shorts_ok
0.04521970528517041,0.07328846555725159,shorts_ok
0.15196187499122388,0.3684012437171505,shorts_ok
0.053932120793158456,0.12251677960030682,shorts_ok
0.08762770223226274,0.12354725247302421,shorts_ok
0.09119271712483887,0.17346773560116266,shorts_ok
0.0980479076274163,0.1878554296758818,shorts_ok
0.0574795740756432,0.16339495301722912,shorts_ok
0.05232585053160234,0.11314741964472662,shorts_ok
0.07788367489440262,0.10228443814367481,shorts_ok
-0.05604209813406405,0.36345417525212526,shorts_ok
0.29191765078647264,0.9289172797623964,shorts_ok
0.4141403450999902,1.3027131824250733,shorts_ok
0.1573302687856366,0.3387859234285064,shorts_ok
0.05552575116896176,0.0905894880138345,shorts_ok
0.1552544364255884,0.3227166928755536,shorts_ok
0.11177789975842307,0.18908237287174193,shorts_ok
0.09641296366573274,0.16115462912908476,shorts_ok
0.12159855073186272,0.363892021748149,shorts_ok
0.07940964544522383,0.11021560175296777,shorts_ok
0.03561581225539898,0.20233574972026847,shorts_ok
0.03696148174658908,0.21704750661689648,shorts_ok
0.1297687382631288,0.2804733358482058,shorts_ok
0.039880111083774226,0.23147298474247874,shorts_ok
0.09916416054371358,0.15730455405775137,shorts_ok
0.10247316931602823,0.1738556990594311,shorts_ok
0.654344000730106,2.5456647477447327,shorts_ok
0.05951341558983174,0.06405812574787376,shorts_ok
0.08735298897449188,0.12739548409292345,shorts_ok
-0.21604487379835782,0.8592078858241137,shorts_ok
0.09123623885753171,0.19089187966524873,shorts_ok
0.049927558151995274,0.18026435720762646,shorts_ok
0.09844361508155329,0.1736299196833752,shorts_ok
-30.356783921570855,91.58464247344548,shorts_ok
0.07382593291932832,0.15520862894779508,shorts_ok
-0.012771384507643702,0.2505584903533114,shorts_ok
-0.40109765524455987,1.48696119060329,shorts_ok
0.022310400070800845,0.16927775485576566,shorts_ok
0.13784986662631155,0.2896770133466262,shorts_ok
0.04307067533842864,0.236079174917281,shorts_ok
0.11779445635894292,0.2613878543889124,shorts_ok
0.014648408354191782,0.12024852571196125,shorts_ok
0.001681493511734737,0.3462784538671276,shorts_ok
0.06965238855368887,0.11399523607725769,shorts_ok
0.13212103360896885,0.2412471845120183,shorts_ok
-0.2824555826415648,1.0048713998216847,shorts_ok
0.12229935460339218,0.32480995143297664,shorts_ok
0.08911747951982045,0.1730908336791956,shorts_ok
0.019754608396777038,0.1455248877734611,shorts_ok
1.2188757943798434,3.8211933290984113,shorts_ok
0.0778301150232986,0.190389840593237,shorts_ok
0.07203120768405474,0.14356666877708055,shorts_ok
0.012273996488166794,0.13949435468949806,shorts_ok
0.10405944038864666,0.17833484728880775,shorts_ok
0.07285124373031893,0.1274682335526797,shorts_ok
0.03164353984831585,0.12858869347995902,shorts_ok
0.21147572004121537,0.4983350461052012,shorts_ok
0.09415824155181261,0.15468329841859965,shorts_ok
0.12160789958971838,0.2564414046128522,shorts_ok
-3.840130325862522,14.56169293502729,shorts_ok
0.4923723090015228,1.5135485047371953,shorts_ok
0.23087970917143802,2.201999625138023,shorts_ok
0.08185767725852573,0.17074620123400455,shorts_ok
0.11685751637712025,0.25580941425540327,shorts_ok
0.016385369902525645,0.5197458550354698,shorts_ok
0.08823677177725128,0.14361752828675114,shorts_ok
0.01137196016727867,0.2678941154701297,shorts_ok
0.0874757289742514,0.129749581300111,shorts_ok
-0.13623801318018472,0.7683810818613152,shorts_ok
0.05486772973191306,0.050090939825906275,shorts_ok
0.15496692253399708,0.37642228162621755,shorts_ok
0.0732612304806818,0.1853303675479172,shorts_ok
0.04923431339579456,0.41361579547125993,shorts_ok
0.12688792255026726,0.2262928051732203,shorts_ok
-0.028632318043274346,0.31426248757509356,shorts_ok
0.0624345148582358,0.07158308622468339,shorts_ok
0.48529588389912726,1.6069365183444402,shorts_ok
0.07739560477523952,0.12615098632311048,shorts_ok
0.05828450385761874,0.12712307071091378,shorts_ok
0.04117114005775541,0.10585194144420888,shorts_ok
0.01977262681695717,0.2009851104055583,shorts_ok
0.048679026757501936,0.14772692166289741,shorts_ok
-0.026586410565862875,0.2639182766481439,shorts_ok
0.12869851065901783,0.2542077061700591,shorts_ok
0.04509346219374951,0.22795756246299567,shorts_ok
0.2165676977880852,0.6351419732155542,shorts_ok
0.09023799017803534,0.14024858521144667,shorts_ok
0.08877794917159855,0.19542494457545678,shorts_ok
0.27571541887704765,0.754388126754742,shorts_ok
0.1153323555433812,0.33419803525861963,shorts_ok
0.046825725070906,0.23277705254673595,shorts_ok
0.15511085157119897,0.7079440153975995,shorts_ok
33.30421387936772,103.59831428793649,shorts_ok
0.015822904161012466,0.1864142663011165,shorts_ok
0.05380037532186509,0.08506812928428174,shorts_ok
0.03467386964183988,0.07153445347303075,shorts_ok
-0.25008544699784,0.9206961056526466,shorts_ok
0.34480574706102296,0.873108338078351,shorts_ok
0.12368018805482184,0.2156399528423538,shorts_ok
0.02991723270410013,0.13395816979724498,shorts_ok
-0.05478908090531197,0.373240884815818,shorts_ok
0.08393073805893622,0.1806948638837309,shorts_ok
-0.0889254095363449,0.7362148232698444,shorts_ok
0.1118617533181067,0.20519859488989464,shorts_ok
0.4845988792738879,1.2670791566509934,shorts_ok
-0.5258050738754407,1.9031284927754237,shorts_ok
-0.34749577495523676,1.2042369637679937,shorts_ok
0.10086104915653074,0.1964893587534658,shorts_ok
-0.041635586330890484,0.29204246961545133,shorts_ok
0.028702308165171483,0.10914677591255298,shorts_ok
0.08499179609615298,0.13113123708927937,shorts_ok
0.052790348648728905,0.1412476276509582,shorts_ok
0.12803968330245183,0.2386844179531927,shorts_ok
0.05343736577273746,0.07225860728504331,shorts_ok
0.07818223498530592,0.10515812720593035,shorts_ok
0.016525575703211316,0.3089420248133362,shorts_ok
0.034711323415796316,0.11303247846931984,shorts_ok
0.0017169696614271063,0.2332641004793761,shorts_ok
0.06936115034773829,0.12374351026381537,shorts_ok
0.14660061925254317,0.3117968314084242,shorts_ok
1.3008555601691147,3.9000547298671746,shorts_ok
0.21326481789030183,0.6137149994116748,shorts_ok
-0.01756582141969737,0.217503645464284,shorts_ok
0.11981963756948862,0.22187908012792754,shorts_ok
0.08685240193515484,0.12392321199649928,shorts_ok
0.12207749647630113,0.24240691605726522,shorts_ok
0.010915408385050687,0.2039453826051712,shorts_ok
0.09087352861205317,0.15470783076327665,shorts_ok
0.06009589389557145,0.1346522979421537,shorts_ok
0.04684436857848741,0.0773130215690988,shorts_ok
0.023504093049467253,0.22398935938398887,shorts_ok
0.11138469911623296,0.2234220777186241,shorts_ok
0.11145053549734427,0.30037571510109196,shorts_ok
0.13072020946669016,0.2516063906615012,shorts_ok
0.08926438941130238,0.38321982890304085,shorts_ok
0.07225805044317272,0.16640742080229576,shorts_ok
0.09519552584979477,0.21011602611030109,shorts_ok
0.28712433071883586,0.8775348991046908,shorts_ok
0.002845328932777204,0.17592062087124874,shorts_ok
0.06528046809235091,0.09474868392426876,shorts_ok
0.05677762347680124,0.11041791350664056,shorts_ok
0.06361966142655442,0.08727390416049412,shorts_ok
0.03595270758295434,0.2354187173814457,shorts_ok
0.09177181157092981,0.152687311034449,shorts_ok
-0.13478271555460217,0.561945486463085,shorts_ok
0.10049990868092601,0.15973073200321716,shorts_ok
0.06978617880333829,0.11840547932378599,shorts_ok
0.09350203855273526,0.13486270743248296,shorts_ok
0.0850947467322221,0.12782406807323413,shorts_ok
0.07659904194836431,0.14568308284924852,shorts_ok
-2.3222956793882403,13.121254470516062,shorts_ok
0.11016617865210003,0.20555789252411277,shorts_ok
-0.033985591206456806,0.3306269755450906,shorts_ok
0.13550562910038608,0.27689690028508196,shorts_ok
0.2621378653696438,0.697216559900031,shorts_ok
0.03139827559984848,0.09043085348725556,shorts_ok
0.09298541436233895,0.15817700464614431,shorts_ok
0.13738286552595588,0.2721612706458946,shorts_ok
0.14037811195744704,0.37351597565928824,shorts_ok
0.14837228868284486,0.35234325635331415,shorts_ok
0.0955508681380835,0.22685929987573183,shorts_ok
0.14306304023364297,0.29659371882758273,shorts_ok
-0.17792914732455492,0.7596097553130715,shorts_ok
0.04668563798917587,0.11237787553222174,shorts_ok
0.09702983955590887,0.1568871910322455,shorts_ok
0.0781094342030118,0.14225903388410768,shorts_ok
0.1218393617697014,0.30649895192105997,shorts_ok
0.06856958553179247,0.14476969044230084,shorts_ok
-0.062156601104249615,0.4715210413177943,shorts_ok
-0.014223510691100838,0.23318694772977977,shorts_ok
0.05615346236597558,0.052826561593201246,shorts_ok
0.15872245689517184,0.3213080447230254,shorts_ok
0.04291328944255591,0.07550227039102918,shorts_ok
0.12077635188860603,0.2962539490299218,shorts_ok
0.07285351869746175,0.27211954508608094,shorts_ok
0.3870499681002654,1.5294876271041935,shorts_ok
0.13052351871664544,0.3326951008471387,shorts_ok
0.10685168463287403,0.17145013709256463,shorts_ok
0.061142316924831276,0.1247052417257689,shorts_ok
0.07848634307796054,0.10765258611635407,shorts_ok
0.07454727750853156,0.10864671751897104,shorts_ok
0.10002546367718736,0.15613816594871305,shorts_ok
-0.10608999554572784,3.805212129624824,shorts_ok
0.30192290884539247,0.7935997063634675,shorts_ok
0.078599843972424,0.11249471694408437,shorts_ok
0.5662675645383326,1.853133457402955,shorts_ok
0.11520460628950624,0.23722286048784363,shorts_ok
0.016857090308072836,0.11980992226534316,shorts_ok
0.08117434534424017,0.10879859424610976,shorts_ok
0.23343747107852258,0.690701163448743,shorts_ok
0.13047074444702308,0.25393760549563915,shorts_ok
0.09363763936203844,0.15318719186839927,shorts_ok
-0.029801652417449184,0.3799716934153555,shorts_ok
-0.2567701233648929,1.450334338456735,shorts_ok
-0.15749342571833294,0.7124398885223304,shorts_ok
0.001708898143879957,0.3879878048416614,shorts_ok
0.07092250681265708,0.1012358515894831,shorts_ok
0.0853960131335916,0.1338801420964454,shorts_ok
0.1330101606975244,0.28571506757245707,shorts_ok
0.01685630730210939,0.31022792134447114,shorts_ok
0.05872112290161767,0.10276536275535163,shorts_ok
0.010262454307539836,0.2560845545079901,shorts_ok
0.030770400775848965,0.21105380910354096,shorts_ok
0.07264428985701187,0.5778356915539304,shorts_ok
-0.0002751388437992053,0.41486931832621043,shorts_ok
-0.9771949054916578,3.8606554117218193,shorts_ok
0.16338009942564152,0.5220669312003688,shorts_ok
0.03938276044305974,0.11869229626111194,shorts_ok
0.10026329556595517,0.19882632962746372,shorts_ok
0.07524536424848827,0.11042015059494678,shorts_ok
0.08455638541019038,0.11772174268392216,shorts_ok
0.0615490218394893,0.19550183801909954,shorts_ok
0.09806558442359652,0.17066618597320182,shorts_ok
0.17659440212215452,0.39417390730237295,shorts_ok
0.09720997332402734,0.1987929709542492,shorts_ok
0.06293342162629398,0.07855130445573927,shorts_ok
-0.053123517174347615,0.3991972410788079,shorts_ok
0.16499839221179163,0.38344147073964036,shorts_ok
0.022664253306898634,0.1693614540627788,shorts_ok
0.10961744574744711,0.2083540900311565,shorts_ok
0.03347006314732598,0.11320525570390802,shorts_ok
0.11291451865397276,0.24108922349690384,shorts_ok
0.19057083049885187,0.4306695256093362,shorts_ok
0.13888937942440044,0.27725361940039184,shorts_ok
0.30935545838582246,0.9312943242411034,shorts_ok
0.08120153291849586,0.1003107670623608,shorts_ok
-0.8650693690714547,3.185744744099845,shorts_ok
0.07474500792623998,0.12653099060048098,shorts_ok
-0.11981331130404946,0.5339490982845952,shorts_ok
0.17911648823948018,0.5289245923348774,shorts_ok
0.17532424960519294,1.1108861242118722,shorts_ok
0.06587549242197799,0.17574925154471072,shorts_ok
0.048907299902931,0.09136288654071417,shorts_ok
0.06612912933803955,0.11691614269634909,shorts_ok
0.1163065417248194,0.21434733551210025,shorts_ok
0.08020261069339026,0.15270730083577222,shorts_ok
0.06752468788874673,0.12133429407127319,shorts_ok
-0.5380773746507849,5.799813011174698,shorts_ok
0.04746693380607168,0.07789196369711474,shorts_ok
0.13797949853421618,0.303479981238077,shorts_ok
0.17659893084447845,0.5108494566472532,shorts_ok
0.12976898169695336,0.3509694191146928,shorts_ok
0.25789562322147175,0.9681416048743053,shorts_ok
0.04587524413776996,0.10874694369056478,shorts_ok
0.14684089232711534,0.33308023721598246,shorts_ok
0.10328566771824717,0.19571474317422563,shorts_ok
0.10799953273703047,0.27943427552576167,shorts_ok
0.025645352103958408,0.16324416045673554,shorts_ok
0.10569796857295821,0.1769670184265112,shorts_ok
0.06608758587010977,0.08576681282646056,shorts_ok
0.0455089605375989,0.06796450633783072,shorts_ok
0.10629375842817179,0.17935313343946135,shorts_ok
0.013701436586426488,0.13244829465586044,shorts_ok
-0.12370961222393052,0.561272194797968,shorts_ok
-0.04079318552376609,0.3870370388012881,shorts_ok
1.3614644078756362,14.407153218675967,shorts_ok
0.07045807273744431,0.129655802603856,shorts_ok
0.04644460818742985,0.17725164247872038,shorts_ok
0.06687350148031805,0.07793426813981101,shorts_ok
0.12002828323209658,0.21943753805116617,shorts_ok
0.06007983381981648,0.12607828464200013,shorts_ok
0.07277221442247662,0.09886767864620684,shorts_ok
-0.062240988834120214,0.3830489376196513,shorts_ok
0.2622252664343977,0.8418114265219364,shorts_ok
-0.13359321559291076,0.6741575555131752,shorts_ok
0.10026778506146626,0.17827242192716597,shorts_ok
0.03790671719925263,0.06889181116361764,shorts_ok
0.05164749665083139,0.12715063190882012,shorts_ok
-0.1522064344598304,0.7580090935670357,shorts_ok
0.06329898728754918,0.0662878165332478,shorts_ok
0.0019249299715880502,0.4491018174394534,shorts_ok
-0.03399081037725198,0.386225094909552,shorts_ok
0.06703153868348583,0.0678647399031906,shorts_ok
0.3477058105096638,0.918726861183146,shorts_ok
-0.39017631453506074,1.5812779184073051,shorts_ok
0.28456466915230444,0.6920531763002825,shorts_ok
-0.026180878581748192,0.5591512030152485,shorts_ok
0.07008006023171193,0.08271007739815463,shorts_ok
0.07208299185069744,0.0844776291984985,shorts_ok
0.06620208107816808,0.08018521324824551,shorts_ok
0.10779455892269099,0.29622792085708993,shorts_ok
0.28243653125030826,0.8665911816485986,shorts_ok
0.0346064149783658,0.11503427288894966,shorts_ok
0.07020902358501178,0.10315802728927369,shorts_ok
0.05393311327646312,0.06955379419636436,shorts_ok
0.04139092722985659,0.07006741024387911,shorts_ok
-0.00773281119952339,0.184130499002114,shorts_ok
0.12533542988697707,0.2534427001527801,shorts_ok
0.6061154064788603,4.442585465661711,shorts_ok
0.1104612377583556,0.22592469599971104,shorts_ok
0.0837007425493549,0.21656904464698973,shorts_ok
0.08603764202241077,0.13117156297412047,shorts_ok
0.13077243090639679,0.5218387761550298,shorts_ok
0.5088248646569041,1.6193555525762584,shorts_ok
0.1736597246525392,0.4835343885614586,shorts_ok
0.08068347266461401,0.11799164941602279,shorts_ok
0.041243894491733754,0.08972223231635666,shorts_ok
0.03773348095064662,0.10734256718875909,shorts_ok
-0.002510860795450043,0.22429359257482054,shorts_ok
0.11291800423513848,0.21943390192418658,shorts_ok
0.06384424581055861,0.07067865424297383,shorts_ok
-0.07049842351759236,0.7857338227277301,shorts_ok
0.08465975105113789,0.20592519031586032,shorts_ok
0.07345816149770584,0.12166720199793246,shorts_ok
0.6098267178683169,2.318286663856717,shorts_ok
0.08009068460863189,0.11288085785127955,shorts_ok
-0.003557437408339359,0.18490100589502925,shorts_ok
0.07372723789492268,0.09045879991438648,shorts_ok
0.10577067011086862,0.1862037217072122,shorts_ok
0.30529544215194554,1.0155114469526116,shorts_ok
0.030090074506340422,0.20669201005957477,shorts_ok
0.14776442983294386,0.32030261524790493,shorts_ok
5.6799063466820146,22.03456323051599,shorts_ok
0.15434896547630222,0.48353272361701904,shorts_ok
0.067323320716613,0.15381927101238627,shorts_ok
0.08015170486140596,0.13365355272295965,shorts_ok
0.10941529341744831,0.21901927534821627,shorts_ok
0.1143115247574541,0.2059764578505332,shorts_ok
0.22350464004170012,0.530237216365505,shorts_ok
0.026421539812234208,0.14358937956582943,shorts_ok
-0.3572511010475386,1.7303423393707664,shorts_ok
0.052963963808009974,0.11096705611554071,shorts_ok
0.01949777318121012,0.1359838388854557,shorts_ok
0.04356098789871427,0.29132535847939994,shorts_ok
0.06763761873644528,0.09621587331799247,shorts_ok
0.03859483721529673,0.16918115681370743,shorts_ok
0.004860139320953628,0.24835993364207176,shorts_ok
0.08195969032187272,0.11023043018092109,shorts_ok
-0.1440625406580386,1.169934610508764,shorts_ok
0.018767577984091184,0.1535544631596057,shorts_ok
0.08185057451718192,0.10488474714952345,shorts_ok
1.2720017568346722,4.334670814676552,shorts_ok
0.0077460475122815495,0.172437145241735,shorts_ok
0.13615789265607336,0.4264213968976748,shorts_ok
0.03723639270871334,0.09962783894843895,shorts_ok
0.1039304246436921,0.18848075657646282,shorts_ok
0.011936981632494289,0.2916391795944887,shorts_ok
0.10788290340034355,0.18077640048896343,shorts_ok
0.24284179939820022,0.6210178320976457,shorts_ok
0.14766339725397373,0.30871303717734583,shorts_ok
0.059687489452464985,0.07263760542722658,shorts_ok
0.04170583650557973,0.05980016396942618,shorts_ok
-0.08934911328279097,0.44582645826862527,shorts_ok
0.07173538586933702,0.12875641162015003,shorts_ok
0.16042661782520806,0.6241590353296698,shorts_ok
0.03867058326328361,0.31090917331910706,shorts_ok
0.08979380340102808,0.1509073407228318,shorts_ok
0.0970079898626579,0.1606383566123681,shorts_ok
0.09652351696819701,0.1581533880846791,shorts_ok
0.08465519293781425,0.17267245518124733,shorts_ok
0.07077616552536029,0.14065330602974901,shorts_ok
0.0815801340267941,0.12944317934272126,shorts_ok
0.07841352673781406,0.15250596622479115,shorts_ok
0.08241862448133336,0.1571714158097457,shorts_ok
0.09243444867832848,0.18728156357470746,shorts_ok
-0.036386895100990996,0.36341105293002296,shorts_ok
0.015448630508445232,0.19219025157215736,shorts_ok
0.08583354022385904,0.22822503481703477,shorts_ok
0.5050796418161766,1.5039713079199821,shorts_ok
0.09045896436402581,0.17855148659174105,shorts_ok
0.08240130795368697,0.1370900673169065,shorts_ok
0.10511780461646832,0.2017583816805739,shorts_ok
0.10811346639327524,0.23161005107185567,shorts_ok
0.06682730580855141,0.1659243855816007,shorts_ok
0.035350316795603284,0.12142077453271004,shorts_ok
0.7414558118893136,2.244380104015843,shorts_ok
0.1284480317250986,0.26953273471017636,shorts_ok
0.025726893739034237,0.13650846201540082,shorts_ok
0.10630669667167343,0.2005332982448907,shorts_ok
1.9419696761324272,6.201642492916339,shorts_ok
0.08359500053047245,0.13213793468258048,shorts_ok
-0.2822003188447146,2.6502830024060446,shorts_ok
0.09247900645548657,0.1403429355619787,shorts_ok
0.12455070028386299,0.27945007692388646,shorts_ok
0.0811035373639297,0.15228716636996442,shorts_ok
0.012760293775930333,0.1328888157009575,shorts_ok
0.12571994675670306,1.1660379053738628,shorts_ok
0.07362041233577851,0.22215458727428758,shorts_ok
0.09308301308568397,0.27457047265083706,shorts_ok
0.040145243189988716,0.9466972338969049,shorts_ok
0.3152189963816643,0.8455403315527362,shorts_ok
-0.02576791599904639,0.29372664758913913,shorts_ok
0.09876724206153085,0.1765858072744244,shorts_ok
-0.07062067813025003,0.7165663543539332,shorts_ok
0.18756461697552163,0.4200736683735465,shorts_ok
-0.035045173737017266,0.5515611452135601,shorts_ok
0.048606746541569365,0.15613100951392195,shorts_ok
0.06274710203578064,0.13455636910946234,shorts_ok
-0.09447106580509358,0.5911046009354769,shorts_ok
0.037380397391554784,0.08961302315753826,shorts_ok
0.1713573072945203,0.5367010301112421,shorts_ok
0.06849314423462048,0.09165094712487655,shorts_ok
0.10378712052913867,0.19700533315141616,shorts_ok
0.23382925097681895,1.527140523048573,shorts_ok
0.045131791942001315,0.2028274284564174,shorts_ok
0.0636222539681559,0.06809803541531502,shorts_ok
0.10523715136128657,0.18293199372545477,shorts_ok
0.10703969577433736,0.1698450883391691,shorts_ok
0.16179730686633156,0.38546388766734235,shorts_ok
0.05667193990534405,0.21872343386159732,shorts_ok
0.02934593158664208,0.09906418537726429,shorts_ok
0.20472720969351185,1.7802361371970312,shorts_ok
-0.5111677859682024,2.3495662786090716,shorts_ok
0.06798943650243709,0.08460294253524771,shorts_ok
1.2186479987639287,3.977766432044389,shorts_ok
0.0693759380146171,0.0832517393515112,shorts_ok
0.043423015660238456,0.07146454391097909,shorts_ok
0.14018419195800574,1.637010628792195,shorts_ok
0.08782149409069381,0.25068608464745895,shorts_ok
0.17151909313477692,0.3709023910407583,shorts_ok
0.17123305706456568,0.40042572306060265,shorts_ok
0.042641761042729966,0.09686726350414754,shorts_ok
0.04636522955605555,0.07004291376905782,shorts_ok
0.06928491657825409,0.13300667022029772,shorts_ok
0.06373071156978002,0.16442125098255547,shorts_ok
0.1005650752136146,0.1643861135839504,shorts_ok
-0.07234391157432955,0.3847886659659928,shorts_ok
0.22479298332663816,1.0365678388142296,shorts_ok
0.09708018587683406,0.19218469245390066,shorts_ok
-0.012356951883175538,0.2577296116375494,shorts_ok
0.06277030016249854,0.059616558789292125,shorts_ok
0.046893789030396114,0.07324148087766225,shorts_ok
0.18490202967396793,0.39961437443820064,shorts_ok
0.08776734908331525,0.2002434378236496,shorts_ok
0.05927199814455347,0.1207117505011898,shorts_ok
0.20158402870615305,0.8183187892119392,shorts_ok
-0.0002617983280041869,0.2332107404930253,shorts_ok
-0.49719088234365627,2.4146924978988387,shorts_ok
0.08522836725094465,0.14945793744693592,shorts_ok
0.10083967617718662,0.155201927936771,shorts_ok
0.11665949965034736,0.19843503026585133,shorts_ok
0.04872691349619819,0.13396117090698673,shorts_ok
0.10939191458839896,0.21851800853309788,shorts_ok
0.08273853102265054,0.1203134619235293,shorts_ok
0.04422172333697067,0.051890601890457924,shorts_ok
0.21548807921681706,0.679569119924028,shorts_ok
0.08466807230542685,0.16273455787878705,shorts_ok
-0.10174289393246902,0.5302417995216965,shorts_ok
0.19305552242726712,0.5661842172289046,shorts_ok
0.34272739448608464,1.145202001786244,shorts_ok
0.2395278085250531,0.5544816411128768,shorts_ok
0.09786324095947903,0.1637616104739623,shorts_ok
0.0161502336896346,1.9281512898493152,shorts_ok
0.19898554763626386,0.5072578847222038,shorts_ok
0.09117161638480725,0.23300746697042096,shorts_ok
0.0618179886640072,0.19816437669777093,shorts_ok
0.03254425979007905,1.5435845192338769,shorts_ok
0.10030992259650093,0.15211471917438327,shorts_ok
0.043474622851268234,0.09361780371325977,shorts_ok
0.3176017104023255,0.9601861058399647,shorts_ok
0.07624457677359442,0.08614577502314472,shorts_ok
0.12287330973549118,0.2363690874690478,shorts_ok
0.08756768135325899,0.12095942496272755,shorts_ok
0.039980290938410115,0.07025341947443724,shorts_ok
0.0721287674596282,0.15776028702255138,shorts_ok
-0.36029856984019665,1.3522573659499704,shorts_ok
-0.5742590743222387,1.91871214676326,shorts_ok
0.04223478044746023,0.3444149962709743,shorts_ok
0.05855145437126014,0.13342979460180696,shorts_ok
0.08602311823356944,0.12124768258157073,shorts_ok
0.021555001032254648,0.10501040803135189,shorts_ok
0.0974118934592201,0.4018818542029138,shorts_ok
0.15903282345448305,0.34559767173011946,shorts_ok
0.1359390274471617,0.419395850878979,shorts_ok
-0.008310148410669432,0.19610507184998874,shorts_ok
0.06070334424124178,0.1787538716319436,shorts_ok
0.11425767264715458,0.22351162080831835,shorts_ok
0.009659382730215334,0.2559696409177027,shorts_ok
0.13158535700550394,0.2562503004621477,shorts_ok
0.027759118422800634,0.10978606425140985,shorts_ok
0.08522409751698695,0.13041890202151138,shorts_ok
2.738622283132108,18.963197542895003,shorts_ok
0.09901377863717872,0.21127480547416846,shorts_ok
0.08547650576889884,0.14177411628531805,shorts_ok
0.07763342207360954,0.11600660272122104,shorts_ok
-2.1526228685918896,8.347583806276477,shorts_ok
0.042099345963696876,0.11358224879185672,shorts_ok
0.08497684357541652,0.12786427692589153,shorts_ok
0.0910798768277467,0.1601993092507854,shorts_ok
0.3443078776672419,2.4652871148499713,shorts_ok
0.3108401728459098,0.8654883238294013,shorts_ok
-0.15191586963234677,0.6445561667491603,shorts_ok
-0.09987271380157592,0.7137811020953809,shorts_ok
0.06843805531351478,0.0751112302496142,shorts_ok
0.2132683613929427,0.48314626982353026,shorts_ok
0.09149007249589959,0.17955181678727,shorts_ok
0.055941432043033146,0.14873103968830334,shorts_ok
0.06101153689011317,0.08980001966200737,shorts_ok
0.07773400215817075,0.1353709376650982,shorts_ok
0.01964912388601928,0.16057606778905872,shorts_ok
0.10604107804452602,0.18061085316554992,shorts_ok
0.06877577549158195,0.2473515763321033,shorts_ok
0.015446253959510657,0.4769153349192231,shorts_ok
0.1938392224351511,0.4541981011907196,shorts_ok
0.10425668991252698,0.16734647825913668,shorts_ok
1.1078562766596174,3.395431531953006,shorts_ok
0.09885009944568493,1.062248574984637,shorts_ok
0.010625035104035188,0.17152544801856948,shorts_ok
-0.21106092767810575,1.0311139384460069,shorts_ok
-0.46782887885322233,1.744519856451409,shorts_ok
0.0837528592048312,0.1176204725716615,shorts_ok
0.06670071840323025,0.09780424081912534,shorts_ok
0.10852299254571336,0.18387997430473854,shorts_ok
0.060488463769254215,0.13629858775935239,shorts_ok
0.09452297401512205,0.18325574201531325,shorts_ok
0.09719547766206693,0.15953360960499383,shorts_ok
0.20417665430436788,0.47201196750472046,shorts_ok
0.709597678695782,2.1048157626088924,shorts_ok
0.12342761133957958,0.24909757568938726,shorts_ok
-0.17745941041678948,0.7834982684175281,shorts_ok
0.08244520974793432,0.13258235921244238,shorts_ok
0.01560925434516891,0.377393947456668,shorts_ok
0.6622637658347524,3.133849548220464,shorts_ok
0.07529766700020465,0.08809866176333384,shorts_ok
0.08438639027678384,0.11467609935944593,shorts_ok
0.12231737306695789,0.4107759098597647,shorts_ok
0.08197695177221909,0.28848769499466964,shorts_ok
0.08256328038036541,0.10269218095323057,shorts_ok
0.11537539995680984,0.20326073686679044,shorts_ok
0.06907158913550537,0.0807936075375786,shorts_ok
0.05816629514388344,0.057808718380510264,shorts_ok
0.115448306367293,0.21089526380304177,shorts_ok
0.12980968045104335,0.26174072521948505,shorts_ok
0.10861728028425317,0.236173432198816,shorts_ok
0.08153738130732893,0.10859584519867456,shorts_ok
0.03785444622870878,0.14829035491975628,shorts_ok
0.28987584029304203,0.8243812355409212,shorts_ok
0.10903889652869925,0.18939994279688055,shorts_ok
0.8457833842459574,2.39743935721185,shorts_ok
0.0371937046479951,0.06924617234810143,shorts_ok
0.06860817291321489,0.08457217175741877,shorts_ok
0.0889786127431103,0.14289856160259978,shorts_ok
0.12827342365400696,0.2793547602266353,shorts_ok
0.021122169765955736,0.15736445585071543,shorts_ok
0.008657383989786938,0.19012523119736496,shorts_ok
0.1118981903924854,0.26307927856551017,shorts_ok
0.084038439648508,0.1174410031134387,shorts_ok
0.05370141223230958,0.09954914618761895,shorts_ok
0.07239122885030158,0.20912921591361003,shorts_ok
0.20306385630003515,0.4539671412750025,shorts_ok
0.04803978037194521,0.1697696557592563,shorts_ok
0.1616154091331346,0.4750586511430799,shorts_ok
-0.01108481238230162,0.21420667218276349,shorts_ok
0.11222939918129081,0.21199464545344096,shorts_ok
0.11162401507962655,0.23392713679008953,shorts_ok
-0.006012095309293516,0.21272651380331523,shorts_ok
0.011525226709399303,0.14704874616767216,shorts_ok
0.10904935562297959,0.2595926486718066,shorts_ok
0.09283052427277144,0.13437411385845857,shorts_ok
0.10535270518606786,0.2093246011223956,shorts_ok
0.11700435770927732,0.25386060182414977,shorts_ok
-0.16364540311503037,0.6397070329154154,shorts_ok
0.09426998354992273,0.20738153407599835,shorts_ok
0.1641697012402733,0.3748633715130657,shorts_ok
0.1374576122794317,0.2989793976989585,shorts_ok
-0.29083594237777155,1.0639987447527526,shorts_ok
0.04969739641063703,0.10428142872673891,shorts_ok
0.21212398751765718,0.7843281160305706,shorts_ok
-0.06420335299314917,0.40473781187844887,shorts_ok
0.0751604034202492,0.6858091396868227,shorts_ok
0.08335911207262464,0.11096536729530217,shorts_ok
0.14373902732833116,0.29625940532804595,shorts_ok
0.11527771925449706,0.20362938680509865,shorts_ok
0.037970469283073224,0.0792706005611939,shorts_ok
0.050657770454648546,0.08230449627351716,shorts_ok
0.05200261919564041,0.167850806639365,shorts_ok
0.06774790556732184,0.11100697617104345,shorts_ok
0.7006276700251549,2.5457147436039924,shorts_ok
0.025852130031169963,0.11034891900369609,shorts_ok
0.07397366077532054,0.14321464554894087,shorts_ok
0.10095326514331564,0.17222875798050638,shorts_ok
0.9413559198247299,3.0423337951431564,shorts_ok
0.04285531349752137,0.0629026754296517,shorts_ok
0.11867590977259218,0.3075043443161367,shorts_ok
0.10198121319032041,0.16404747706611114,shorts_ok
7.037533184455009,25.183849247060884,shorts_ok
0.11773689526459316,0.2488382257149742,shorts_ok
-0.26603827197849106,0.9854638368058586,shorts_ok
0.061574861914739445,0.07854220305173906,shorts_ok
0.06535320954141931,0.08141003235013618,shorts_ok
0.06968777337198326,0.13544066974782418,shorts_ok
-0.04294270160673289,0.5713478324131137,shorts_ok
0.09063956341190464,0.14652203456114749,shorts_ok
-0.14887456874869642,0.7191342236150305,shorts_ok
0.12701018167074088,0.25755796224156813,shorts_ok
0.06347580714133881,0.1996507785841694,shorts_ok
-0.09162899147261441,0.7576689120183477,shorts_ok
0.3897277461606381,0.9944264465105631,shorts_ok
0.06545562470803944,0.1069980742220087,shorts_ok
0.07125843815431818,0.12427809083489814,shorts_ok
0.11405509004722982,0.36521861894513946,shorts_ok
1.0347129116358966,3.177468653941642,shorts_ok
0.07586050464969334,0.10975245378067613,shorts_ok
0.10901944703273646,0.8840685275060474,shorts_ok
0.014692512714472888,0.12760965223690804,shorts_ok
0.01943141306123274,0.24319904821673474,shorts_ok
0.08364478896137417,0.1472348291355836,shorts_ok
0.176730686693633,0.5076754236008391,shorts_ok
0.16356790321107895,0.33351204997790773,shorts_ok
0.19005195346065998,0.48464472174072776,shorts_ok
0.2701865873056381,1.359170167130707,shorts_ok
0.12371804237741571,0.2664467899638008,shorts_ok
0.07335435973250973,0.12895745415359008,shorts_ok
0.06272667857120935,0.093582143112401,shorts_ok
0.19257330127702568,0.530319359111798,shorts_ok
-0.2779948746097721,2.0292417838429246,shorts_ok
0.02550550057970928,0.14266383863224447,shorts_ok
0.08412452984933694,0.1125196871188036,shorts_ok
0.18671742184726603,0.4027619170884004,shorts_ok
0.14886411167419542,0.3426001106102522,shorts_ok
0.08183153330544862,0.12102416907278224,shorts_ok
0.09654279614811959,0.16208153020752636,shorts_ok
0.04069240463123047,0.05982597211458284,shorts_ok
0.09610723682931643,0.14244068044380123,shorts_ok
0.06526321112305618,0.13360343083576862,shorts_ok
0.1279472823600172,0.36940280467112274,shorts_ok
0.1498632649659299,0.3539519126424142,shorts_ok
0.07410450022651582,0.09202186905852673,shorts_ok
-0.15390436096993124,0.6188000179670657,shorts_ok
0.034060626317657175,0.12091884729928977,shorts_ok
0.02376883287839974,0.23613906667233608,shorts_ok
-0.1705269539168768,1.0288703728514914,shorts_ok
0.08581600795812981,0.1546201376243863,shorts_ok
0.11854015224147238,0.3041579056950904,shorts_ok
0.10386006724360135,0.18645480771268713,shorts_ok
0.08320855107163178,0.10862388806492834,shorts_ok
0.016448204351233404,0.13629793795638429,shorts_ok
0.010143757969471201,0.17394125034339739,shorts_ok
-0.10289402446056828,0.4718485723893713,shorts_ok
0.09311465408559182,0.19717632616244374,shorts_ok
-0.644277172156079,8.778908820278504,shorts_ok
0.08979408881020332,0.12965982731421843,shorts_ok
0.0009723250922153148,0.17293781947774695,shorts_ok
0.1760108617277952,0.5710772847558019,shorts_ok
0.06684690993832387,0.13633054104495998,shorts_ok
0.05686247463883406,0.10777721163356373,shorts_ok
0.1028368026766907,0.16939387947954915,shorts_ok
0.008607404768015178,0.17553756660385408,shorts_ok
0.7531783654667923,2.5013207702400932,shorts_ok
0.10052352721631083,0.386292020012007,shorts_ok
-0.3145081535598833,2.110873704393807,shorts_ok
0.07008119478324257,0.10778506038864841,shorts_ok
0.12311185967919742,0.35371604240618393,shorts_ok
0.08415984236254703,0.1686495443943292,shorts_ok
0.1007604532117145,0.21084559262996427,shorts_ok
0.7419658262806258,2.029867761825417,shorts_ok
0.06951945777688892,0.22988691304409722,shorts_ok
0.11438722217785825,0.30579852071377,shorts_ok
0.10910672740916882,0.2825983607870642,shorts_ok
0.08854410765819344,0.1263146752789692,shorts_ok
0.09024769713241501,0.631684974559618,shorts_ok
0.05913848748476183,0.06514411637073414,shorts_ok
0.04411796880796689,0.15073157740826806,shorts_ok
0.14822900397725727,0.3063852591724603,shorts_ok
0.07185664808242438,0.11547253220463011,shorts_ok
0.10475879928018464,0.2270307065897234,shorts_ok
0.23471694476267163,0.7582991062730744,shorts_ok
0.049611908747215785,0.08502069015452957,shorts_ok
0.09710277712417285,0.24994450894064557,shorts_ok
-0.10940558746679416,0.7532568653277358,shorts_ok
-0.45922936092774647,1.826876035170678,shorts_ok
0.06316385651204978,0.1496274952064373,shorts_ok
0.153373385042671,0.34757719639367757,shorts_ok
0.06575513636128003,0.09139758594399534,shorts_ok
0.081937758674355,0.1273292027541756,shorts_ok
0.11113050185792087,0.40177554537317534,shorts_ok
-0.6247044890910942,2.0876900478411167,shorts_ok
0.042852428936790324,0.10901176967255247,shorts_ok
0.11499120852266662,0.2470564083343665,shorts_ok
0.06965264351888564,0.10467116273141273,shorts_ok
-0.024606253259022742,0.5138993813769459,shorts_ok
0.1820860988825269,0.420529072024553,shorts_ok
-0.09000609791368194,0.6953971245105875,shorts_ok
0.07695440344047863,0.16965130425113056,shorts_ok
0.08576083308522298,0.23366733595717437,shorts_ok
-0.29376181433173887,1.2073692723635843,shorts_ok
0.026218542021894074,0.25894277328707116,shorts_ok
0.06752851825070795,0.10666952104352961,shorts_ok
-0.9901210105872902,3.3520458956008694,shorts_ok
0.08937799876459235,0.13356046631152416,shorts_ok
0.1251674671385523,0.2701794171611028,shorts_ok
0.06254496966320817,0.07797203248206074,shorts_ok
0.0635362735918672,0.1354762603842441,shorts_ok
0.023541885105912222,0.3547533464181307,shorts_ok
0.06643980192077342,0.14254508437310326,shorts_ok
0.0044249118454090935,0.1539773987988465,shorts_ok
0.07770861044992572,0.0963668886173837,shorts_ok
0.13892236966171473,0.2756101390197025,shorts_ok
0.06497319055046913,0.08931778486269631,shorts_ok
0.045576380687827066,0.08417644532115326,shorts_ok
0.09251352700516688,0.13941454230036393,shorts_ok
0.06794199705940236,0.0968908273686975,shorts_ok
0.11661708924152771,0.21819583981769114,shorts_ok
0.06905037340075416,0.1316010842434953,shorts_ok
0.07562021024956236,0.10802364353055766,shorts_ok
0.07046133723685011,0.10908350223645243,shorts_ok
0.13159607472669388,0.26006535578869827,shorts_ok
0.04853274293863797,0.243975997290541,shorts_ok
0.07283599487775319,0.09620701502157852,shorts_ok
-0.10466373938762502,0.5951937484425673,shorts_ok
0.2031186997883244,0.5257748851284824,shorts_ok
0.0874180570375562,0.20399162478222183,shorts_ok
0.05924598577719922,0.05759666434466591,shorts_ok
0.7130345847690298,2.436480286143504,shorts_ok
-0.03209920812414606,0.33452720237208383,shorts_ok
0.08914249330694507,0.23848332862423977,shorts_ok
0.10150448096165746,0.22650699560987353,shorts_ok
0.08226261702181303,0.15342713453818424,shorts_ok
0.04130619232321163,0.07635940111225244,shorts_ok
0.03920533949033864,0.13226830254161887,shorts_ok
0.09798799135229838,0.22939164604358575,shorts_ok
0.016522969799130528,0.26576351014768695,shorts_ok
0.09723341303174307,0.15732762335952075,shorts_ok
0.06912082694393179,0.6442428375886372,shorts_ok
0.11054434328438367,0.21110847179385817,shorts_ok
-0.0004762652053771563,0.1944662308731428,shorts_ok
-0.8296156666218619,11.680940225148499,shorts_ok
-0.44902975130155154,1.7134101184368484,shorts_ok
0.12114210735692568,0.23800353669994853,shorts_ok
0.023708247086308885,0.237917592250528,shorts_ok
0.047122043660703966,0.05295866426718247,shorts_ok
0.029583765592208645,0.11299773346380125,shorts_ok
0.3167519302090239,0.9296095340250727,shorts_ok
0.08295585882207622,0.1726739593447963,shorts_ok
-1.159162531439877,3.602570350130535,shorts_ok
-0.0646064922802046,0.4059251173442766,shorts_ok
0.03406819930824139,0.09591757677518264,shorts_ok
0.07207116891988541,0.17151882838763277,shorts_ok
0.07953462733691694,0.22703603038566322,shorts_ok
0.09984314716089698,0.34433213205679525,shorts_ok
0.03474938719313158,0.1195387800150784,shorts_ok
0.08899654975752513,0.9374848494684022,shorts_ok
0.10160695667804573,0.16254638933073987,shorts_ok
0.03890325965523592,0.5249569827158839,shorts_ok
0.19892215675518818,0.47974360570712,shorts_ok
0.06382487683818502,0.07688166999569603,shorts_ok
0.08961837345153395,0.16894109435459645,shorts_ok
0.059431753792217906,0.092070266522009,shorts_ok
0.05976382668495385,0.09048193546978887,shorts_ok
-0.7439609357325114,2.773376953569626,shorts_ok
0.09717932700272515,0.2995995229271737,shorts_ok
-0.05428713150471434,0.559184286311751,shorts_ok
0.05818694092646452,0.10732170922807023,shorts_ok
0.04166978393421086,0.08274030428419137,shorts_ok
0.04358386441021035,0.06343321524631859,shorts_ok
0.13517179431374976,0.2566889332961125,shorts_ok
-0.05390700763689202,0.3212549562329757,shorts_ok
0.16668002879413213,0.37321986068508883,shorts_ok
0.07214779762332503,0.12035748603366124,shorts_ok
0.07540731252372167,0.27835616340578423,shorts_ok
0.09267172005754545,0.18399911711855083,shorts_ok
0.035180363706951934,0.14766954017988784,shorts_ok
0.06589302913254778,0.12750939364674493,shorts_ok
0.037031927634500826,0.09453541407190648,shorts_ok
0.07624567813845172,0.08639972257676318,shorts_ok
0.06897634377832654,0.08100294634745019,shorts_ok
0.32814369345978245,1.508860147345288,shorts_ok
0.03832419934221892,0.10176749838448354,shorts_ok
0.15549138238803822,0.7071287144134001,shorts_ok
0.039540952992838,0.28330833435234143,shorts_ok
0.06194450152099242,0.12567471524427973,shorts_ok
-0.5403159911316993,2.2073870193766654,shorts_ok
0.18140322921118382,0.42735636474146355,shorts_ok
-0.00786858496240149,0.24426755567020897,shorts_ok
0.13106811234201102,0.2601892861400753,shorts_ok
0.04624195859020941,0.26741042704937446,shorts_ok
-1.8410623010212985,5.877049371034612,shorts_ok
0.049850955578648944,0.07973866358248613,shorts_ok
0.04713226548782783,0.0846204514944323,shorts_ok
0.12738294680167095,0.26846120282733626,shorts_ok
0.08043043595329978,0.11670852843341939,shorts_ok
0.1071987461395727,0.39802235911453393,shorts_ok
0.05546214637018705,0.05471557502934306,shorts_ok
0.18574013433730452,0.5798183414098215,shorts_ok
0.14989364262684673,0.3732268467108123,shorts_ok
0.10219108495499579,0.31736886885003546,shorts_ok
0.06886951035101532,0.07295121946728744,shorts_ok
-0.01668364597156484,0.289164626925108,shorts_ok
0.8341546897106297,3.2084524108870207,shorts_ok
0.18862843240181823,0.5927622468059482,shorts_ok
0.05669448348396376,0.09074120881514629,shorts_ok
-0.021153700441362715,0.2559445769229576,shorts_ok
0.08483605660677815,0.24420243313107506,shorts_ok
-0.7663229972729195,2.4505688166604003,shorts_ok
0.09659884893551256,0.18041543546709488,shorts_ok
0.3211381661489451,1.101527194844125,shorts_ok
0.10399020160557576,0.172810457169303,shorts_ok
0.05705766259649979,0.09582775851847267,shorts_ok
0.07684173116686302,0.12114469284842704,shorts_ok
0.06503704225007545,0.0772408467415583,shorts_ok
-0.012504409497353524,0.5092830456984179,shorts_ok
0.19309951029923686,0.42859627867615074,shorts_ok
0.029979569957846487,0.0804620139006396,shorts_ok
0.09100605753843329,0.2457116091595374,shorts_ok
0.492179414005879,1.535340009000393,shorts_ok
0.13184125904255217,0.2676070571022331,shorts_ok
11.499776174004932,34.05110678923557,shorts_ok
0.11243168930812662,0.22062004699885965,shorts_ok
-0.010215258140253092,0.38150108487779993,shorts_ok
0.07535084264147014,0.6209725528735226,shorts_ok
0.059896560815502015,0.11017113260206003,shorts_ok
-0.02906060858950653,0.30463241926979967,shorts_ok
0.12586046403255027,0.22475088333297785,shorts_ok
0.10033145318056162,0.21750920712112878,shorts_ok
-0.10026652791863504,1.0808397254142332,shorts_ok
0.17526728516365728,0.4253479360903808,shorts_ok
-0.013236476287351903,0.20203105853956466,shorts_ok
0.08154542161625662,0.12846113058445782,shorts_ok
0.06587513957655339,0.08060778091465867,shorts_ok
0.0515472640089447,0.06288070779025141,shorts_ok
0.1315569584459864,0.24711174144356313,shorts_ok
0.1261903719200153,0.3226537206457098,shorts_ok
0.09655352243890268,0.15781064914301166,shorts_ok
0.07902955459298726,0.1880120209781345,shorts_ok
0.09676034390309643,0.1625010025754556,shorts_ok
0.04855449345784093,0.07878397781704047,shorts_ok
-0.014903885921731329,0.27488589795895774,shorts_ok
0.345023359378471,1.2839684132785538,shorts_ok
0.3016728128290121,0.7939605937153914,shorts_ok
-0.0025173739130342765,0.1814863275606718,shorts_ok
0.5521859524927749,1.9788614803342377,shorts_ok
0.22187932100334984,0.5253369606322579,shorts_ok
0.10692606880850404,0.18896692277530083,shorts_ok
0.09536146114187222,0.1645532667862889,shorts_ok
0.08971843289584178,0.15921434151474617,shorts_ok
-2.3350580957616502,8.536633004080407,shorts_ok
0.1230269626593931,0.24399550527894542,shorts_ok
-0.2908165947174952,3.951155376826386,shorts_ok
0.12793535490671346,0.242716671811362,shorts_ok
0.13596285736682756,0.32723913830250206,shorts_ok
0.02661257125315363,0.19736802027627653,shorts_ok
0.06538142949188097,0.06473562112194418,shorts_ok
0.22498117994646233,0.5132119479302878,shorts_ok
0.12623983200838973,0.23330582344575532,shorts_ok
-0.2726512152117331,6.570679581961045,shorts_ok
0.07753978896138769,0.12202726916240775,shorts_ok
0.09957769689298124,0.1770457061951494,shorts_ok
0.4561958856147651,1.7686467981387357,shorts_ok
0.07471901054073855,0.12098074255908527,shorts_ok
0.03938886563858392,0.1546164821203557,shorts_ok
0.2570578071425492,0.9968365435969764,shorts_ok
0.09945440020325957,0.24874419925458344,shorts_ok
0.04044511204703262,0.11503576413589696,shorts_ok
0.057035634561087206,0.05686870168609444,shorts_ok
0.0773434626157653,0.1641500434212243,shorts_ok
0.11208339038693495,0.19225341501842105,shorts_ok
0.054888235588449664,0.15059450323731444,shorts_ok
0.06587485164504676,0.6890574256467062,shorts_ok
7.457253182407707,49.97408716268477,shorts_ok
-1.1688857542137419,10.548661990778735,shorts_ok
0.020654375502974987,0.16949285882655848,shorts_ok
-0.09123719962266844,0.5732802548842,shorts_ok
0.09983059481172003,0.19677581972418404,shorts_ok
0.07134658249224468,0.1031781858169404,shorts_ok
0.07006377189405193,0.16728763475415487,shorts_ok
0.012095250808229943,0.17638378661689008,shorts_ok
0.08187356830294447,0.18647735213540376,shorts_ok
0.026889195943607856,0.23932232046230428,shorts_ok
0.08925507021758668,0.14204844327801078,shorts_ok
0.06132809421950204,0.08763372899136618,shorts_ok
-0.12898277997031643,0.8979512208729341,shorts_ok
0.05853547203902627,0.14028947541039705,shorts_ok
0.08825289812860554,0.20899110810466928,shorts_ok
0.04027641918486046,0.10169018669145675,shorts_ok
-0.29439139334314773,1.7572993209304915,shorts_ok
-0.08571564494340891,0.5062491784781974,shorts_ok
0.27025644832931994,0.6445301809327127,shorts_ok
0.12267044695185982,0.245384401175545,shorts_ok
0.09906369546107589,0.16413767815175143,shorts_ok
0.13307547106373394,0.259498580804963,shorts_ok
0.22771878078532556,1.3734620835023816,shorts_ok
0.12977372000783702,0.28640259964644665,shorts_ok
0.09020843878486798,0.20218373083290883,shorts_ok
0.16404312068082422,0.4814585046973045,shorts_ok
-0.03142613926291364,0.2968917439915844,shorts_ok
0.05537678691114316,0.07321450191068975,shorts_ok
0.05202903687471897,0.05526387155058752,shorts_ok
0.07267368333847005,0.09429155549287391,shorts_ok
0.03689679320375781,0.1147914285708485,shorts_ok
0.11949189504729808,0.2533495257970501,shorts_ok
0.0716190936880321,0.11526021561593952,shorts_ok
0.10006367509111869,0.1668242231468707,shorts_ok
0.0916574599373493,0.3173445679385501,shorts_ok
0.12288030422349905,0.22396395078515957,shorts_ok
0.029546063955135964,0.11979163963361122,shorts_ok
0.07474872921937933,0.10821619838591537,shorts_ok
0.2548766745553074,0.6074650363464905,shorts_ok
0.09883541689946289,0.16605352124596182,shorts_ok
0.07367280115176225,0.0956470572072757,shorts_ok
0.07594812761539686,0.10432009266467265,shorts_ok
0.14233990603613322,0.3110819208994025,shorts_ok
0.18456218502631988,0.6447500435751461,shorts_ok
0.08429795825905262,0.1824144355782882,shorts_ok
-0.3524580253054931,1.2237142268683334,shorts_ok
0.07919930479745199,0.11204709958663107,shorts_ok
0.09123667909016106,0.1993767384687472,shorts_ok
0.11431813175927516,0.3847488843331685,shorts_ok
0.1254061129023723,0.2356921890100264,shorts_ok
0.11449560574717044,0.20535258756683997,shorts_ok
0.07283706932833867,0.12110388437741337,shorts_ok
0.06595830010651511,0.14839263872852362,shorts_ok
0.013454306822873657,0.12208105034511972,shorts_ok
0.11236286130638337,0.19704882476236737,shorts_ok
0.22779615322761168,0.5981600054698629,shorts_ok
0.16042780876527532,0.42668194735116866,shorts_ok
0.04925482199799177,0.15750031650107424,shorts_ok
0.0900305795706692,0.26975844485607076,shorts_ok
0.0865681533091405,0.1933414939738468,shorts_ok
0.083889933523762,0.3505812820831675,shorts_ok
0.04362269856254107,0.46452950373619645,shorts_ok
0.6185738310403557,1.7049210479899894,shorts_ok
0.05501002093657305,0.10255762039057191,shorts_ok
0.09078575111061991,0.13985981013519397,shorts_ok
0.12707155225567154,0.2929342736523462,shorts_ok
0.09571435161587513,0.1555749690676929,shorts_ok
0.09258771106537649,0.14808759092420004,shorts_ok
0.088050719962464,0.12382932023147035,shorts_ok
-0.8682429571907062,4.2176942415300385,shorts_ok
0.10373407427448467,0.16452551885214842,shorts_ok
0.018853005994276296,0.14961288295813008,shorts_ok
0.06232584108230362,0.08175291785986953,shorts_ok
-0.20138564656761665,1.0213425495528858,shorts_ok
0.049973164328167355,0.2038857696383869,shorts_ok
0.07712674249215606,0.1010946632151425,shorts_ok
0.09153712409146923,0.13080120897798717,shorts_ok
0.033914998675539265,0.1295681220498223,shorts_ok
0.06576064175542494,0.12020233459609914,shorts_ok
0.03217648522778396,0.14575869229134114,shorts_ok
0.12247281701494304,0.2139234381718546,shorts_ok
0.13117126646500893,0.23981069302159622,shorts_ok
0.028267876708731286,0.39661871398559373,shorts_ok
0.3066982423861333,1.1270837460022067,shorts_ok
0.06634864419284608,0.09266048082128517,shorts_ok
0.09561951867841907,0.1541848789774663,shorts_ok
0.11104435938786196,0.1910409172803245,shorts_ok
0.02506340108754015,0.14456813094067497,shorts_ok
0.02001505875385352,0.17933644134475119,shorts_ok
0.09967299805757013,0.210919629121134,shorts_ok
0.09006872605754256,0.13638380794435384,shorts_ok
-0.04367517781767359,0.4346285006684079,shorts_ok
-2.722688386113842,9.180491582146365,shorts_ok
-0.10361806673876783,0.5318728245305974,shorts_ok
0.04964851132999939,0.2173108174074909,shorts_ok
-0.2313061223998926,1.1759139387188045,shorts_ok
0.18643772950616946,0.42979032749329904,shorts_ok
0.08327173534260021,0.10819082502720562,shorts_ok
-0.052018830368429164,0.31559622402777393,shorts_ok
-0.06847451087462864,0.4580961673150049,shorts_ok
0.010613536065716127,0.17550985958450105,shorts_ok
0.15207483116045534,0.413067069380739,shorts_ok
-0.1107217668802625,0.6260164746890139,shorts_ok
0.05438869040537864,0.0580101677495909,shorts_ok
0.05412319130169217,0.11510418535260107,shorts_ok
-0.06562315671663946,0.4105120134330846,shorts_ok
-0.13834140769643946,0.6237532274478899,shorts_ok
0.2637856812887921,0.6430005546323517,shorts_ok
0.27377392867531336,1.0172767912567835,shorts_ok
1.6783525267226347,5.837411883742831,shorts_ok
0.06415632072649716,0.37179299654698006,shorts_ok
0.07522980110357097,0.09306978143103264,shorts_ok
0.10940977570381606,0.18205800696277166,shorts_ok
0.15313250719074223,0.5882489178356171,shorts_ok
0.5524463313341536,1.578940818606205,shorts_ok
0.25856614967868646,0.7333695574832705,shorts_ok
7.74237442227615,35.11471627859099,shorts_ok
0.12343924652311025,0.24303568645916365,shorts_ok
-3.5470920307897376,15.936055579890136,shorts_ok
0.1497427410690768,0.34762900671275165,shorts_ok
0.39680499723985724,1.1209501072484336,shorts_ok
0.10234989356952062,0.16060107584942884,shorts_ok
0.04101168224047788,0.05679852438658329,shorts_ok
0.06945637833538275,0.12852387315720143,shorts_ok
0.07928861836701595,0.15360237574980498,shorts_ok
0.056713232850494906,0.09058274233771767,shorts_ok
0.09006389629756464,0.13204136882009881,shorts_ok
0.10036445022396046,0.18433769229663893,shorts_ok
0.2461347514032022,0.9248867619297254,shorts_ok
0.05968475209572836,0.15318388156739746,shorts_ok
0.13488096284538245,0.29531423597941,shorts_ok
0.12740318046299628,0.3226529673378034,shorts_ok
1.8413417201204494,11.26493216321661,shorts_ok
0.07548255792876798,0.09374326750237248,shorts_ok
0.11910864886128247,0.251538917656205,shorts_ok
0.12441189259778036,0.3527511417213757,shorts_ok
-0.028807861457667283,0.3436779775598496,shorts_ok
0.125686431972929,0.2448224431362111,shorts_ok
0.09599355574756008,0.22478192297312266,shorts_ok
-0.04863835344460325,0.5077198796447392,shorts_ok
0.07946635119669748,0.13415263499834112,shorts_ok
1.4468346635700462,6.207682495611743,shorts_ok
0.09680199604127179,0.2151623322437977,shorts_ok
0.17713431112034184,0.3707568326789312,shorts_ok
0.033627182805433274,0.2415800018032173,shorts_ok
0.14426642989258792,0.5082852426809024,shorts_ok
0.14538826834768037,0.3563388134866276,shorts_ok
0.0526028521974127,0.07286678137039619,shorts_ok
0.07163296866232437,0.12408593403386653,shorts_ok
0.10078041268946752,0.15657941661159405,shorts_ok
0.0745651676905596,0.09229549000616671,shorts_ok
0.0674674085001126,0.1239471985838733,shorts_ok
0.10246867903149688,0.1604874103519846,shorts_ok
0.12280351504345653,0.26248157885514517,shorts_ok
0.07261714762636615,0.10977754648346551,shorts_ok
0.12913813870185345,0.24824153576002042,shorts_ok
-0.07975162153837247,0.6799205615015723,shorts_ok
-0.6890935009570525,2.3289062286344913,shorts_ok
-0.04467569284185309,0.6623339079395606,shorts_ok
0.15619699129030443,0.6613463058175301,shorts_ok
0.07209548637776543,0.09259450720952797,shorts_ok
0.009494602932992638,0.3849287741583862,shorts_ok
0.050599060293283746,0.16107226888323134,shorts_ok
-0.2475041057522679,0.9038811679867002,shorts_ok
-0.03572828781843676,0.2834658218390462,shorts_ok
0.05720278789139607,0.05658846571904015,shorts_ok
0.09069395098319355,0.1369912733706291,shorts_ok
0.0665468431911247,0.148980483214263,shorts_ok
-0.738336276740527,2.978369054555464,shorts_ok
0.08733354229490656,0.16697280023173391,shorts_ok
0.07823914546788933,0.12458119760572153,shorts_ok
-0.027089755909220553,1.5063977730580105,shorts_ok
0.09713841811395477,0.20318825264888893,shorts_ok
0.06202763443589313,0.08647441102901886,shorts_ok
0.07301772259295641,0.09598029793305309,shorts_ok
0.12300439045809154,0.3179039419129347,shorts_ok
0.1690004655760542,1.1919511926345105,shorts_ok
0.05365934546588172,0.08998068942660321,shorts_ok
0.03273070901068857,0.09280611271307959,shorts_ok
0.023280184953923894,0.10812909263680087,shorts_ok
0.0719555177427624,0.13739120516109735,shorts_ok
0.2492470610566201,1.1469311169133725,shorts_ok
0.3544119871237539,1.5432946822235207,shorts_ok
0.13925600283565584,0.3212241662727588,shorts_ok
0.11273420253937128,0.4554628539535679,shorts_ok
-0.07739084451312328,0.399226505243452,shorts_ok
0.017854920355903622,0.25819785381175375,shorts_ok
0.02255481628908192,0.17113575764633895,shorts_ok
0.09959192110674103,0.15852149031706386,shorts_ok
0.06543755067946833,0.1363934376427268,shorts_ok
-0.2558317866864403,0.9025806684994172,shorts_ok
0.07716245448584105,0.20341336933574414,shorts_ok
0.09722865728484015,0.16216442710136963,shorts_ok
0.04924077808879756,0.13451084414026246,shorts_ok
-0.09009358895601134,0.5667138652503682,shorts_ok
0.09957726736441055,0.18951763671694033,shorts_ok
0.1766753394334663,0.39018578772020723,shorts_ok
0.08201985838623123,0.10456891299476564,shorts_ok
0.038606813095192205,0.33180187692268753,shorts_ok
0.08180750156177698,0.1568384491117048,shorts_ok
0.09090751539011731,0.1553180101418515,shorts_ok
0.009336717229743254,0.18660451104878442,shorts_ok
0.0687094130995175,0.1366512042474761,shorts_ok
0.07109933742774499,0.19605778643985805,shorts_ok
0.08294912328002754,0.12729330607790312,shorts_ok
0.05215515411585231,0.05577855614659116,shorts_ok
0.06244644376387881,0.11957796033435272,shorts_ok
0.09135888894311028,0.1696617630771822,shorts_ok
0.2529830247957453,0.6053381672193551,shorts_ok
0.04939649659291476,0.28326693226968586,shorts_ok
0.06768590512217519,0.19296966135672292,shorts_ok
0.0007989194814411599,0.17081811552016166,shorts_ok
0.15270324086588166,0.8646261010008944,shorts_ok
-0.055593584491536216,0.49505036951452075,shorts_ok
0.04461475165610833,0.1407201405074168,shorts_ok
0.06031801461865923,0.08868689447268582,shorts_ok
0.054146105222975846,0.09466734584560049,shorts_ok
0.08824926268364221,0.16318122819809405,shorts_ok
0.06312672017005876,0.09294290132038258,shorts_ok
-0.059144599968080955,0.3401596189463776,shorts_ok
-0.13871922050148439,1.3798821062537276,shorts_ok
0.151126151326035,0.29972308161963035,shorts_ok
0.08213260931799161,0.14915840723215415,shorts_ok
0.02669813229418875,0.1687700862658071,shorts_ok
-0.22693794370794873,0.8242458778655236,shorts_ok
0.04576130598683392,0.10890092868576273,shorts_ok
0.09953948601351023,0.15086094299998354,shorts_ok
0.1735760557071172,0.39551245903307874,shorts_ok
0.053599941460722327,0.13008972074706743,shorts_ok
0.10379464842771582,0.2133503758380578,shorts_ok
0.0887847722828069,0.15058937372868353,shorts_ok
0.059833833387259366,0.11454986174534956,shorts_ok
0.13588554518230483,0.2670935577074637,shorts_ok
0.020736040066083084,0.13059524404197062,shorts_ok
-0.045085794491602355,0.32675553810767477,shorts_ok
0.075107756912805,0.0908420566715836,shorts_ok
0.07543799825589445,0.12198128682085975,shorts_ok
0.09042448336031497,0.24905385463232702,shorts_ok
-0.2169679062916089,2.416165122917052,shorts_ok
0.13666149774090597,0.2840221307505941,shorts_ok
0.15420661082597617,0.39574228801481287,shorts_ok
0.023982275221969742,0.15212871892112828,shorts_ok
0.272378756244445,0.6969832101936309,shorts_ok
0.08530050168480056,0.12673270022700572,shorts_ok
0.11476748937097414,0.2587398839546905,shorts_ok
0.06710735117975086,0.25960039876407587,shorts_ok
0.040038323890517286,0.11805173280279162,shorts_ok
0.006619334752227063,0.2066167615592088,shorts_ok
0.05722790319080963,0.07708376656609438,shorts_ok
0.06868715816453283,0.1154552021829588,shorts_ok
-0.03441140531714226,0.3061688323203203,shorts_ok
0.7154032919473742,2.1723152298105695,shorts_ok
0.06615656744819648,0.0646602593620684,shorts_ok
0.09998076011266512,0.4177060409342745,shorts_ok
0.23733742517694664,0.6753486052702703,shorts_ok
0.10525069806257664,0.16495739584450983,shorts_ok
0.19018642650198636,0.4913130716453105,shorts_ok
0.13879000997747015,4.233471446658911,shorts_ok
0.10036375295936638,0.2609031881825456,shorts_ok
0.11020160666649129,0.3337352777132241,shorts_ok
0.08953070951356076,0.2600882391494078,shorts_ok
0.2735548053707191,0.759938297028752,shorts_ok
0.060505305481360155,0.2810656801624533,shorts_ok
-0.005021651628631774,0.40194717341991004,shorts_ok
0.0674973935615216,0.09761446708595121,shorts_ok
0.14862401069604725,0.3373267681025285,shorts_ok
0.0696038888995058,0.08231777641358705,shorts_ok
0.01068364486771401,0.1772434091781604,shorts_ok
0.0125225836327998,0.32474222062786845,shorts_ok
0.04258273672246876,0.055954523565356,shorts_ok
1.488269788428544,4.244254736565299,shorts_ok
0.056682887202492746,0.09283689749017834,shorts_ok
0.1708504842387742,0.7079799305709247,shorts_ok
0.1607591334927226,0.37072344605840957,shorts_ok
0.10093912757252599,0.18437917236417256,shorts_ok
0.030852066992679717,0.09176618903493103,shorts_ok
0.0847586174212773,0.1332430226608567,shorts_ok
0.11981142316543689,0.2430037767758292,shorts_ok
0.09420276294306605,0.14674383120962284,shorts_ok
0.12216213097933308,0.35565009034219686,shorts_ok
0.05387205726629445,0.0859502636662484,shorts_ok
0.1106098014729665,0.20045353643846037,shorts_ok
0.13311001543699458,0.2814001316904687,shorts_ok
0.10109703339809982,0.18814413775709343,shorts_ok
-0.47482253197517654,2.2466393441598056,shorts_ok
0.13306466179575216,0.30176053141172327,shorts_ok
0.13868866232148425,0.49890663442122146,shorts_ok
0.19469808408510708,0.45715203509702473,shorts_ok
0.14747097752036611,0.35633301918803756,shorts_ok
-0.05187972419364363,0.33449347731366535,shorts_ok
0.04387116011607566,0.09263015180005202,shorts_ok
0.08136715778933282,0.1359068264319854,shorts_ok
0.070883978561428,0.15127348445094538,shorts_ok
0.08441913114302302,0.11356971492294363,shorts_ok
0.06198604493834804,0.19913303820757564,shorts_ok
0.11838454218701687,0.26150653900386966,shorts_ok
0.06375352465930269,0.23033129564910776,shorts_ok
0.06795223911768149,0.4254753693300428,shorts_ok
0.025012238316004697,0.10791132788419666,shorts_ok
0.08850131789882161,0.13430393395176807,shorts_ok
0.06961413111023666,0.16443734859448325,shorts_ok
0.22408418193457508,0.5116296169882585,shorts_ok
0.035081683972720365,0.09257444547073204,shorts_ok
0.045236184068673066,0.08329509376866337,shorts_ok
0.21050633254549908,0.9671638987754877,shorts_ok
0.5597749279872826,1.6373160086049132,shorts_ok
0.08171691738835452,0.12688307468266286,shorts_ok
0.04418741917349042,0.14055851186128307,shorts_ok
0.09892391808576556,0.14940301399753597,shorts_ok
-0.01879187621116031,0.21615011992721836,shorts_ok
0.0857777062866387,0.16361899328179833,shorts_ok
0.05300982908566244,0.06732413609246804,shorts_ok
0.004907479545714724,0.38586022889288524,shorts_ok
0.061784618463341386,0.07693906514678028,shorts_ok
0.17094417480357751,0.38043857044139884,shorts_ok
0.037478002368256894,0.0747010090446187,shorts_ok
0.0033696379548732586,1.6085561692857897,shorts_ok
-0.025075168869957316,0.3961244951159597,shorts_ok
-0.010464996280679914,0.21538067751595483,shorts_ok
0.10117118567708118,0.16762661674136523,shorts_ok
-0.04638775060504567,0.29293885800424013,shorts_ok
0.07183584889348868,0.2881304557345524,shorts_ok
-0.05974050827745808,0.3456537182411347,shorts_ok
-0.050066946244744406,0.363940198696308,shorts_ok
0.3421280304241712,1.003737633692889,shorts_ok
0.1093917845274705,0.1876659590170569,shorts_ok
-0.021176204442850427,0.2813822699243231,shorts_ok
0.008492944795900265,0.4408821572107745,shorts_ok
0.10894817569195277,0.20768833861102762,shorts_ok
0.10022104176282905,0.18096454422404154,shorts_ok
0.007527476503313582,0.41472324722583487,shorts_ok
-0.10996403006337432,0.5224288307897526,shorts_ok
-1.0518430038493158,3.3198787369910887,shorts_ok
0.05629775687021107,0.13133860416692433,shorts_ok
0.11111053134348303,1.7576638328751006,shorts_ok
0.051861189135001824,0.10294985143127744,shorts_ok
0.08557764171174019,0.13509613415883828,shorts_ok
0.07606399830139048,0.16259626237562028,shorts_ok
0.04233005780353938,0.1487198617855717,shorts_ok
0.03705023095237282,0.1854674452885304,shorts_ok
0.09323622271577758,0.1639156118347121,shorts_ok
0.08949811600739352,0.15450013854145472,shorts_ok
0.002177089994676293,0.16139266608630967,shorts_ok
0.07589861717666738,0.0982896371817395,shorts_ok
0.1300873098295928,0.24231808085353548,shorts_ok
0.1308483656840825,0.2676496578131179,shorts_ok
0.08186508492068145,0.27401627386498517,shorts_ok
0.1854707901332216,0.49372311305180966,shorts_ok
0.12868052708651218,0.2450336641682511,shorts_ok
-0.011740920111673311,0.19753278631521282,shorts_ok
0.09298163766997918,0.2718906253824444,shorts_ok
-0.021720046370927004,0.38543557063357214,shorts_ok
0.11620725748180075,0.23557112809835884,shorts_ok
0.07573649445272829,0.09950872204526279,shorts_ok
0.07684563463877382,0.12640442425254592,shorts_ok
0.11944466484013526,0.287310892824109,shorts_ok
0.2070540957538339,0.6808289807878132,shorts_ok
0.0486135216790458,0.054608112626858135,shorts_ok
0.1897994766836993,0.4216149969841546,shorts_ok
-0.039474929443740446,0.6833072934491367,shorts_ok
-0.515253343464414,1.9435441491485255,shorts_ok
0.027301572138273996,0.09017786729727605,shorts_ok
1.4513489060786533,12.600666852569947,shorts_ok
0.08051185791907203,0.14463240160754529,shorts_ok
0.15526321418786235,0.3723293323361473,shorts_ok
0.06515629393362946,0.08393324851927868,shorts_ok
0.12746865167509505,0.32308730321021967,shorts_ok
0.007904456003198009,0.25445920333280353,shorts_ok
0.03507259522851043,0.1465278739207948,shorts_ok
0.5858839753785567,1.562091489182811,shorts_ok
0.1077018175423846,0.17476289449203247,shorts_ok
0.08120982983986609,0.1055385354951978,shorts_ok
0.13408174626880404,0.4548633365101937,shorts_ok
0.06251696217594521,0.05857517080751856,shorts_ok
0.08515345288331093,0.1440492448523217,shorts_ok
0.06492967452850805,0.1323105386608379,shorts_ok
0.11255313905625905,0.20826552468183984,shorts_ok
0.08492051278330966,0.12538222826516998,shorts_ok
0.5485973633503546,1.8990286996981436,shorts_ok
0.14240549796401558,0.3439033546609121,shorts_ok
0.08924849254473026,0.13606656313949628,shorts_ok
0.10484614832428013,0.2231875550413568,shorts_ok
0.0013254233723659636,0.1934880085442668,shorts_ok
-0.14480165562811007,1.0834851197581277,shorts_ok
-0.0037836746969028973,0.18659763439767701,shorts_ok
0.12488510728403307,0.24144159798693843,shorts_ok
0.04066859525022346,0.07117607781740351,shorts_ok
0.13306760933295356,0.339601344175565,shorts_ok
0.2776051249856056,0.689912213294164,shorts_ok
0.07036487963973484,0.08990587759413288,shorts_ok
0.11117766902916815,0.21895499809583605,shorts_ok
0.11232631406110195,0.19323135220699994,shorts_ok
0.13532879896623182,0.28712014735175584,shorts_ok
0.1237387284978866,0.42240110669748165,shorts_ok
0.050530698009675495,0.0794372201196263,shorts_ok
0.0650551642014013,0.128292444293867,shorts_ok
-0.2970164079553862,1.2321342986969612,shorts_ok
0.2876830719111071,1.402979735670776,shorts_ok
0.08214740579079816,0.10454524223522825,shorts_ok
0.07980320580106529,0.12464803525637017,shorts_ok
0.06706372576766617,0.09819325509820839,shorts_ok
0.25248305143109484,0.683429544143757,shorts_ok
0.09355608124003721,0.1894929893425773,shorts_ok
0.05082051137599706,0.7537513863377009,shorts_ok
0.050010161229653294,0.07908508198270722,shorts_ok
0.05662544589876337,0.11117320123276425,shorts_ok
0.06679389423876134,0.08165065371577228,shorts_ok
0.09324670687940058,0.298723702127158,shorts_ok
0.04467757141098104,0.05435175925412394,shorts_ok
0.03727489959595488,0.06941219380737007,shorts_ok
0.13511969511557612,0.27294171401041095,shorts_ok
0.04890024073342182,0.050708172475682746,shorts_ok
0.04573128179376941,0.129207024971693,shorts_ok
0.2625142166192635,0.8507582435233123,shorts_ok
-0.013829804428352868,0.25804813115907566,shorts_ok
0.05870711654007439,0.06472488749723568,shorts_ok
0.010027166292586988,0.2468205690742334,shorts_ok
0.25332262045909915,0.696237293424001,shorts_ok
-0.028627603618717218,0.3229422411447803,shorts_ok
0.0515257531078575,0.17679740668455204,shorts_ok
0.09729816695892521,0.17675111829510567,shorts_ok
-0.17514066157121563,0.7088932091917638,shorts_ok
-0.06617686424835138,0.42590825720029324,shorts_ok
0.10236377011868655,0.20436912074552582,shorts_ok
-0.05910984526698321,0.40213261644495,shorts_ok
0.07728683244625408,0.23730522424370049,shorts_ok
-0.002502382493172542,0.20143989175092605,shorts_ok
0.07517187692221461,0.11323591026428671,shorts_ok
0.0806451327621181,0.15125548698379684,shorts_ok
0.09111336607701061,0.13301075986822636,shorts_ok
0.06257501233600686,0.08149459218411681,shorts_ok
0.2405890592111814,0.778650076174248,shorts_ok
0.1982200231342494,0.4676588832185979,shorts_ok
0.7320048036160001,2.622832293620546,shorts_ok
0.09998354319672285,0.16175673573330007,shorts_ok
4.887009718780137,14.165700638010094,shorts_ok
0.09456160451265713,0.13470287820039817,shorts_ok
-0.17311840271237633,0.8637479002803096,shorts_ok
0.09013842189192936,0.19530210253303135,shorts_ok
0.05491430374823907,0.05025810763453835,shorts_ok
0.09545505536054304,0.14486442399056565,shorts_ok
0.01958488238421094,0.11078238987580317,shorts_ok
-0.3134568155652472,1.4698915986262,shorts_ok
-0.032671041169061846,0.29304822431012595,shorts_ok
0.12343672179424003,0.27409230135454693,shorts_ok
0.04818370109017876,0.06349632169186467,shorts_ok
-0.7415893068531958,2.95707245442012,shorts_ok
0.20740504493883188,0.4737439547704781,shorts_ok
0.13681859482707368,0.26095733860900167,shorts_ok
1.1023306233080707,4.083200904467941,shorts_ok
0.08296298952400859,0.10977352597592217,shorts_ok
0.05268285000805112,0.1705135050944734,shorts_ok
0.06870783407310646,0.06972043834395575,shorts_ok
0.06188104396187184,0.0824330971323885,shorts_ok
0.1019171121157177,0.1968886165414263,shorts_ok
0.04374992002288822,0.20748780143643952,shorts_ok
0.1389940832248919,0.31756215587247727,shorts_ok
0.06326627725701851,0.2655265981493912,shorts_ok
0.055382483537734756,0.138570607425733,shorts_ok
0.39712769661938463,1.0262864691452556,shorts_ok
0.08567003522844883,0.14323731829175546,shorts_ok
0.19960022035131852,0.46861891179747284,shorts_ok
0.01571961745576925,0.16716381534023397,shorts_ok
0.05324481247966696,0.3169355067904814,shorts_ok
0.2647957867790719,0.838011295691529,shorts_ok
-0.2286590793728894,0.8955557872633249,shorts_ok
0.02890345177818994,0.08601153726290874,shorts_ok
0.138514821328371,0.2850465809086072,shorts_ok
0.05612105017510583,0.15107474223596573,shorts_ok
-0.07051334750711957,0.6247681507256757,shorts_ok
0.04221369843376833,0.08015712264891828,shorts_ok
0.1057148017126951,0.18027039188728533,shorts_ok
0.17830185264617845,0.4292245480593715,shorts_ok
0.04175357541194474,0.07524158744101923,shorts_ok
0.042916951044281094,0.27150520609174994,shorts_ok
0.3264981942147099,1.3994867600298981,shorts_ok
0.009241165121631506,0.18447109068835427,shorts_ok
-1.3191002312245317,5.717643237757365,shorts_ok
0.012177768821657851,0.1534161190373376,shorts_ok
0.07362311748807948,0.08605548209580209,shorts_ok
0.11355237421066473,0.3614298870881533,shorts_ok
-0.3165612831707036,1.432060346431372,shorts_ok
0.14158027018234964,0.3597805622103186,shorts_ok
0.15780287210082855,0.3392766730418994,shorts_ok
-25.71331682650264,241.1719642935366,shorts_ok
0.0524020936187175,0.06728056769957762,shorts_ok
0.03966668481995401,0.10544331352390128,shorts_ok
0.06381508174154377,0.09570715636161255,shorts_ok
0.09775936489715417,0.2615146424161227,shorts_ok
0.14485121502570975,0.28891191285698853,shorts_ok
0.0954848699860969,0.1770744410879295,shorts_ok
0.12027796475347352,0.2507630477927718,shorts_ok
-0.001983767989925441,0.3810381469309435,shorts_ok
0.09026816387711037,0.1251488207313003,shorts_ok
0.033618695690252144,0.11225334780703457,shorts_ok
0.10415515601912043,0.1951987624396359,shorts_ok
0.049372001628580714,0.063905293181997,shorts_ok
0.14845696353010607,0.3553197748165342,shorts_ok
0.20124211713492668,0.7173177431347012,shorts_ok
0.2935147556328702,0.7598210051462586,shorts_ok
0.12212407223624464,0.2525477100596379,shorts_ok
-0.007522685822149877,0.19513970321935437,shorts_ok
0.10386308629437721,0.20543766456321325,shorts_ok
0.0856761383749776,0.11146059914563002,shorts_ok
2.8373636437364635,13.482557430696907,shorts_ok
0.08562820829049288,0.19019708176870295,shorts_ok
0.09140177174582081,0.12980237232520014,shorts_ok
0.14613187338464212,0.3185155727699272,shorts_ok
-0.10161517128234451,0.5039803381646615,shorts_ok
0.08876929909772228,0.12326147291179869,shorts_ok
0.002335545610173989,0.3023172908809549,shorts_ok
0.28091557744203666,0.8792438081090753,shorts_ok
0.051262575988478803,1.1193444128453462,shorts_ok
0.0914599852844786,0.1510949679396794,shorts_ok
0.06687247891116224,0.23252952684076816,shorts_ok
0.04586471061764158,0.10667296048022423,shorts_ok
0.08271207648469987,0.10829276647675404,shorts_ok
0.11102746164745002,0.2458862837397295,shorts_ok
-0.856349690538595,3.7192184695784256,shorts_ok
0.06276672915715721,0.0878035207555939,shorts_ok
0.0714365777745371,0.14013348409698062,shorts_ok
0.12180102061145452,0.2154661864882896,shorts_ok
0.18102812628958187,0.4731579418525686,shorts_ok
0.03968579021971864,0.1664978463193098,shorts_ok
-0.043711807598931424,0.28324831634660663,shorts_ok
0.052530236696660855,0.0963900180884555,shorts_ok
0.026128929416223586,0.10984606504248691,shorts_ok
0.08439312162358317,0.1246828548499147,shorts_ok
0.07381939904781501,0.20134758262949798,shorts_ok
0.1673710642834409,0.3859350961197804,shorts_ok
0.03347366702021702,0.14104586214599277,shorts_ok
0.097104007417279,0.311033712031834,shorts_ok
-1.0338560289900296,3.9688989492832714,shorts_ok
0.21046000847298107,0.48591962662578775,shorts_ok
0.05865713485313886,0.18777713208405142,shorts_ok
0.9620142502736057,2.901112180783949,shorts_ok
0.737246042132361,2.1120734370058933,shorts_ok
0.4828159965984754,1.7320468937680507,shorts_ok
0.08263857515384937,0.11201819943548301,shorts_ok
-0.12005611688960771,0.5126282640266326,shorts_ok
0.09514047473199179,0.15881610755436226,shorts_ok
0.07313162737210911,0.09337799146117981,shorts_ok
-0.07648643817409037,0.5756650453114736,shorts_ok
0.0527520992440497,0.284723176762091,shorts_ok
0.3989908414537504,1.0982674160177623,shorts_ok
0.21154968485627312,0.47118330973559996,shorts_ok
0.08466370112396361,0.11165588262319069,shorts_ok
0.07884508936070933,0.12208100202145775,shorts_ok
0.41342174016384675,1.2490946577867073,shorts_ok
-0.12603403186733514,0.6821474551010344,shorts_ok
-0.016205353270379946,0.3858649246444792,shorts_ok
0.10362910891676735,0.26855565663170955,shorts_ok
0.035543484038454115,0.07517244968857083,shorts_ok
0.07616670871986712,0.1658996209249626,shorts_ok
1.3832850153323981,4.37705881989214,shorts_ok
0.12994881735511898,0.25403778104424524,shorts_ok
0.05721220233282405,0.1429399423675775,shorts_ok
0.12129938069237037,0.2290434957111309,shorts_ok
0.07234041941997757,0.09449548250191224,shorts_ok
0.11442025491205526,0.21610536836769972,shorts_ok
0.18653258059276528,0.40311611758299803,shorts_ok
0.9363333201756572,3.995303922099918,shorts_ok
0.09597333014824568,0.1547474188369992,shorts_ok
0.0069313966203551,0.16616303789576786,shorts_ok
0.22893265626080073,0.5700473896220929,shorts_ok
0.19698003294781774,0.4938293278499383,shorts_ok
0.026025504101632967,0.09569118782678818,shorts_ok
0.07281085954640859,0.11473799782110752,shorts_ok
0.07233638034574047,0.11013269423022151,shorts_ok
0.10518880249979998,0.18298221786333146,shorts_ok
0.07192543350637491,0.09906408714824202,shorts_ok
0.07954600855055602,0.10558304010181477,shorts_ok
0.10825280188962638,0.23579824248135844,shorts_ok
0.10268289330468547,0.1893581009519,shorts_ok
-0.0022732220323892077,1.0274454825649078,shorts_ok
0.10475823487195496,0.22517550707581752,shorts_ok
0.07388637178580938,0.18845193975074398,shorts_ok
0.054802577180137396,0.07806341045179481,shorts_ok
0.06555052715633511,0.4309839938383114,shorts_ok
0.18278416020295674,0.47027752395018646,shorts_ok
0.06500798990093513,0.09348836446267088,shorts_ok
0.0930837425663725,0.177648860915498,shorts_ok
0.05442914090395824,0.07046104171493615,shorts_ok
-0.10887169254184054,0.5615421582524854,shorts_ok
0.13248467949696854,0.2539219651111114,shorts_ok
-0.13316148974040293,0.548353363059958,shorts_ok
0.0348949697945104,0.2401963839121142,shorts_ok
0.03539579609049841,0.23874893047559675,shorts_ok
0.02900300943395953,0.11595387116888724,shorts_ok
0.067387541617198,0.09638108448265476,shorts_ok
0.01526869387119257,0.19470073278899167,shorts_ok
0.07775445532667212,0.10802916439479386,shorts_ok
0.0780278238998638,0.5462025477811573,shorts_ok
0.8822879456388566,2.620069484262239,shorts_ok
0.19432791036187702,0.5502734098812342,shorts_ok
0.2144149012179789,0.6366325678666361,shorts_ok
0.058431432212339936,0.19242326509900545,shorts_ok
0.09046564960063845,0.12289169646857541,shorts_ok
-0.052177522832771744,0.3142235416770994,shorts_ok
0.08998427957756913,0.1294998835250107,shorts_ok
0.10657116804273276,0.19054677737633277,shorts_ok
0.12346737769432516,0.25220534650034276,shorts_ok
0.12352218136794642,0.2267152973678989,shorts_ok
0.16135249844943256,0.3404297851315965,shorts_ok
0.05796313965358124,1.018761408010136,shorts_ok
0.06132894135033011,0.07578612073282649,shorts_ok
0.0731089133016377,0.11292209740089114,shorts_ok
0.08313760476455154,0.10562052679525247,shorts_ok
0.0966157450293341,0.14504750882676246,shorts_ok
-0.12045534148329651,1.0756337181765894,shorts_ok
0.100648724235677,0.20311473825413265,shorts_ok
-0.00817675644882819,0.2851856926849583,shorts_ok
0.0396896660960389,0.130219035306149,shorts_ok
0.057383777761125736,0.14595120686213758,shorts_ok
-0.031456220735187196,0.2839858272382244,shorts_ok
0.09261417187721323,0.1572505696027142,shorts_ok
0.10282757766524966,0.1726823065842982,shorts_ok
0.0807846276483179,0.10505222493139371,shorts_ok
0.01872814368651124,0.26180819536152883,shorts_ok
0.04716848362597606,0.051698287753668595,shorts_ok
0.0917185538409966,0.1478224297203252,shorts_ok
0.10183751780567303,0.18585347119849877,shorts_ok
1.6288516474285846,37.25978776490662,shorts_ok
0.07452723885447257,0.09251296860981705,shorts_ok
2.4382768109005464,17.86359372127185,shorts_ok
0.06476335421372328,0.23389379354185383,shorts_ok
0.09081217786470942,0.1268412382492388,shorts_ok
-0.001758609097647662,0.16301640554507116,shorts_ok
0.05664279368530388,0.1247561010746767,shorts_ok
0.26835505468556947,0.6386309983658724,shorts_ok
0.09053963655587219,0.12669943205539477,shorts_ok
0.10218393458011564,0.21205412030375506,shorts_ok
0.05811404165398756,0.14004161453522235,shorts_ok
0.06276479204842862,0.09012907643649455,shorts_ok
0.0675938678501538,0.1365027542867284,shorts_ok
-0.20195654465760407,1.2748915340288316,shorts_ok
-0.04978974048002745,0.3041587113176733,shorts_ok
0.07223232287907028,0.08877534584669945,shorts_ok
0.10658270185265037,0.21741026274234806,shorts_ok
-0.506259877224818,2.5102792295962297,shorts_ok
0.11964500539683802,0.21998819217164203,shorts_ok
0.05059406303762208,0.10387529821766267,shorts_ok
-0.6112111803354026,2.5473588321453637,shorts_ok
0.07312788093250568,0.09045745393126033,shorts_ok
0.09564696959913832,0.17100001059279699,shorts_ok
-0.03017261384576763,0.3685309001237754,shorts_ok
0.08196584526025101,0.13097695755616645,shorts_ok
0.07611437011307437,0.11976646581156229,shorts_ok
0.08490822314359525,0.14996206697743755,shorts_ok
0.09345940621567311,0.37452792775900995,shorts_ok
0.06378741660395172,0.26061557991674245,shorts_ok
-0.03178216627267137,0.34560781852226297,shorts_ok
-0.2637686781872789,1.2522999332832805,shorts_ok
-0.299349448751804,1.0600066898319598,shorts_ok
0.2135440275889354,0.6624895678281383,shorts_ok
0.1068477772852765,0.1978055848442847,shorts_ok
-0.20630559646493546,1.3690174316719679,shorts_ok
0.04487018646426325,0.10255703073796622,shorts_ok
0.08023954278920302,0.17132884729263542,shorts_ok
-0.27830718928804987,1.2848305076710091,shorts_ok
0.05799366437715698,0.291053418857408,shorts_ok
0.10235421523258624,0.18108787050973232,shorts_ok
0.08585334538842371,0.11867826622833054,shorts_ok
0.08138129022445106,0.13839789158140145,shorts_ok
0.09392902246854806,0.1694142754595664,shorts_ok
0.08424057424391364,0.13785471223156462,shorts_ok
0.12936977885877426,0.2455737111544006,shorts_ok
0.020815178345528096,0.5224351755628194,shorts_ok
0.11801980371847666,0.23436626173351316,shorts_ok
0.0880191622631926,0.11979037508122627,shorts_ok
0.23751652345332316,0.549730719034745,shorts_ok
0.3205520866452173,1.3582934006252574,shorts_ok
0.038407072553075995,0.10654957133342004,shorts_ok
0.5264865989767487,2.6413853054783774,shorts_ok
0.07217217534456624,0.08068667016805552,shorts_ok
0.178012518256906,0.4723095262262667,shorts_ok
0.018587063430031393,0.15361765187642556,shorts_ok
0.10146356869085173,0.17675040726853855,shorts_ok
0.1232708434904901,0.21980555955180123,shorts_ok
0.10438088252340852,0.16957974821767643,shorts_ok
0.4071537580409632,1.0647950391306866,shorts_ok
0.1741282831512966,0.4181426874865493,shorts_ok
0.02694182728829195,0.13155817213579263,shorts_ok
2.793613575984267,8.756893886074783,shorts_ok
0.023480746449713506,0.16035400634727445,shorts_ok
-0.3136077264504136,1.1402977221838975,shorts_ok
0.0671725110793302,0.10204545235514777,shorts_ok
0.08670357200131144,0.12908474777635584,shorts_ok
0.13584627210916922,0.38989804652821075,shorts_ok
0.05457671081225519,0.1958664137653677,shorts_ok
0.054392280147132946,0.10707414795582766,shorts_ok
-0.10164479391050812,0.45238554463990993,shorts_ok
0.10237310664254316,0.17047921710258576,shorts_ok
0.09644823874677921,0.14545840100931298,shorts_ok
0.09282411301123462,0.35469069907794776,shorts_ok
0.07758727630091339,0.13330563992296132,shorts_ok
0.09926558894191251,0.19624418309122846,shorts_ok
0.19187003425398172,0.42626219639346064,shorts_ok
-0.27266288679334255,1.0677030162484649,shorts_ok
0.14032033284020878,0.36131149458419876,shorts_ok
0.15374370756342948,0.5082402887061702,shorts_ok
0.16130945080124526,0.3420334652237764,shorts_ok
0.04848677726907698,0.09643157109371729,shorts_ok
0.29657901192162645,0.7878643174613371,shorts_ok
0.09890294404142737,0.16429554075402938,shorts_ok
0.14888764221308082,0.3200192661009866,shorts_ok
0.04754959573298855,0.051755258017144964,shorts_ok
0.4652280031106409,2.3532034313599994,shorts_ok
0.07662622237592842,0.09888410465791811,shorts_ok
0.028594339340923806,0.12333450236584739,shorts_ok
0.07041069559662255,0.47526468768064783,shorts_ok
0.038945072037867706,0.2756477153739185,shorts_ok
0.07509266277603815,0.1726570937009924,shorts_ok
0.0752434520125059,0.09544510360174066,shorts_ok
0.12407249510084783,0.2403170289303423,shorts_ok
0.062156090230332084,0.06914853897469017,shorts_ok
0.28798313541798665,1.181237730293011,shorts_ok
0.11417021158050819,0.2152580214278227,shorts_ok
0.034714543541874955,0.12294442504675286,shorts_ok
0.0813719968989337,0.11704997545087684,shorts_ok
0.07830370620250746,0.22252230761538347,shorts_ok
-0.026956415645123438,0.265313717334729,shorts_ok
0.0029959832015863455,0.2094000481183615,shorts_ok
-0.05227337276535192,0.32658176033347286,shorts_ok
-0.0634056899161248,0.4644479998041922,shorts_ok
1.1359670272919864,3.2292412140632933,shorts_ok
-0.03289621767830654,0.2730952114662221,shorts_ok
-1.1894196190676358,4.933151439001787,shorts_ok
0.260431132707726,0.7333919134119419,shorts_ok
0.07455834942048627,0.15645401294078037,shorts_ok
0.23437171820513286,0.5975911580712697,shorts_ok
0.0851177386275063,0.15086384209075143,shorts_ok
-0.5024437708793885,2.2283650267801502,shorts_ok
0.1190235621582499,0.2605326785299657,shorts_ok
0.13753674272883187,0.3776656689676154,shorts_ok
0.14423242633460695,0.33871868093952984,shorts_ok
0.16811656710169065,0.3449946755127237,shorts_ok
0.056201243825094345,0.0804148593817431,shorts_ok
0.09006636487165745,0.14422177502678946,shorts_ok
0.12610333868551812,0.23426636331423417,shorts_ok
0.8468183703937082,4.115475149721345,shorts_ok
0.07653522193866977,0.10022201406378578,shorts_ok
0.08531520573392351,0.18029885951648542,shorts_ok
0.07765815847597414,0.17984436734263073,shorts_ok
-0.006639456413716646,0.24143174005609472,shorts_ok
0.07502761644814561,0.15037024089760764,shorts_ok
0.05842868517381098,0.0810735214500908,shorts_ok
0.012078743269144834,0.7268027125638293,shorts_ok
-0.08815300338662177,0.471930404158384,shorts_ok
-0.06814449013676183,0.8076825399070263,shorts_ok
0.07863366839009354,0.11331741742041569,shorts_ok
0.09422413064719729,0.15181633121924618,shorts_ok
0.027835422632291086,0.0942100367228458,shorts_ok
0.024384372717569002,0.3669610659086923,shorts_ok
-0.07371201343995704,0.5319074827368258,shorts_ok
-0.2812117798868933,1.10158049819097,shorts_ok
0.06124788769871896,0.07732025970692892,shorts_ok
0.05296635027123159,0.08229151827359676,shorts_ok
0.05228089227540858,0.055811125419096476,shorts_ok
0.03212764419052139,0.1438563254716276,shorts_ok
0.07908136166051342,0.10955481925087138,shorts_ok
-0.017602698221780594,0.5505721606062843,shorts_ok
0.03742330507528713,0.14904954737833595,shorts_ok
0.05519253907157027,0.05844013106324169,shorts_ok
0.11690929331166042,0.20741163501775683,shorts_ok
0.07225857211722028,0.14070254895451614,shorts_ok
0.16498883399826156,0.35225951127769867,shorts_ok
-11.057926003207303,35.034723604951424,shorts_ok
-0.04585015130023029,0.6486508738044899,shorts_ok
-0.05304009497515502,0.4332540769799998,shorts_ok
0.26158708999453684,0.7109117530824565,shorts_ok
0.10354242112873308,0.17645797291404963,shorts_ok
0.11207144010088299,0.23864961123295958,shorts_ok
-0.19236009655222636,1.2863442152796567,shorts_ok
0.1046774733405071,0.16804371213578329,shorts_ok
0.013104822000555433,0.14777360212605778,shorts_ok
0.1379526599843666,0.2574452031188934,shorts_ok
0.10683367382715843,0.20017386982891786,shorts_ok
0.12130307690167473,0.2277305547912972,shorts_ok
0.7069336307747683,2.0390624611975046,shorts_ok
0.0327607441792645,0.08080486237336769,shorts_ok
0.04417862971654954,0.12362227668057994,shorts_ok
0.06149530750513006,0.10997187788460637,shorts_ok
0.09871574369585019,0.15091754697888912,shorts_ok
0.2700344613627686,0.7177218666644152,shorts_ok
0.06908484654312319,0.09317262794878897,shorts_ok
0.07238014347832039,0.1187878251678999,shorts_ok
-0.11742914284855807,0.7415769469343121,shorts_ok
0.07295658017328505,0.1000716334273397,shorts_ok
0.08099335752965303,0.10708203481481107,shorts_ok
0.06702040809310189,0.22698326717639017,shorts_ok
0.47923868346046394,1.9426790990599996,shorts_ok
0.5056258216610949,1.8536415081703885,shorts_ok
0.09784374374025812,0.15651702353352756,shorts_ok
0.08315957379196334,0.16679310531409847,shorts_ok
0.05671449305087769,0.09064362746030669,shorts_ok
0.07786729886614725,0.11827616484665021,shorts_ok
0.14734340018226655,0.2864064811765811,shorts_ok
0.11540232354930705,0.2685545788846522,shorts_ok
0.10818889982453249,0.3277437326719911,shorts_ok
-0.3681578605717273,1.615725753989172,shorts_ok
0.10669992255838769,0.18093489211448618,shorts_ok
0.017512748628535146,0.19673453794637272,shorts_ok
0.06917957856189408,0.1810419791024692,shorts_ok
0.47460824085431497,1.3418188793799812,shorts_ok
0.07184760517515426,0.08524815288612865,shorts_ok
0.05419538559828483,0.0503628467318426,shorts_ok
0.011837086256882505,0.1640871401516074,shorts_ok
0.09041132230764355,0.14010978419111778,shorts_ok
0.018135126284401316,0.11627554745601186,shorts_ok
0.17735719560249527,0.5115819813366079,shorts_ok
0.13279083966528388,0.24370075285737566,shorts_ok
0.06771983653815096,0.10356049573319394,shorts_ok
-0.03028839273252197,0.3506702167471741,shorts_ok
0.2585970949651869,0.8499302744998067,shorts_ok
0.2025885117186391,0.5184882988293226,shorts_ok
0.3022825394478637,0.7920187938386873,shorts_ok
0.08185630537109365,0.13459910073980383,shorts_ok
0.08707605848958386,0.17253121373312422,shorts_ok
-0.0105959802206428,0.22075392788272546,shorts_ok
0.06611524119853769,0.08864651204521405,shorts_ok
0.009087427831508142,0.18751495163998308,shorts_ok
0.08548022556179888,0.13928630882389623,shorts_ok
0.0582979586019917,0.08644089974919657,shorts_ok
0.08232777271737902,0.3028683468093781,shorts_ok
0.0529744742912205,0.0937925390271749,shorts_ok
0.05693549904838503,0.07613131676660476,shorts_ok
0.08559927651586371,0.13284919646410545,shorts_ok
0.04790913612890504,0.7176350579955433,shorts_ok
-0.08568204182322806,0.5550359536126844,shorts_ok
0.19509642272912558,0.5735831309271857,shorts_ok
0.09180607876699398,0.13204530654972008,shorts_ok
0.09124917301081592,0.16016377578628313,shorts_ok
0.09938889422332421,0.15529180482085445,shorts_ok
-0.05419665161785881,1.004151001173052,shorts_ok
0.15790185606403695,0.35658312622220983,shorts_ok
-0.06614763875902588,0.4256685660090116,shorts_ok
0.1629381064720949,0.4197880622763071,shorts_ok
-0.0016278153366451331,0.17648261907782578,shorts_ok
-0.041584327241817653,0.4037185109322434,shorts_ok
0.11248378979834435,0.23068020904926567,shorts_ok
0.06773060864267148,0.09434806402085352,shorts_ok
0.0798274735588694,0.27875806330263225,shorts_ok
0.04901043200315891,0.13169237084246704,shorts_ok
0.08361046654621335,0.14576627060627081,shorts_ok
0.0498885762956686,0.05644076925053848,shorts_ok
0.06688451771340316,0.17671308085484613,shorts_ok
0.10726250886029622,0.21299560243404062,shorts_ok
0.13503400755706307,1.0451986361068113,shorts_ok
0.07695193141336194,0.12848893833719732,shorts_ok
0.10757325383047917,0.22481810920108675,shorts_ok
0.11059345096180156,0.1966618575238684,shorts_ok
0.07191907282307519,0.2069010940082768,shorts_ok
0.09916993919344602,0.5023252019228598,shorts_ok
0.06502935074912225,0.07567843787170907,shorts_ok
0.08992357573823123,0.16820785874996866,shorts_ok
0.0785812337325987,0.1329721230628484,shorts_ok
0.005052471355540607,0.16476362845394957,shorts_ok
0.08101970860939203,0.11849729401885542,shorts_ok
-0.06898814264212223,0.40083653192436514,shorts_ok
-3.5132602264837764,10.525821797260583,shorts_ok
0.1007842727907651,0.15397255152043457,shorts_ok
0.10195792630346427,0.15561006613268275,shorts_ok
-0.47747646111948927,2.0942444590253393,shorts_ok
0.07467422798682205,0.08899022382948113,shorts_ok
-0.02889498785479691,0.4006453872456227,shorts_ok
0.060780772893671633,0.07652973004268765,shorts_ok
0.05735991518527739,0.6533065830191456,shorts_ok
0.08959080314759531,0.1385191848661542,shorts_ok
0.12629763560477944,1.0653900706804393,shorts_ok
-0.0813155439393786,0.4331687820655465,shorts_ok
0.09896671744312666,0.15448179324216832,shorts_ok
0.06051663240962591,0.11050881030877668,shorts_ok
0.1350314157787033,0.2556003343105272,shorts_ok
0.029378135862662573,0.09498497433098836,shorts_ok
-0.1251697265432663,0.6127573370206879,shorts_ok
0.08288529020198188,0.11583697243830146,shorts_ok
0.06488463656166939,0.1997677374274776,shorts_ok
0.04582178779665377,0.1451257468587273,shorts_ok
0.01367780821729129,0.25901354784752983,shorts_ok
0.13123762536796665,0.28221741968158504,shorts_ok
0.0585314828561069,0.2453460293059101,shorts_ok
-0.32265740961684636,1.1871868165795172,shorts_ok
0.02895870816081909,0.10593986508595843,shorts_ok
0.07146336365540837,0.39921350388332816,shorts_ok
0.08317596958823872,0.13264728840358644,shorts_ok
0.08593444833310905,0.12675847958063022,shorts_ok
0.057321664602411025,0.15175741321067251,shorts_ok
0.13332314899784933,0.24821316786996112,shorts_ok
0.09713530643928026,0.14783846014387822,shorts_ok
0.0012885955026154475,0.4327505639214228,shorts_ok
0.042417750582967234,0.09189002543529996,shorts_ok
0.1623354838787216,0.34563053226748164,shorts_ok
0.316047058559845,0.8470504776398483,shorts_ok
0.047587834499744616,0.08850566017965661,shorts_ok
-0.17236910838242292,1.6668834023449575,shorts_ok
0.040605109953654774,0.07557731595309916,shorts_ok
0.04814265999786263,0.06510024997565808,shorts_ok
1.5520833985797917,5.39035814388663,shorts_ok
0.283002493417132,0.7827725014178961,shorts_ok
-0.008075902682454422,0.18101205244248034,shorts_ok
0.06772505455468793,0.13838312178548348,shorts_ok
0.0977022109495977,0.6058300036969427,shorts_ok
0.11176243855208698,0.20122639145021542,shorts_ok
-0.45803853249582427,1.7416300270427547,shorts_ok
0.44573340790927785,1.8122084177723108,shorts_ok
0.03829498310059176,0.20128905613851142,shorts_ok
0.06371717526169539,0.08211129221814065,shorts_ok
0.06558674711503612,0.1856947093310898,shorts_ok
0.024199054045740395,0.10978625708095599,shorts_ok
0.09909702345583966,0.1774260848949773,shorts_ok
0.13543705076038198,0.25364914519389825,shorts_ok
0.1293169528484041,0.2781703760123868,shorts_ok
0.06320340232579363,0.12580521168137468,shorts_ok
0.22502214454341957,0.5662529605855017,shorts_ok
0.04769205667466933,0.09809563890248732,shorts_ok
0.10141435272574381,0.16720051867646882,shorts_ok
0.16860771346275527,0.6448128442768205,shorts_ok
0.06080809958136664,0.11831581800913003,shorts_ok
-0.017870055103101398,0.2858040844776553,shorts_ok
0.049324026641752734,0.1307615389777307,shorts_ok
0.02068723612445729,0.10936895658733586,shorts_ok
0.09201260780354747,0.16352997691285812,shorts_ok
0.09129843428189384,0.144846587460693,shorts_ok
0.11202705717042948,0.21639088204656443,shorts_ok
0.06491049645560251,0.12159617790533704,shorts_ok
0.4081199100572005,1.1635291240869934,shorts_ok
-0.23193344597985047,0.8399506144709177,shorts_ok
-0.017878327146508777,0.2200175056972492,shorts_ok
0.07885764111099014,0.16026089129355126,shorts_ok
0.014310072294287709,0.19679090639768743,shorts_ok
-0.2297793039398458,0.8422456869236016,shorts_ok
-0.052263985344864636,0.36022885712965264,shorts_ok
0.12017107203589857,0.26193703293968146,shorts_ok
0.0884919479922336,0.1644169695165148,shorts_ok
0.11704851177230165,0.2068975523652726,shorts_ok
0.08372356683032661,0.12972413700507565,shorts_ok
0.05367996740679552,0.11058008243706878,shorts_ok
0.08520836085817741,0.18526597371904216,shorts_ok
0.06254013159318131,0.33193314426518594,shorts_ok
0.061615106943962245,0.086284029760712,shorts_ok
0.12390310980927674,0.22256117603109896,shorts_ok
0.0696498919315437,0.10176783054714088,shorts_ok
0.09324577909178258,0.21407006714192459,shorts_ok
0.08794117668594784,0.18228651461096182,shorts_ok
0.0767662232277454,0.11307403209983807,shorts_ok
-7.4679667651461505,25.809605875813954,shorts_ok
0.19255005008182233,0.6893442074380373,shorts_ok
0.027116991418467375,0.2568145595620395,shorts_ok
0.08778013167251278,0.12172613821956098,shorts_ok
0.42836229669293097,1.9544974392695038,shorts_ok
0.14232379124997738,0.2767395994357556,shorts_ok
0.06708034511048044,0.09450317882405396,shorts_ok
0.07315156936054928,0.09260078812341406,shorts_ok
0.05092074634024053,0.11594889685032067,shorts_ok
0.3762377574821726,1.0751360132638283,shorts_ok
0.06880067620397513,0.32601541421302604,shorts_ok
-0.24494000300026328,1.1868238638801798,shorts_ok
0.13876317810620936,0.5520489158705397,shorts_ok
0.6903815530167114,2.2015961225784126,shorts_ok
0.06399109142464805,0.0787453944886872,shorts_ok
0.11752047345149712,0.44020718031927664,shorts_ok
0.4283901545367707,1.2153222766472624,shorts_ok
0.07790989055620683,0.11898660290449581,shorts_ok
0.01418453593294293,0.14624682748063905,shorts_ok
0.10993642310695369,0.22875773080329584,shorts_ok
0.11308928723026822,0.20884603514679442,shorts_ok
0.04707263442822831,0.16958911917652386,shorts_ok
0.057735577386625964,0.4167172565104783,shorts_ok
0.0666072502236384,0.1973084969155634,shorts_ok
0.04011303523515761,0.16435440347469735,shorts_ok
-0.16885462890933545,0.7106353591574466,shorts_ok
0.09281640276629481,0.1472373254705174,shorts_ok
0.09486967500578321,0.13966081163006566,shorts_ok
-0.2075500498459138,1.1644045216329126,shorts_ok
0.4325182798672238,1.1163652213219626,shorts_ok
0.16436342587513464,0.3884532060701401,shorts_ok
0.20507362580333588,0.5081519262451739,shorts_ok
0.08353325407344361,0.13094557614028132,shorts_ok
0.12287067148336278,0.21725084243862897,shorts_ok
0.056737049372348664,0.26349317036859665,shorts_ok
0.09602082289010266,0.14290210538616815,shorts_ok
0.18002086440892454,0.48636608413779386,shorts_ok
0.11620066886230872,0.23391418841285477,shorts_ok
0.09268748510797185,0.14953012814863256,shorts_ok
0.04282178371980395,0.06138027883080324,shorts_ok
0.19382740553907057,0.5139408952056808,shorts_ok
-0.012297871758471655,0.670461938222379,shorts_ok
0.10086224593278152,0.15704934582687885,shorts_ok
0.0796739126083988,0.10102048720991369,shorts_ok
0.04634628489047324,0.06578271877348546,shorts_ok
0.08266300610180122,0.14098050678530233,shorts_ok
0.06584886546262347,0.1361366674356867,shorts_ok
0.08317866093911737,0.13498431998706648,shorts_ok
0.03623666914283223,0.179022250939472,shorts_ok
-1.088039909542586,3.5021361407380547,shorts_ok
-0.22282399305277137,0.8914496432101784,shorts_ok
0.4369489076723073,1.3321002118639775,shorts_ok
0.06445107782388591,0.07011861901198331,shorts_ok
0.05506004785582831,0.11652529550220482,shorts_ok
0.07598433000044316,0.17230016764935893,shorts_ok
0.1104059319770305,0.253030225394185,shorts_ok
-0.09085228607660159,0.5264178267977083,shorts_ok
0.07817322260959547,0.11378182629204055,shorts_ok
0.10183498249296516,0.21110707107598978,shorts_ok
-0.1145965235100935,0.8434660075328557,shorts_ok
0.09176881143102758,0.1537050858538571,shorts_ok
0.10194742985625933,0.1659202090306515,shorts_ok
0.003013602260592947,0.18398739755896382,shorts_ok
0.04727415335117317,0.09702668450148148,shorts_ok
0.09190926861257634,0.18025862759220743,shorts_ok
0.15601271217023832,0.32906070998965153,shorts_ok
0.11103988786895602,0.2184767883719121,shorts_ok
0.09730142012128923,0.1533754097737983,shorts_ok
0.06265601399760046,0.0700299807647813,shorts_ok
0.2927057816418484,0.8392490126222879,shorts_ok
0.07911707434977176,0.09954673828141332,shorts_ok
0.10989012261677882,0.3156753559236688,shorts_ok
0.17435101042583162,2.0420470145894765,shorts_ok
0.5373202145101936,1.4755397559863617,shorts_ok
0.034504867583544596,0.6485160628852928,shorts_ok
0.07038176614960034,0.24010033402057798,shorts_ok
0.08575904341411707,0.12270090476922535,shorts_ok
0.15011663312818463,0.3226625283222775,shorts_ok
0.0992565772867436,0.15332558773723784,shorts_ok
0.11111822948083891,0.2181334472775225,shorts_ok
0.15300695599092867,0.46183088268117906,shorts_ok
0.10637902011315654,0.20202140736550206,shorts_ok
0.1068166591005716,0.18962551160187424,shorts_ok
0.08303443469058576,0.18106836205355747,shorts_ok
0.024122220025096418,0.0985502387889612,shorts_ok
0.07815870469037073,0.10496443980247183,shorts_ok
0.6585016030882196,1.9308077293076322,shorts_ok
0.03801009647655736,0.09511864268545206,shorts_ok
0.1171877923172075,0.4539296248059452,shorts_ok
0.0014384914292933787,0.16362217478692684,shorts_ok
0.10235866225826346,0.177089155324784,shorts_ok
0.0350677296582637,0.18264035027658734,shorts_ok
0.48399257210268143,2.473950680133403,shorts_ok
0.010807980969135749,0.23941587003107148,shorts_ok
-0.01341241993591405,0.2570973941567689,shorts_ok
0.0589593960023769,0.440533271706064,shorts_ok
-0.006702196882734948,0.19551285983542221,shorts_ok
0.038827179122402265,0.1891751375392877,shorts_ok
0.05086979590386297,0.05766250323077509,shorts_ok
0.014375536196718386,1.0833357630406601,shorts_ok
0.05809061873110508,0.10944593627327788,shorts_ok
0.14755356007292886,0.4660032936828648,shorts_ok
0.10540899453878465,0.1780446727696222,shorts_ok
-0.1886898067474555,1.5047315642340267,shorts_ok
0.06661623727080598,0.12308702609075475,shorts_ok
0.09502055782345988,0.14855591279965302,shorts_ok
0.05763913004144778,0.45118305634610545,shorts_ok
-0.02232360796204562,0.234822044852868,shorts_ok
0.055360723988406024,0.09694152921825289,shorts_ok
0.10907330823389715,0.25307796617369543,shorts_ok
-0.005678463952026133,0.19888324877863742,shorts_ok
0.054671644850855954,0.1563386069422758,shorts_ok
0.07238693832282626,0.09631796945615638,shorts_ok
0.25417302154844074,0.7218295182507078,shorts_ok
-0.21032946692658872,1.4401475756728424,shorts_ok
0.0474174634748159,0.12099868898872589,shorts_ok
0.13279477263694991,0.3700398234410563,shorts_ok
-0.0510969757414339,0.8528860588433343,shorts_ok
0.12990478938473046,0.2989792887579258,shorts_ok
0.09685898531627872,0.14954365435989947,shorts_ok
0.10214909219183518,0.16089966494598554,shorts_ok
0.0802531026094688,0.1870929511582226,shorts_ok
0.07019269271648672,0.23149193815198357,shorts_ok
0.10613322807096458,0.20627066649716094,shorts_ok
0.1234486683643861,0.2317940063670748,shorts_ok
0.0859695274056553,0.1807902660994491,shorts_ok
0.08315464556769732,0.1217854808598341,shorts_ok
0.11086002891530673,0.18651303040118253,shorts_ok
0.020161432330764006,0.40265342673018073,shorts_ok
-0.011563078741003804,0.2981692757181722,shorts_ok
0.08339838439390493,0.10919527694621792,shorts_ok
0.08372938056253643,0.10836518623350645,shorts_ok
0.05111109331406445,0.11960449517150587,shorts_ok
0.020037844431329603,0.11718505817836716,shorts_ok
0.0590481357649742,0.05910207719142135,shorts_ok
0.15269367131823197,0.3428492694912818,shorts_ok
0.06245038067115737,0.14398592703186697,shorts_ok
0.10360016825281834,0.17776002184933282,shorts_ok
0.08961985489987379,0.3817028071356672,shorts_ok
0.08048707300794326,0.14705833256432627,shorts_ok
0.014908746814787436,0.25721555302481774,shorts_ok
0.09889088443172088,0.17596541885277325,shorts_ok
0.05379476581299738,0.11886744251095505,shorts_ok
0.059494392331098434,0.08310904929007942,shorts_ok
0.12443043192520784,0.23328060647591223,shorts_ok
0.07339532088143208,0.14814165972267057,shorts_ok
-0.016332909945645555,0.2591460351757467,shorts_ok
0.21880934590118134,0.5507087952703953,shorts_ok
0.05648575598202102,0.16104210560830237,shorts_ok
0.705465670660558,2.293610923274576,shorts_ok
0.24925956388342208,0.6847831143752494,shorts_ok
0.11534554324641785,0.19333444026253407,shorts_ok
0.13786075314096385,0.3018721003930332,shorts_ok
0.10499123594576021,0.1964103134160028,shorts_ok
-0.017077931862857165,0.2388080480767928,shorts_ok
0.0764436566597632,0.11673565012090285,shorts_ok
-0.07675909728624444,0.5183111699075506,shorts_ok
0.06623539500743642,0.07772142441505091,shorts_ok
0.008728170311706397,0.5141870833043358,shorts_ok
0.08348597171521102,0.12046917334334928,shorts_ok
0.07558745121450453,0.11211276601232963,shorts_ok
0.16062867483990528,0.3400976166660754,shorts_ok
0.08041021894909046,0.17868987010017925,shorts_ok
0.10556726534465158,0.21347503675710894,shorts_ok
0.11295273716610914,0.21415341037118724,shorts_ok
-0.1461585429071221,0.9393488510692106,shorts_ok
-23.076886511493672,72.14345847249068,shorts_ok
0.45800898760060627,1.27851040612426,shorts_ok
-0.13074918519895207,1.0315418888736834,shorts_ok
0.11485081111308,0.23251032943902894,shorts_ok
0.0967976174604682,0.1825216367068146,shorts_ok
0.35731419117412666,0.9505297255144378,shorts_ok
0.5851861305545281,2.199897075265906,shorts_ok
-0.04512563076608454,0.5683053674048189,shorts_ok
0.09449809967560834,0.14976585709808288,shorts_ok
0.016788080932769817,0.13994108999026833,shorts_ok
0.05681139335241695,0.0811382274277471,shorts_ok
0.08932196234178377,1.202830428058803,shorts_ok
0.17257854805355316,0.39804771552552964,shorts_ok
0.04800468652696153,0.20971566371729397,shorts_ok
0.08176693399861353,0.1501766065761541,shorts_ok
0.08511148692910667,0.14556837222619406,shorts_ok
0.3900249315897808,1.0834051127783115,shorts_ok
0.0059057422379233115,0.314686260697916,shorts_ok
0.23816993901129546,0.7212315189486778,shorts_ok
0.021780043954908422,0.21449563078047998,shorts_ok
0.04009426998728196,0.16560137902746253,shorts_ok
0.023395164492372708,0.25223836384077397,shorts_ok
0.04735071015900474,0.12016214040203688,shorts_ok
0.1613812428799406,0.3318302082397629,shorts_ok
0.07760014768590359,0.1940937256419515,shorts_ok
0.10950504979031431,0.17821775553469468,shorts_ok
-0.05623282738216519,0.3378829385842671,shorts_ok
0.08688391387104896,0.12407176875451723,shorts_ok
0.23591625180862486,0.5996911807478319,shorts_ok
-0.8652702439587099,3.345439084480243,shorts_ok
0.5124481384942589,1.3774663468814738,shorts_ok
-0.024085165912127796,0.40366903752390604,shorts_ok
0.08419717044141309,0.16116843544487164,shorts_ok
0.06693554711109953,0.5049524428024457,shorts_ok
0.27066758568359417,0.962803487102685,shorts_ok
-0.18536275356554233,0.7185458610104168,shorts_ok
0.019926185812509337,0.15484978622178786,shorts_ok
0.10793119789496294,0.2752117769002504,shorts_ok
0.19139528257309912,0.6718800157892192,shorts_ok
0.10389261680931211,0.2675344768794705,shorts_ok
0.43285986362167556,1.1314584922056625,shorts_ok
0.1320218643371497,0.24617559121011467,shorts_ok
-0.2502138796969485,3.352313637196006,shorts_ok
0.11542675664682053,0.266256002162779,shorts_ok
0.14738015743048644,0.29143083016778115,shorts_ok
0.03165168616027666,0.1269468128501935,shorts_ok
0.08306572917568475,0.107056707476063,shorts_ok
0.06676494078435351,0.11205508794197022,shorts_ok
0.05273706440840913,0.06417044065261351,shorts_ok
-0.010071884258363972,0.2814769293884152,shorts_ok
0.0671460302634655,0.16269807594580823,shorts_ok
-0.045331251213388254,0.5848413879764811,shorts_ok
0.43451695219508,1.1758256018708826,shorts_ok
0.09722955487053342,0.1648497643466913,shorts_ok
-0.004377198630841239,0.20151255722979536,shorts_ok
-0.06144024067169179,0.3944630287188497,shorts_ok
0.036430994399310204,0.20882865060890632,shorts_ok
0.3607696648465002,1.5664682578826283,shorts_ok
-0.013724203890243664,0.4203320407565208,shorts_ok
0.0984017811883528,0.22329295543757594,shorts_ok
-0.7983704903110803,2.5143228926958017,shorts_ok
-0.3561459203175381,2.0993098259565737,shorts_ok
10.563415985489401,43.18153360795143,shorts_ok
-0.3833418190572779,1.279573466931727,shorts_ok
0.17403498748786994,1.0087944325817813,shorts_ok
0.057893543252233254,0.10662630837706351,shorts_ok
0.01641450795325579,0.19943688346678023,shorts_ok
0.06279042874276668,0.09415438087100649,shorts_ok
0.18198739847687403,0.44553098007964576,shorts_ok
0.02498133122292987,0.2855239822042448,shorts_ok
0.1321175538625155,0.42173413093448125,shorts_ok
0.14078368769992392,0.29114342594441966,shorts_ok
0.0760141620500968,0.10026917140982089,shorts_ok
-0.1279524967729538,0.6646115088780831,shorts_ok
0.1161211778164863,0.19719719114928846,shorts_ok
0.006762803433812636,0.1533500336594315,shorts_ok
-0.002355925577575267,0.18152494594320043,shorts_ok
0.011514028350090966,0.3060971309108086,shorts_ok
0.13882381630307267,0.2940613419385704,shorts_ok
-0.688695695053239,3.2681238866873277,shorts_ok
0.09075201462828696,0.14648496692472635,shorts_ok
0.15948259647412194,0.3482962573267375,shorts_ok
10.145719633778048,29.60065979974052,shorts_ok
-0.8960352725955724,4.702103102884614,shorts_ok
-0.06516721680891267,0.4656429290618155,shorts_ok
0.06580390746915236,0.0896576830895882,shorts_ok
0.09989334407930597,0.17611321133101096,shorts_ok
0.18799338401490212,0.41148208341167847,shorts_ok
0.06969780612893121,0.12661487992836257,shorts_ok
-0.03561848296554164,0.4472083672537584,shorts_ok
0.0894867576141392,0.1422548663244188,shorts_ok
0.18473339277205023,0.4696244481126316,shorts_ok
0.07214376517239554,0.10194294493144147,shorts_ok
0.0900498853136834,0.1351412181074832,shorts_ok
-0.009354145133235917,0.22965886801959462,shorts_ok
0.257747081597547,2.3162547475002917,shorts_ok
0.056226046486679004,0.2330608378333982,shorts_ok
0.09813200592092103,0.4145488807004758,shorts_ok
0.03527007116948906,0.08301864768354393,shorts_ok
0.0702378045406017,0.11596629405086867,shorts_ok
0.1184781202787443,0.22043458551864756,shorts_ok
0.087177220065792,0.24199472732476815,shorts_ok
0.05385202246392484,0.13079924978540736,shorts_ok
0.0657751648627453,0.10096828423473199,shorts_ok
0.026723447863777526,0.16315993578736446,shorts_ok
0.08967334113821968,0.1360933933314438,shorts_ok
0.11325824482324451,0.18702188953292773,shorts_ok
0.07767772756179447,0.12507980321557513,shorts_ok
0.0810105721095696,0.11491995547785247,shorts_ok
0.05802002523038869,0.11361631235118388,shorts_ok
0.07789435173355602,0.10877716726163679,shorts_ok
0.09465129269107292,0.15567727692565445,shorts_ok
0.05385747511437969,0.11526903556804469,shorts_ok
-0.025303161866272572,0.23904295352114205,shorts_ok
0.07114785655880167,0.13052779131819248,shorts_ok
0.07593635989804504,0.9733022593105881,shorts_ok
-0.08578985231444317,0.572443708127596,shorts_ok
0.17076174893345125,0.35794917322356323,shorts_ok
-0.07241411854416563,0.3680161850911027,shorts_ok
0.061988073334370175,0.12087598224325637,shorts_ok
0.07469815381792075,0.11064952528016882,shorts_ok
0.07581846088426156,0.11204216075375592,shorts_ok
0.5244356023355566,1.3840761206767749,shorts_ok
0.14266923470863907,0.3042755763202751,shorts_ok
0.13248685827006976,0.2786290594648974,shorts_ok
0.059613721224432745,0.10521749752188295,shorts_ok
0.11689910404569923,0.24058492377739624,shorts_ok
0.0729595348539878,0.13123446343377662,shorts_ok
0.03797127903255304,0.11860159871941454,shorts_ok
0.08985474156135585,0.14486498399123954,shorts_ok
0.13939721138006536,0.671577667469493,shorts_ok
0.13627011050148383,0.3164322157766406,shorts_ok
0.270137557131226,0.7432052006724332,shorts_ok
0.38511822632823434,0.9985041980299598,shorts_ok
0.07300616197645662,0.1025261673758269,shorts_ok
0.09420680933428532,0.14587338039701514,shorts_ok
0.05904476253044127,0.05284535461045851,shorts_ok
0.13876801496104554,0.2675071891245092,shorts_ok
-0.027546067819789834,0.3553544779143944,shorts_ok
0.036162403329525,0.07900857391299837,shorts_ok
0.03722968879780427,0.14758361142188497,shorts_ok
0.48963714410400205,2.423777804264542,shorts_ok
-0.06336640903988758,0.3495690639065346,shorts_ok
0.02036181606266349,0.10851701859841867,shorts_ok
0.09647017884582812,0.14242799887051136,shorts_ok
0.07859692303924753,0.11299610850761162,shorts_ok
0.05431494107483856,0.07852310000930558,shorts_ok
0.0450895164120821,0.15544275944086167,shorts_ok
0.0841170885350565,0.12698709740059325,shorts_ok
0.005499522299161522,0.28377336079375887,shorts_ok
0.07160542477957033,0.09558512961664772,shorts_ok
0.10269025411871625,0.1775830886211963,shorts_ok
0.141026698699152,0.41528883601479843,shorts_ok
0.03511066314179769,1.2701797538164643,shorts_ok
0.5487287664582348,2.6614767378551143,shorts_ok
0.07679879191849066,0.14716309114983034,shorts_ok
0.11693595721575903,0.2485885851432497,shorts_ok
0.09327007630815737,0.22546329659050565,shorts_ok
0.09359850534542245,0.2660369720029549,shorts_ok
0.07783380811666071,0.10835557102829088,shorts_ok
0.05335410006656999,0.2177497694120452,shorts_ok
0.08129066195071909,0.10655913849662595,shorts_ok
0.0893548658705666,0.13265118680018612,shorts_ok
1.4238013700353953,4.223774907230214,shorts_ok
0.0887514553307623,0.3398407901289874,shorts_ok
0.1525060311502257,0.42496231324245903,shorts_ok
-0.5091479252954301,11.486675186355857,shorts_ok
0.052015344420406166,0.11846925287929622,shorts_ok
0.20828573318641752,1.4896314475306665,shorts_ok
0.1690412972046446,0.5357147060043511,shorts_ok
0.07883446983572384,0.12127246717198796,shorts_ok
0.050176229683121194,0.09840671759131203,shorts_ok
0.11823897370030145,0.263767823992106,shorts_ok
-0.04379109688202934,0.30668917605337054,shorts_ok
0.0887093664391594,0.12484285773672922,shorts_ok
0.11953636734921703,0.24570350687056125,shorts_ok
0.02963102607577143,0.09416663016881055,shorts_ok
0.45142830663021566,1.522706810053995,shorts_ok
0.08997047749411766,0.15997532953798965,shorts_ok
0.11626736007317981,0.2037649931098532,shorts_ok
0.7194329262599597,2.0790740709768802,shorts_ok
0.12902134953030106,0.25281104184307773,shorts_ok
0.10838511222775661,0.23820083384788743,shorts_ok
0.02000812096652782,0.19030186873275157,shorts_ok
0.04296705781062794,0.08733311705667374,shorts_ok
0.07322803147757856,0.12969810658539765,shorts_ok
0.2051425293901301,0.4646891439590984,shorts_ok
0.055526317662414226,0.21037195405800727,shorts_ok
0.07573171088923425,0.10171781751366796,shorts_ok
0.09734128664103278,0.31107191066967615,shorts_ok
0.07012879882139425,0.14081985289929408,shorts_ok
0.06664334047644188,0.7641654527171493,shorts_ok
0.04054021158059059,0.10066484656049607,shorts_ok
0.12006387954799441,0.24206687766256932,shorts_ok
0.07015445445833363,0.105460168020816,shorts_ok
0.047493905719595775,0.13758561598224228,shorts_ok
0.056575534176844175,0.0959531499404381,shorts_ok
0.031222564042137763,0.309185194535498,shorts_ok
0.2633026456970795,0.700033946952495,shorts_ok
0.12996134969525197,0.2551131198864555,shorts_ok
0.08309982935391264,0.14803143642848338,shorts_ok
0.10215055642053751,0.1916519133630411,shorts_ok
-0.5615850009540642,5.233431490271122,shorts_ok
0.12582337207792302,0.22904176184953484,shorts_ok
0.02533029811175201,0.10941923181312599,shorts_ok
0.005653175240454313,0.17371256113861916,shorts_ok
-0.6920213108757194,2.232006233153922,shorts_ok
0.08836957828359009,0.15281056544939786,shorts_ok
0.08723321620883817,0.1782587064038204,shorts_ok
0.044279173681408705,0.07044249713962865,shorts_ok
0.04544969726910255,0.05401899235629056,shorts_ok
0.037518031997694185,0.14465031518363167,shorts_ok
0.08641105297313739,0.12106043549757331,shorts_ok
0.05267006626359677,0.06839092485598033,shorts_ok
-0.3104904073110128,1.1936609674110523,shorts_ok
0.07689715031333796,0.14927048864480205,shorts_ok
-1.3751545451554312,4.903609120910942,shorts_ok
0.2336127003932628,0.5732633704902544,shorts_ok
0.02752558119989875,0.13083008888107928,shorts_ok
0.13741777032954022,0.5111252926211112,shorts_ok
0.02220263130345039,0.1611440012358187,shorts_ok
-0.32414236782931044,1.1743624153329542,shorts_ok
0.06663038500385916,0.0705211854885339,shorts_ok
0.07332627515684004,0.12711107578329064,shorts_ok
0.017659131818774924,0.13999500789354957,shorts_ok
0.057209968858141697,0.09220339439057294,shorts_ok
0.1343961603119122,0.25733339863382343,shorts_ok
-0.04127053475443908,0.28955565084782164,shorts_ok
0.06098561290274825,0.13241704757427233,shorts_ok
0.10262674598689948,0.21881393229700208,shorts_ok
0.19889252952170813,0.4392809948782492,shorts_ok
0.08679323561592625,0.11366347918137562,shorts_ok
0.017399490170490535,0.16622493588920176,shorts_ok
0.07700676065652773,0.3673023417844846,shorts_ok
0.045008299100252905,0.3635699648791019,shorts_ok
0.10026587676743412,0.17310604591666856,shorts_ok
0.03110491584983855,0.1566208910854769,shorts_ok
0.25632932738216446,0.6982200201740495,shorts_ok
0.09240272309680267,0.1528483320388842,shorts_ok
0.03504547380831108,0.12360182644555306,shorts_ok
0.10052600300621402,0.15619155862199618,shorts_ok
0.343429167708576,0.965403427110785,shorts_ok
0.11767279538666792,0.24082074400571887,shorts_ok
0.039397632764950286,0.737722951027562,shorts_ok
0.07364040501132761,0.1393656488790457,shorts_ok
0.036057853752969715,0.07826121075852821,shorts_ok
0.0866293132430732,0.14891789056344124,shorts_ok
0.20086018213534448,0.7471105052132163,shorts_ok
0.09729823878344171,0.15749468707881908,shorts_ok
0.2107722035262578,0.5268238704566154,shorts_ok
0.059297250162036394,0.15744387399639584,shorts_ok
0.10073496159596643,0.17638014064817034,shorts_ok
0.11529329194143924,0.1992416953097567,shorts_ok
0.1120907583726913,0.22608824829810045,shorts_ok
0.1222717493726328,0.22227210646522308,shorts_ok
0.08070248738777713,0.13891287311475506,shorts_ok
0.08597086650568603,0.14358026471444044,shorts_ok
0.042726891470540464,0.10681436812605388,shorts_ok
0.06551585584809225,0.06675994457370789,shorts_ok
0.0662957728555919,0.07989336389169331,shorts_ok
0.0765827842511766,0.2223993589298566,shorts_ok
-0.0978883538954449,0.7503413883900809,shorts_ok
0.0586793791948749,0.0837325388244665,shorts_ok
0.12113358008040337,0.21914567832806184,shorts_ok
-0.15964888141559797,0.7590619365914045,shorts_ok
0.07150698309145963,0.12751120395364082,shorts_ok
0.05121761409075591,0.15800973722020834,shorts_ok
0.043584632877834734,0.11887837604831226,shorts_ok
0.09073174181514895,0.5635257897917306,shorts_ok
0.10002841827830376,0.15331604656541625,shorts_ok
0.15655964419502455,0.31785841885214683,shorts_ok
0.1914847398996837,0.42969683443670104,shorts_ok
0.18157996403053356,0.4361402812625369,shorts_ok
0.02471323794066058,0.19271820101364157,shorts_ok
0.08327232536477981,0.13319879843040858,shorts_ok
0.05703709526588071,0.06747986011696248,shorts_ok
0.1220957614301392,0.3060728876209461,shorts_ok
0.0920526766287571,0.1461942245206621,shorts_ok
0.03848897957167978,0.4351555359864736,shorts_ok
0.010065620294472988,0.47578367076946104,shorts_ok
-1.2834695900439383,4.460890870032825,shorts_ok
0.1875625224198428,0.5095805158229699,shorts_ok
0.07316286050493409,0.08868381713939306,shorts_ok
0.5334311466961821,1.8361714112740737,shorts_ok
0.0545973725899364,0.08735786156723957,shorts_ok
-0.09876185803148856,0.5049508560048374,shorts_ok
0.08959244369390881,0.14532821176312602,shorts_ok
0.0861981188323727,0.12416021974719398,shorts_ok
0.13728639084026614,0.2771179372391105,shorts_ok
0.07409341788422111,0.11229601631271663,shorts_ok
-0.010299127448605262,0.2169213527073611,shorts_ok
0.07359577595597204,0.09020684079573552,shorts_ok
0.08605663825920691,0.15706925290692786,shorts_ok
0.12532327669303872,0.34317182827307047,shorts_ok
0.2669511292395207,0.777890525423684,shorts_ok
0.023493078267395294,0.1635270930128877,shorts_ok
0.08161288030896766,0.6455311758326094,shorts_ok
0.09842286179233763,0.180692932441161,shorts_ok
-0.20745242707219608,0.8824376740949142,shorts_ok
0.10647203511698158,0.17907616841765986,shorts_ok
0.07924599413461769,0.21719576605313162,shorts_ok
0.037004358053548646,0.12253237345125383,shorts_ok
0.1573629197871445,0.3824041686204877,shorts_ok
-0.9660498579511388,3.909644660917789,shorts_ok
0.05240871425453371,0.1693346280434977,shorts_ok
-0.041858072994367765,0.6515331968425105,shorts_ok
0.13710697485576837,0.32433557329374857,shorts_ok
0.03274501835618431,0.17930335515363205,shorts_ok
0.16617452613144557,0.3783990882505828,shorts_ok
-0.052058871349213054,0.34737049458206704,shorts_ok
0.07919615286435931,0.10988777086068899,shorts_ok
-0.07457168219803946,0.3912133946157624,shorts_ok
-0.6248591197268969,2.190729305895332,shorts_ok
0.08687568824002787,0.13194113248171097,shorts_ok
0.0714772909162145,0.10751057185067935,shorts_ok
0.14541721332152507,0.35338775227620706,shorts_ok
-0.11255945382155735,0.4919621507421025,shorts_ok
0.11425798201438939,0.19950473430276786,shorts_ok
0.22192877203860126,0.5507224750955513,shorts_ok
0.05610539757883176,0.09515559599884764,shorts_ok
0.1551120782148355,0.32190492929678804,shorts_ok
0.0776915043355823,0.1277589687095578,shorts_ok
0.01632476461574424,0.12002431224337831,shorts_ok
0.060651077660989046,0.08464385914866283,shorts_ok
-0.12130390088029118,0.5693718630471915,shorts_ok
0.1306656863431503,0.2804001229715132,shorts_ok
0.10238298635941866,0.1756978878188604,shorts_ok
0.09304809141707734,0.1637954032710411,shorts_ok
0.2154425841675483,0.5109699642936111,shorts_ok
0.03676034953291271,0.0891195711971657,shorts_ok
0.32493294941082407,1.0171328682081664,shorts_ok
0.07470088961383396,0.5839532784919715,shorts_ok
0.07205194770218774,0.16337147891148543,shorts_ok
-0.022762379863475235,0.26471795738681003,shorts_ok
0.16377086939526198,0.3402188148035425,shorts_ok
-0.735630088153543,2.4893672202581683,shorts_ok
0.09173740513468631,0.13728061876715797,shorts_ok
-0.005218726732971801,1.1263428033949445,shorts_ok
0.0041028949383787525,0.15773431715195185,shorts_ok
0.05816332071673012,0.26844060775001305,shorts_ok
0.2074681668484131,0.5693237868076695,shorts_ok
0.0933895090570516,0.16288718226723398,shorts_ok
0.23836626485721868,0.590558501552841,shorts_ok
0.27074248833586606,0.7041148234197574,shorts_ok
0.16593294314713314,0.4072429555354139,shorts_ok
0.10983922107350913,0.3248820903032925,shorts_ok
0.05773892431353611,0.10180999951282123,shorts_ok
0.043336190410588046,0.0549853082356439,shorts_ok
-0.09645777486575605,0.48984495901302544,shorts_ok
0.09216312445935518,0.17703312907327953,shorts_ok
0.09188585535762178,0.2770336867607145,shorts_ok
0.10616186026675517,0.205782521359987,shorts_ok
0.0694470962442841,0.07040783444333865,shorts_ok
0.05128262350854311,0.048179298313583155,shorts_ok
0.047211313176518756,0.1733883738140984,shorts_ok
0.03513983844902736,0.19874924781647194,shorts_ok
0.06862325990488234,0.09001051050047303,shorts_ok
0.025612323335048866,0.10355799347888246,shorts_ok
0.0383300599950207,0.12007384806374562,shorts_ok
0.08075480089467721,0.12634628023857536,shorts_ok
0.09083083202626697,0.13609255079955326,shorts_ok
0.04667397484097952,0.08144132495005726,shorts_ok
0.23085407256423846,0.8368641292623931,shorts_ok
-0.13692755909021498,0.5666086266974848,shorts_ok
0.0713923521149669,0.15287787408391182,shorts_ok
-0.19318056478602277,0.7848449968775499,shorts_ok
-0.36017310745277764,1.2817578310904827,shorts_ok
0.08460212069759854,0.20446759851573051,shorts_ok
0.07086144116149043,0.0993823739443498,shorts_ok
0.10337901036368857,0.24996432946713973,shorts_ok
0.1113186182660497,0.2813541111704549,shorts_ok
0.07464734945666086,0.08888049897071046,shorts_ok
0.16519904763442672,0.5125698747888877,shorts_ok
0.07427749498528599,0.10956118483823961,shorts_ok
0.07727853236684039,0.1356159833455978,shorts_ok
-0.16380870127274813,1.3301599508036284,shorts_ok
0.05832614980510487,0.11726801091260411,shorts_ok
0.13649084398865244,0.31973208051608243,shorts_ok
0.055683968725087615,0.08266748395288483,shorts_ok
0.008736326625759412,0.272103562761844,shorts_ok
0.09516203774050874,0.1616823375034022,shorts_ok
-0.07061816117413164,0.42022517549738747,shorts_ok
0.116595258663646,0.4073757842394552,shorts_ok
0.08762660606682814,0.15617262667859705,shorts_ok
0.1181288858366065,0.2086903467027361,shorts_ok
0.10954107134542153,0.23401244520799058,shorts_ok
0.08829390127171519,0.1378016667989138,shorts_ok
0.105528189339266,0.21823657440844024,shorts_ok
0.052923651710520415,0.24113030690033635,shorts_ok
-0.032397069747002516,0.273309751207515,shorts_ok
0.10053965260570466,0.15522397222966255,shorts_ok
-0.08727116235795121,0.40947070974192457,shorts_ok
0.026954882700029593,0.09889993991353205,shorts_ok
-0.014645295681620846,0.22221403696066425,shorts_ok
0.04445236251349536,0.0682060564263206,shorts_ok
0.42172127859304404,1.622964574055921,shorts_ok
5.280313908097625,165.50851427653794,shorts_ok
0.0854651666560101,0.11585410798983133,shorts_ok
0.37034637797344183,0.9439606307514987,shorts_ok
0.045403698134480905,0.08987371213352849,shorts_ok
0.10516011274353852,0.2865507583916671,shorts_ok
0.1064841863601852,0.17258965794323458,shorts_ok
0.04352426267628262,0.11848039737142171,shorts_ok
0.06458014247680734,0.06477672548437759,shorts_ok
0.11681766385762862,0.5040400344439995,shorts_ok
0.1604896211449141,0.3998489126682534,shorts_ok
0.0697061420128284,0.10262518156604826,shorts_ok
0.05042013712435375,0.1564805674991569,shorts_ok
0.16009231184244857,0.34354871520691493,shorts_ok
0.07641081923768503,0.12805773849877067,shorts_ok
0.10227360013097408,0.24287858676999036,shorts_ok
0.037556000976576714,0.4777033417939451,shorts_ok
-1.2343650111609559,4.120922581048437,shorts_ok
0.0935254808111277,0.48464688911440607,shorts_ok
0.06890648949779532,0.08264339680189707,shorts_ok
1.1655758624088786,3.5734195571993737,shorts_ok
0.10124117097753793,0.1526365973662484,shorts_ok
0.10319873645351343,0.17114131470878508,shorts_ok
0.07849234707251516,0.10606222922662646,shorts_ok
0.12845766568324574,0.23108285002529919,shorts_ok
0.07765069826368601,0.09298094987770321,shorts_ok
0.05642474089524301,0.07448072642157554,shorts_ok
0.042923437753889016,0.148299733762434,shorts_ok
0.026361693777659047,0.08763520717445658,shorts_ok
-0.003964487774006598,0.1726934739764927,shorts_ok
0.1697896062941638,0.5140892375132629,shorts_ok
0.15489840289520118,0.3673151256946812,shorts_ok
0.1694304266687553,0.4132733440870655,shorts_ok
0.14188280290023994,0.29047864037705545,shorts_ok
0.09183781542963665,0.15241765809777572,shorts_ok
-1.6030419142011265,4.860425765408493,shorts_ok
0.10129153868477445,0.16599223479569877,shorts_ok
0.06933666696806182,0.1450394593377143,shorts_ok
0.1118011795489398,0.1875844170330295,shorts_ok
0.10897139781791153,0.21411574015963777,shorts_ok
0.04278202066652483,0.5599409089988454,shorts_ok
0.058678571236341154,0.06628146852846929,shorts_ok
0.07352287170308337,0.10996821564885154,shorts_ok
0.2896696060453282,0.9023739803412415,shorts_ok
0.06407693509780198,0.0878156648124538,shorts_ok
0.13772816089638876,0.401532522904934,shorts_ok
0.039768136421747036,0.0935221800455689,shorts_ok
0.06576604186469914,0.33215277586752434,shorts_ok
0.13570986233634952,0.2804773411085202,shorts_ok
-1.6102824936599658,4.871071692647247,shorts_ok
0.08373033492788322,0.12624693456515435,shorts_ok
0.04369241409629081,0.06861027940848145,shorts_ok
0.3856131713427585,1.2595930269345912,shorts_ok
0.09813156596037285,0.15425886392624724,shorts_ok
0.03512657316951535,0.09400202889041545,shorts_ok
0.23976370245445516,0.6059725884190827,shorts_ok
0.04862484219122781,0.06270749563422275,shorts_ok
-0.004462736595400266,0.18149545466297748,shorts_ok
0.08532837276340989,0.12017832292671445,shorts_ok
0.13363605120097355,0.38222702004632836,shorts_ok
0.0696427772056997,0.15506882334607416,shorts_ok
0.08344676881404986,0.12925368998520692,shorts_ok
0.09849219127810369,0.14921259316247842,shorts_ok
0.051548054790695054,0.17267607231676094,shorts_ok
0.07369658377496432,0.08352016388271119,shorts_ok
0.0577527198260181,0.3376119782536367,shorts_ok
0.03808802416031756,0.14204828168593842,shorts_ok
0.061898236675960575,0.12235790292985864,shorts_ok
0.14098825030354356,0.41375507489090874,shorts_ok
0.09129100319468483,0.12935536958004706,shorts_ok
0.05420657017081954,0.07087762232586822,shorts_ok
-0.1487468995022821,1.0781857604465879,shorts_ok
0.12731800033685226,0.2803808589826132,shorts_ok
0.1113939020621095,0.24506425162118944,shorts_ok
0.05935385635104522,0.07499261038771836,shorts_ok
7.7998522584529555,28.918231956458346,shorts_ok
0.07067655819777044,0.1441670829659828,shorts_ok
0.0341103543270596,0.23611289185051756,shorts_ok
-0.0381082545688608,0.37320368875151505,shorts_ok
0.09942426180224184,0.20145406506514776,shorts_ok
0.09550696513235299,0.41409746166630423,shorts_ok
0.10778876856328445,0.18888446246191873,shorts_ok
0.1450358881885983,0.36787707186689933,shorts_ok
0.0410342402962314,0.13187226948725925,shorts_ok
0.060883688835437405,0.06228365208258434,shorts_ok
0.06780462614495363,0.11608242385134745,shorts_ok
0.059822637029365675,0.13053848356462175,shorts_ok
-0.2850641612790863,2.229236607616115,shorts_ok
0.03031863238424226,1.3809357696330617,shorts_ok
0.11780837688771455,0.24457738687458166,shorts_ok
0.05161036725508153,0.09943160595295487,shorts_ok
0.006645390578287905,0.1760640558468655,shorts_ok
0.05228389888403619,0.05795809129668848,shorts_ok
0.2014174746849991,0.4907206254237019,shorts_ok
0.09004957420378433,0.16306393873992764,shorts_ok
0.08546408593344494,0.14551784558066289,shorts_ok
-0.8405518845487354,7.0008542475418825,shorts_ok
0.08287956399163154,0.20323551257123626,shorts_ok
0.08323904869489528,0.16029499458070806,shorts_ok
0.07544589667640061,0.16539462390463838,shorts_ok
0.16295703312593257,0.3574826994237296,shorts_ok
0.2266070994448006,0.5270098567981433,shorts_ok
0.09852397936437693,0.16211743327126807,shorts_ok
0.06561279766327732,0.11939727479561094,shorts_ok
0.13039673957922218,0.32762819937936816,shorts_ok
0.07600687945595698,0.11322965393152415,shorts_ok
0.058352127576217716,0.06590164008789748,shorts_ok
-0.017419665847715676,0.2683023151196803,shorts_ok
0.06054497679182086,0.12669157574705922,shorts_ok
0.03957188041903576,0.1781844433530271,shorts_ok
0.12558013820082817,0.22376869361025709,shorts_ok
0.07905270370088621,0.10122989965740395,shorts_ok
0.07748460518646715,0.10376031744036025,shorts_ok
0.2929245151358962,0.7990177277172804,shorts_ok
0.05938390390921709,0.05326537698377188,shorts_ok
0.1360649355683433,0.3408571406107744,shorts_ok
0.07502699663208956,0.17489282530006883,shorts_ok
-0.05029435432747638,0.3856845448907828,shorts_ok
-0.016624244591105966,0.22403791047602567,shorts_ok
0.1260896469438231,0.24562685597081066,shorts_ok
0.06474835428827923,0.15309884096380455,shorts_ok
0.14562802513954737,0.32091853595360625,shorts_ok
0.09355568085208871,0.14279228718156478,shorts_ok
0.07056633530089765,0.07598935150921993,shorts_ok
-0.04845074073372331,0.3052115460468045,shorts_ok
0.068010176482051,0.15034300457328553,shorts_ok
0.11460907403307374,0.20634405448256582,shorts_ok
-0.14726912666089947,1.8050349878455125,shorts_ok
-0.041133384585855415,0.2993218965028482,shorts_ok
0.08307462366555701,0.16586679232739915,shorts_ok
0.085697347442485,0.11872681221366878,shorts_ok
-0.009637631290946108,0.33603767913846755,shorts_ok
0.1498868477983289,0.33353865752417583,shorts_ok
0.03816059189287297,0.08387999418757922,shorts_ok
0.011779161624269181,0.6138652690217058,shorts_ok
-0.04103388117909762,0.311756989650683,shorts_ok
0.1086481946572207,0.4803205120706916,shorts_ok
0.2569202840177602,0.7992514052522346,shorts_ok
-0.02445742124678603,0.24878240605148233,shorts_ok
0.0702069372100698,0.15689811549537364,shorts_ok
0.5948763625558876,2.6265591567831046,shorts_ok
0.02206438227937449,0.3126928257189492,shorts_ok
0.06529569405020007,0.09193239525914795,shorts_ok
-0.01828045476979511,0.2785626408877452,shorts_ok
0.06393372494824512,0.07541646481404683,shorts_ok
0.08512130681564115,0.17342349949372016,shorts_ok
0.0920144995431102,0.2029012571815421,shorts_ok
0.022119418697269175,0.20370066035434153,shorts_ok
0.2241044862618056,0.5635845500458279,shorts_ok
0.07884445135315893,0.09273534636472218,shorts_ok
-0.05131778349939767,1.1022607578822476,shorts_ok
0.2000821452018953,0.4367439819886569,shorts_ok
0.11123586538403943,0.2019691503118059,shorts_ok
0.135977341168443,0.34227466658730193,shorts_ok
0.017713014794766474,0.15223094829174355,shorts_ok
0.05270785668119325,0.17370047702521085,shorts_ok
0.08296499283100395,0.14809562149173142,shorts_ok
0.045890879471691,0.14359469030247363,shorts_ok
0.07469473621208247,0.08995338202330093,shorts_ok
-0.1343701669873852,0.548215657289907,shorts_ok
0.08429680663546325,0.12225204717655949,shorts_ok
0.05096673458386962,0.06489533592814159,shorts_ok
0.05426017493113317,0.11831257296729308,shorts_ok
0.12793299674696143,0.3836795767503112,shorts_ok
0.024284112953909538,0.15172539384581746,shorts_ok
-0.15456230480075234,1.1764803090214764,shorts_ok
0.02418455943828609,0.13975450662302086,shorts_ok
0.06290032706842473,0.13099560626503004,shorts_ok
0.10057591263886485,0.17362473643661294,shorts_ok
0.14827655106651896,0.41400339409269904,shorts_ok
0.055656544686538814,0.13140083744207326,shorts_ok
0.02023966789014374,0.17071654591088964,shorts_ok
0.3291108559038757,1.0922870001992495,shorts_ok
0.026113836613055913,0.25815532929543783,shorts_ok
0.12332523041434507,0.3286621537571796,shorts_ok
0.28662428054653705,0.7648000862536216,shorts_ok
0.06680298334294672,0.09522830008078671,shorts_ok
0.09009716597430767,0.17111000004749874,shorts_ok
0.22820476223644248,0.5295920371094188,shorts_ok
0.1996294943115566,1.2709871246312316,shorts_ok
0.09891001272316931,0.17565641501600537,shorts_ok
0.10076361552159113,0.1885203693809742,shorts_ok
-2.0422317375024206,7.911046994439914,shorts_ok
0.18230321979811964,0.6625930137454318,shorts_ok
0.0166056798321269,0.13735258293494854,shorts_ok
0.07251610266815497,0.10828541761145234,shorts_ok
0.10511523671061644,0.22585523405340827,shorts_ok
0.13802645787039255,0.2757108316830339,shorts_ok
0.0581999098155276,0.09084802582528041,shorts_ok
0.047040983855586666,0.060946571959389094,shorts_ok
0.13247951339874475,0.28267919600251173,shorts_ok
-0.16733169115336988,0.7463965802633045,shorts_ok
-0.1911143167294342,1.0153391441465869,shorts_ok
0.04853408237681327,0.14685592492700783,shorts_ok
0.6806709959981191,2.4851596239203437,shorts_ok
0.21312362822369477,0.5238057497644705,shorts_ok
0.012678881319046176,0.24072388479414752,shorts_ok
-0.003102968237122833,0.22637556823284485,shorts_ok
0.0870656296042636,0.23449809004604766,shorts_ok
-0.050957869178711326,0.9044373740312631,shorts_ok
0.030135472291804574,0.10297266549663114,shorts_ok
-0.5137039415724325,1.6637386946449284,shorts_ok
0.12972777340813307,0.29082745274687677,shorts_ok
-0.0039260674867570705,0.2274579327419747,shorts_ok
0.08948804255386605,0.13923690793391638,shorts_ok
0.2291250910347219,0.8185793664869487,shorts_ok
0.032525748962670964,0.13542228411597235,shorts_ok
0.06110573992062902,0.057540585104114854,shorts_ok
0.0663841561400243,0.082379734643221,shorts_ok
5.040736742154997,40.77942438327434,shorts_ok
0.3900866029732388,1.0698658536795702,shorts_ok
-0.06067103358815293,0.49577684385760534,shorts_ok
0.16100961314561277,0.37695924306935,shorts_ok
-0.09497054410090261,0.5730191981921545,shorts_ok
1.2043579458944786,4.060058130492877,shorts_ok
0.06680991949331455,0.08480295688628978,shorts_ok
0.07133663073711992,0.13165754229464155,shorts_ok
0.1643380911578768,0.49174041227762666,shorts_ok
0.29165595217261364,1.204131824351049,shorts_ok
0.043541412648584465,0.1041058321165865,shorts_ok
0.08882884900993193,0.1256884946243636,shorts_ok
0.10729583277106139,0.22582990575806744,shorts_ok
0.015041492039807702,0.1551523914339265,shorts_ok
0.15960793530361994,0.3942843916149476,shorts_ok
0.09929087379440725,0.16228511678542987,shorts_ok
0.09877531093916092,0.1741800131430813,shorts_ok
-0.022398403812667896,0.2977168970272185,shorts_ok
0.26231262135222416,0.6460642376881952,shorts_ok
-0.6347177403169675,2.6669338642994447,shorts_ok
0.016805168150096597,0.13546248181973408,shorts_ok
0.1674058690429516,1.1227697821663716,shorts_ok
0.1262561346200075,1.6100022200279216,shorts_ok
0.12843340191494906,0.2747782505475326,shorts_ok
-0.2874376530561999,1.190951958152064,shorts_ok
0.027169834322004205,0.18483178318738328,shorts_ok
0.21282517370428744,0.5299292592697036,shorts_ok
0.25159146673973165,1.0347600848501501,shorts_ok
-0.09521444225698115,1.2592435933029065,shorts_ok
0.12911237408867837,0.24330416748114894,shorts_ok
0.2517311135106851,0.6890303711365112,shorts_ok
0.07176848296473623,0.0768689352535032,shorts_ok
0.060415548216925845,0.054329235506715895,shorts_ok
-0.030825987966598925,0.2743173107177383,shorts_ok
0.1614945302355207,0.3600552518108371,shorts_ok
-0.06749799291454019,0.43006156351216923,shorts_ok
0.4246458688521803,1.3027265571778266,shorts_ok
0.07439135581341627,0.13078216804051196,shorts_ok
0.10574163772518819,0.19888983219937365,shorts_ok
0.037350063501465164,0.17698835204448296,shorts_ok
0.12029937145916605,0.21546933582734662,shorts_ok
0.0674338207975511,0.16168631196672412,shorts_ok
0.044116303562553666,0.12411252972857366,shorts_ok
0.027423877466747425,0.17897858152207008,shorts_ok
0.14473425377241528,0.5851505521602655,shorts_ok
0.050691230979247937,0.7357434603924677,shorts_ok
0.06833737985324943,0.08417587105837325,shorts_ok
0.11180373565711618,0.3543543754105118,shorts_ok
0.07821086848592573,0.0921560659429298,shorts_ok
0.023595858452220172,0.13529296974010888,shorts_ok
-0.09650478795504366,0.7817427731744264,shorts_ok
0.0334700250109045,0.07944767436842178,shorts_ok
0.14510423480434978,0.3206035232681819,shorts_ok
0.07841242637268253,0.11752113027360343,shorts_ok
0.045965525407422485,0.06063417827630381,shorts_ok
0.11178279533304603,0.2153937023852227,shorts_ok
0.031316927606601486,0.11100038504865269,shorts_ok
0.2405741607076729,0.8755603216968659,shorts_ok
0.05380874588693277,0.08134006833465277,shorts_ok
0.07464784472200037,0.13476515466798936,shorts_ok
0.05648335766978903,0.05768383827984916,shorts_ok
0.08715550214448584,0.13800482072285009,shorts_ok
0.0641724626745139,0.08087643961892362,shorts_ok
0.11356215712133447,0.3475804583078613,shorts_ok
0.012382451039116005,0.12432779430561466,shorts_ok
1.1260229622303912,3.8918555004764017,shorts_ok
0.14145704044258256,0.323543531132994,shorts_ok
0.049113166986933667,0.2877414538468356,shorts_ok
0.062427360507167406,0.0755509254060269,shorts_ok
0.08091397437819955,0.12704770635845497,shorts_ok
-0.008950261471373289,0.3055955784499664,shorts_ok
0.07172901796030348,0.07891860205700549,shorts_ok
0.07807651148185765,0.10985045735755591,shorts_ok
0.03213373986230809,0.24830739173241798,shorts_ok
0.09122381277296009,0.14641703643427603,shorts_ok
0.16417521728620804,0.4429109859596368,shorts_ok
0.1601713410148754,0.437045002190586,shorts_ok
0.059668783121757184,0.21382298935068453,shorts_ok
0.009512987328742265,0.3386864137402834,shorts_ok
-0.05315974595457273,0.6789484154122849,shorts_ok
0.0016080813632428775,0.16444106948949222,shorts_ok
0.04992316783959805,0.1454016282540575,shorts_ok
0.10444054881193927,0.20460750395259097,shorts_ok
0.09691794411495279,0.16698555569634826,shorts_ok
0.041250711672306255,0.06601926002129165,shorts_ok
0.0033819557037205947,0.23689138255883058,shorts_ok
0.09937217365064085,0.20367245464624148,shorts_ok
-0.4560193386060453,2.1939514798648787,shorts_ok
-0.17984864418758637,0.6911026794829008,shorts_ok
0.0012607201361977084,0.5408157821105803,shorts_ok
3.1065358832055474,29.99010285869147,shorts_ok
0.08936723639738706,0.12720567762837814,shorts_ok
0.2499548072681138,0.668395001130276,shorts_ok
0.2065267863229054,0.48663626762622825,shorts_ok
0.05003443800035581,0.09567687823265676,shorts_ok
0.19383407841202005,0.45601364528336574,shorts_ok
0.06047714600848314,0.09844745657347138,shorts_ok
0.06645602340341947,0.08521434682864042,shorts_ok
0.059008078695615765,0.10477832405203641,shorts_ok
0.09622163941020652,0.1392118557205167,shorts_ok
0.07435001148848602,0.13952543023881817,shorts_ok
0.3723468582350602,1.294179225122566,shorts_ok
0.12287651505951741,0.2586344206860818,shorts_ok
0.072844678368247,0.08420373379341457,shorts_ok
0.19629427403316044,0.4683684898351281,shorts_ok
0.08332843516128727,0.1222461296303231,shorts_ok
0.07149323172104693,0.10053883834385154,shorts_ok
0.06518418493724384,0.08941624131793481,shorts_ok
0.045708670883743495,0.1653108256287436,shorts_ok
0.0939917410544922,0.1335861199844585,shorts_ok
0.07432249218593909,0.11157391428144607,shorts_ok
0.06730975368386549,0.0913436875491088,shorts_ok
0.08923510930558803,0.1468409747423922,shorts_ok
0.05300573945047868,0.5760108973185932,shorts_ok
0.10597253852291355,0.2180709355051123,shorts_ok
0.04124938873190633,0.07379490411795768,shorts_ok
0.09431712148455651,0.1517435192214183,shorts_ok
0.037453938077503524,0.09621076604114198,shorts_ok
0.02660108853481479,0.16638598148938477,shorts_ok
-0.4748989557404022,1.7753208617804184,shorts_ok
0.056978867559932006,0.21677460809794247,shorts_ok
0.1363832108618753,0.35090311574551036,shorts_ok
0.08730445613448937,0.1345371792366643,shorts_ok
0.09201493356511153,0.12966913124759397,shorts_ok
-0.003079524975237738,0.21649188388363505,shorts_ok
0.09866912158318522,0.20037874909781647,shorts_ok
0.05519614054344339,0.07876621923761604,shorts_ok
0.09977771025673418,0.22938650068335445,shorts_ok
0.09325016153228166,0.13763534724213838,shorts_ok
0.158546263817667,0.5531554476205899,shorts_ok
0.11333024290083586,0.2096679111259761,shorts_ok
0.06948350211521648,0.10970674601292345,shorts_ok
0.2311230185565405,0.5315825884206762,shorts_ok
0.04638365686857933,0.0960976060501554,shorts_ok
0.00769965940590886,0.14781286134746202,shorts_ok
0.2547195751378059,0.6201300050564698,shorts_ok
0.07290093613671209,0.10273246193218781,shorts_ok
0.11799827804863086,0.22754504539316434,shorts_ok
0.09345883523436138,0.15813249206422178,shorts_ok
-0.2507940756267647,1.0155807831393038,shorts_ok
0.1583538085010785,0.35631829926808095,shorts_ok
0.06667390346762508,0.07316531777481529,shorts_ok
0.21907371313039098,0.5822267905699023,shorts_ok
0.10872153146474264,0.2396558876148426,shorts_ok
0.10877094786062315,0.44166226702736516,shorts_ok
0.08469725451131517,0.10842089320524424,shorts_ok
-0.5241485333516174,7.03232658966626,shorts_ok
0.13040659323388287,0.2768082638583363,shorts_ok
-1.9544382259575535,5.977680653622215,shorts_ok
0.05597229630404216,0.07355567861978256,shorts_ok
0.13769309786709172,0.3018659536203003,shorts_ok
0.0913741913352055,0.14001434586308578,shorts_ok
0.08590291250110052,0.1425802138026079,shorts_ok
0.09127920994768124,0.2090922914949512,shorts_ok
-0.6505480643629078,3.216002594564905,shorts_ok
0.09779135237489207,0.16922848912250993,shorts_ok
0.004700722486589516,0.18221894088890064,shorts_ok
0.06655940913771076,0.0869242784080346,shorts_ok
0.18421487684359752,0.4051057953621315,shorts_ok
-0.12564404247274535,0.5566063179071317,shorts_ok
0.06901081439258804,0.09911939491825224,shorts_ok
0.1591427325520736,0.328578235369523,shorts_ok
0.1241905281502593,0.24294867399320552,shorts_ok
0.07366231042158311,0.19977702213823292,shorts_ok
0.026200479466333644,0.26266841663894375,shorts_ok
0.11406199396113764,0.25759082871673844,shorts_ok
0.02741165361048252,0.6088411960005728,shorts_ok
-0.3673513625290498,1.2365362169465555,shorts_ok
0.10683218476576209,0.16825080844468782,shorts_ok
0.12391320683181586,0.5025674677645073,shorts_ok
0.06880167638182035,0.11082032060524184,shorts_ok
0.17452392510618756,0.400597835300086,shorts_ok
0.056905042595050054,0.06133593735269158,shorts_ok
0.05185545465022674,0.06412067721354016,shorts_ok
0.08896784215727312,0.13881649209435776,shorts_ok
0.030093956119024864,0.09843967584873607,shorts_ok
0.03840204974591942,0.09018037389179101,shorts_ok
0.11420529846004038,0.20548963652319718,shorts_ok
0.040653560597581434,0.0827040923009341,shorts_ok
0.047264047848537674,0.08551958870010351,shorts_ok
0.1491929441778886,0.3008162907879849,shorts_ok
0.07247813456539523,0.0771097507656182,shorts_ok
0.06187604232015802,0.07847561216126435,shorts_ok
-0.01631025080223883,0.21331518373933175,shorts_ok
0.0963066410276107,0.2185259468791716,shorts_ok
0.1309724611252289,0.2480155793349144,shorts_ok
0.04281108729933428,0.12403400979569384,shorts_ok
0.08463962857491047,0.18147862222645902,shorts_ok
0.07912810792977307,0.12219119359648466,shorts_ok
-0.03421654111865435,0.4059340091774403,shorts_ok
0.05534627514340787,0.06557334176671355,shorts_ok
0.006469695098990069,0.3197042713392842,shorts_ok
0.1243827258896458,0.2493350685227678,shorts_ok
0.06910419113809503,0.07776756162912181,shorts_ok
0.052640867954851095,0.1170579182863126,shorts_ok
0.08434547014571754,0.14335567312459743,shorts_ok
0.17203197882569277,0.40026803532601324,shorts_ok
0.09232038615516268,0.1397179819457229,shorts_ok
-0.007144356434836283,0.3448445777648694,shorts_ok
-0.0020687362244835375,0.3630046411559192,shorts_ok
0.06844402259133718,0.08126212808000512,shorts_ok
0.23189102675111195,0.582635269881082,shorts_ok
0.09144403542455752,0.1386360467922671,shorts_ok
-0.018675073491168495,0.2887582678785419,shorts_ok
0.12775056768436263,0.2345892273261861,shorts_ok
0.08680529509851935,0.13847988184536217,shorts_ok
1.7195212537920963,4.961143219315967,shorts_ok
0.12195735743632653,0.21507835850094487,shorts_ok
0.04540964767372021,0.07088253656969809,shorts_ok
-0.024106546387144587,0.23514762230064531,shorts_ok
0.0441929484081533,0.11066522421683353,shorts_ok
0.06871169071210563,0.09947254661262683,shorts_ok
0.012098136400698914,0.13216135371795196,shorts_ok
-0.00870182663184596,1.0588722706798717,shorts_ok
0.073912097579786,0.2197122470914432,shorts_ok
0.04507579745472894,0.5646080780019646,shorts_ok
0.6725760472273679,1.8433058004179486,shorts_ok
0.020743327212712784,0.15765026455644315,shorts_ok
0.07947103859586634,0.17832940672182623,shorts_ok
0.054657381918137085,0.21572307713284256,shorts_ok
-0.058613915250709143,0.8128747464861449,shorts_ok
0.15413006240823468,0.308801520748018,shorts_ok
0.011303211223736197,0.1850416037134869,shorts_ok
0.037654617256290795,0.1361103696035043,shorts_ok
0.0588718263481144,0.09318345083797722,shorts_ok
0.0412846995789279,0.16127503022285392,shorts_ok
0.05208770830875633,0.11869626792445456,shorts_ok
0.12368749551695571,0.3684540070789201,shorts_ok
0.018241775984834722,0.13792524340651058,shorts_ok
0.061295104355932925,0.1378268349562483,shorts_ok
0.07784185570489888,0.09581342015613174,shorts_ok
0.08705299129954547,0.15958772688101075,shorts_ok
0.06290674188469336,0.08068359531836121,shorts_ok
-0.44221160958824957,1.4880905104680535,shorts_ok
0.08955954446625178,0.15055916727940505,shorts_ok
0.04179661341951908,0.1494504461114175,shorts_ok
0.06885894045149812,0.10009960841005806,shorts_ok
0.07046436141794465,0.11365081481082795,shorts_ok
0.2582176673807093,0.6064528703777505,shorts_ok
0.24778845342621425,0.8996184832271844,shorts_ok
0.12160387871016777,0.21523702938977607,shorts_ok
0.0848563389798731,0.12976776465194773,shorts_ok
0.2146763321830265,0.5606466188888154,shorts_ok
-1.491156993532963,5.790095462631632,shorts_ok
0.053658458822050926,0.0799873114328587,shorts_ok
0.08163472600997651,0.39798364934695574,shorts_ok
0.06918839479754021,0.08383410484789307,shorts_ok
0.1374905078883391,0.27817671147975254,shorts_ok
0.03993679893896187,0.1107680944628061,shorts_ok
-0.0014728843223374144,0.5769111911866799,shorts_ok
0.03510435831845218,0.5676198771911475,shorts_ok
-0.07364845086324395,0.488740244272409,shorts_ok
0.15000404398817282,0.3453146145788069,shorts_ok
0.09360508698262149,0.1671383841862047,shorts_ok
-0.005214190554634721,0.19015890180308329,shorts_ok
-35.27143845343808,313.9863860186267,shorts_ok
0.04856728462160732,0.11918894351882652,shorts_ok
-0.09311268380482617,0.45041380591330676,shorts_ok
0.08539872131649705,0.1199556571980764,shorts_ok
0.022865338452023327,0.14869551071042839,shorts_ok
0.08579468711993404,0.12278707456336171,shorts_ok
0.8513254541569697,2.428093900266533,shorts_ok
-2.2408150962037845,21.614934828294423,shorts_ok
0.08189700475504455,0.13645950536090315,shorts_ok
0.16841487572887637,0.38415091118040035,shorts_ok
0.20653911799884989,0.5078588121490036,shorts_ok
0.1474302968750196,0.3271227831588196,shorts_ok
0.19535020294165795,0.42877153366549325,shorts_ok
-1.3210671544043102,4.853524245436024,shorts_ok
0.17540639290201412,0.3954398800270745,shorts_ok
0.38485359114561596,1.59166364713909,shorts_ok
-2.5944435312405014,9.49860164525062,shorts_ok
-0.06496216873154845,0.4344005164425993,shorts_ok
0.15026737969416182,0.30271475030413747,shorts_ok
0.18791405725282428,5.34263033362878,shorts_ok
1.9689726660069642,14.692881153486915,shorts_ok
0.05425113983865268,0.0920106534811163,shorts_ok
-0.13259387865445116,0.6857326090772681,shorts_ok
0.020955060188799713,0.35033003296322573,shorts_ok
0.06881929691719743,0.18511995018550056,shorts_ok
0.05484099882078595,0.24114125874578382,shorts_ok
0.07212470628985912,0.0892573333456544,shorts_ok
0.18003434986674421,0.39017226196596,shorts_ok
0.007659383058073649,0.17058243675771373,shorts_ok
0.09826083460288933,0.14824814568339778,shorts_ok
0.050455813381976834,0.13673507705250776,shorts_ok
0.05321221631628652,0.08289526498268845,shorts_ok
-1.3698477116240766,5.174123430280129,shorts_ok
0.10794529901001464,0.17808558582762982,shorts_ok
-0.05233288372257777,0.32053022258621217,shorts_ok
-0.21857100297993148,0.8300586668802836,shorts_ok
0.2461044880946752,0.8723899302513122,shorts_ok
0.08832501145426619,0.12455872990232088,shorts_ok
0.06777506108102396,0.07345810304383263,shorts_ok
0.05641252906276293,0.15695385915214768,shorts_ok
0.11690041399675358,0.2104786996544795,shorts_ok
0.04449236613033315,0.09098908777067026,shorts_ok
0.17408934793981984,0.41206719141510945,shorts_ok
0.08963094432199283,0.14275904725625543,shorts_ok
0.1732111889933926,0.46882475884657293,shorts_ok
0.3419599256388638,0.9356770339267029,shorts_ok
0.05788318622200428,0.08051792145146505,shorts_ok
0.04531921101181248,0.1257940885522096,shorts_ok
0.24362452860036202,0.596643981115547,shorts_ok
0.15200590749202786,0.6828417961681669,shorts_ok
0.15730227385194148,0.3624064764753328,shorts_ok
0.03010595923936222,0.25925197966624197,shorts_ok
0.050484613639864666,0.05171314056649765,shorts_ok
0.07543084137831091,0.13026675135240565,shorts_ok
-0.051746138995151375,0.5794318959995484,shorts_ok
0.36253982116612715,1.1820446436627121,shorts_ok
0.010994436686223769,0.23179181437668714,shorts_ok
-0.9314385220343717,2.9316345159227617,shorts_ok
-0.002029042586877139,0.25306539280871554,shorts_ok
0.07618703794993814,0.1378978460082386,shorts_ok
0.06449568532514971,0.06386655109843774,shorts_ok
0.06657624056214037,0.0892094920928302,shorts_ok
0.18412381475355316,0.4924289177513462,shorts_ok
0.04219598738822094,0.08121994382534743,shorts_ok
0.12433011441922605,0.21754073784219075,shorts_ok
-0.10665344023784012,0.5420081110331763,shorts_ok
-0.17327650115089202,1.9730816980636643,shorts_ok
0.0669292204206462,0.06530841487498587,shorts_ok
0.940825428129888,2.7262057124603123,shorts_ok
0.0788682222143837,0.11971807880364246,shorts_ok
0.006116792553989378,0.3447422032644215,shorts_ok
0.14845971472438035,0.3267311859793363,shorts_ok
0.11681672508606436,0.2140586398464826,shorts_ok
0.0729792695593609,0.12615897310674626,shorts_ok
-0.31426295194838516,1.4150498557137896,shorts_ok
0.17322106084817623,0.4039981269291986,shorts_ok
0.03362939827958074,0.07072614737996427,shorts_ok
0.16163655630585963,0.3594278669963505,shorts_ok
0.08068519022815636,0.14944313554340308,shorts_ok
0.061490789461877096,0.1910308650586052,shorts_ok
0.08896180076145947,0.19347090941948777,shorts_ok
0.14502870481983746,0.3529367220598948,shorts_ok
0.026419391970267273,0.11429822673947232,shorts_ok
0.026109920697264373,0.22621416012695758,shorts_ok
