ret,stdev,strategy
0.09700773497680742,0.1545399407309638,long_only
0.08364593917068261,0.1274395772360655,long_only
0.09114524497577323,0.18613285723924888,long_only
0.07561591266957553,0.10998517537517509,long_only
0.09420788600741668,0.15491796750498987,long_only
0.08321736747115853,0.13074545263710372,long_only
0.08860497020129562,0.1385448582736086,long_only
0.08138317921977355,0.12487671279186646,long_only
0.08835091282964452,0.13683401053917157,long_only
0.09933808365233426,0.15644472566990975,long_only
0.06592310818864833,0.08193261156203828,long_only
0.09194547420689084,0.1349326478967125,long_only
0.0968215445610178,0.1433666496473313,long_only
0.05938069871975555,0.06431442204387341,long_only
0.08587487067009991,0.1254535255965346,long_only
0.08809034820750591,0.16756038698341097,long_only
0.07564394815099094,0.11896050222318814,long_only
0.08447108714668364,0.15584378681514774,long_only
0.08031268015403209,0.11780848976855655,long_only
0.09016776920849623,0.12529861352974292,long_only
0.07289178439735045,0.1223170930299497,long_only
0.07499916214939158,0.10895374296157659,long_only
0.09355247543085872,0.1607533552972826,long_only
0.08423731631208585,0.14484584458910474,long_only
0.08487837840346037,0.1459290057029062,long_only
0.0877130399677108,0.12456707482229447,long_only
0.0843297952079842,0.12487605430957469,long_only
0.0749880487185768,0.11381466849365376,long_only
0.09284170522500072,0.1879035361173088,long_only
0.08127005338171445,0.13092841459580717,long_only
0.09605162858042993,0.17263871828485114,long_only
0.09465058289165873,0.1562514183077194,long_only
0.0845145850949958,0.14820438165686028,long_only
0.08726589205707054,0.12609615331586616,long_only
0.10061664779020982,0.16290728073051974,long_only
0.09710541548706844,0.21553803009739714,long_only
0.07910219512840956,0.12339577557489229,long_only
0.06144587516546659,0.07189950771495879,long_only
0.06519388160018581,0.06577694901746471,long_only
0.08479127062550468,0.15205852445606577,long_only
0.07848179225409706,0.10993414670824879,long_only
0.0810726412655708,0.1333727191171573,long_only
0.07709501244594816,0.11498302297186204,long_only
0.06770679594449287,0.08233488712172615,long_only
0.10045394589156892,0.17045607619616812,long_only
0.10352024499445767,0.16203594067220292,long_only
0.08136731340776211,0.13546604816349825,long_only
0.07357395821144917,0.10387943426927752,long_only
0.08128804997031744,0.13312046011447684,long_only
0.07971674549071374,0.11900316844965406,long_only
0.08880792399156687,0.15198775748696344,long_only
0.08919994878772816,0.14560021604527082,long_only
0.08573023082875351,0.11829392433707088,long_only
0.1073727635749243,0.17425738610703495,long_only
0.09010136783793705,0.16401192757873737,long_only
0.08500707518107872,0.1513420702649384,long_only
0.08223198412335919,0.13430576861978988,long_only
0.07978094625168135,0.13351511561072368,long_only
0.08247335611268274,0.14245159285647957,long_only
0.0708205957722422,0.10788684923996984,long_only
0.08353201660275973,0.1211831393507211,long_only
0.0705820048578176,0.0991063306858911,long_only
0.05929854521922545,0.0514824707508025,long_only
0.0758580933278225,0.10764949459985883,long_only
0.07195731931971293,0.08161331909290707,long_only
0.07882066360558375,0.12761760424527668,long_only
0.07972797568722897,0.12412067452768773,long_only
0.08849230648114992,0.12766752813236962,long_only
0.08886263827975512,0.1388933132995698,long_only
0.08360061549582652,0.14852188616005843,long_only
0.08575182816471925,0.12305149497325592,long_only
0.0793917458658106,0.11323629073129286,long_only
0.09113602760972384,0.14177509993458903,long_only
0.0704727316004467,0.09707069202657818,long_only
0.09291067248235228,0.16986330300221109,long_only
0.07551346908307938,0.10570826875349003,long_only
0.08494770028151065,0.12907094791251852,long_only
0.07838104295971424,0.10563556211311914,long_only
0.08249671137609847,0.13816354702289427,long_only
0.07294370407019074,0.1071683372130588,long_only
0.08449763152079318,0.14618978453941528,long_only
0.08348937944258789,0.1333021020914622,long_only
0.09126663813041667,0.17308846221409827,long_only
0.0913984162049608,0.14488470088697958,long_only
0.08874958203298572,0.16582727382198173,long_only
0.08621494678163723,0.12874119144284343,long_only
0.07829754933564576,0.1212265276055508,long_only
0.08471738849739667,0.12850695069683957,long_only
0.0796261658058757,0.10521630315003752,long_only
0.06707359004542675,0.06804427993908178,long_only
0.07902524884223251,0.11388622765425876,long_only
0.08147205553645999,0.14122860096772974,long_only
0.09171743408576424,0.13529950260444268,long_only
0.09344840656825046,0.18772304207988677,long_only
0.08844657300789448,0.16086854687242608,long_only
0.08014940437642355,0.12140051408220566,long_only
0.06702758543591829,0.0655027270715217,long_only
0.0848590512840098,0.1534709273128546,long_only
0.0783200657150077,0.1300668163266495,long_only
0.08107086464360357,0.14069687698444114,long_only
0.07338800741212956,0.11662764252820494,long_only
0.09370840382392061,0.13760027612121484,long_only
0.062373388386373074,0.07838515897387333,long_only
0.08802070166717717,0.14915336303451118,long_only
0.09006097609876157,0.13615382261335177,long_only
0.08515915053266447,0.1222979828655571,long_only
0.08538600072507657,0.11724560304808075,long_only
0.09362140017297908,0.15906949155937838,long_only
0.08242196526350377,0.11918481073027981,long_only
0.08559056679304279,0.13869978289848756,long_only
0.08315187486660278,0.16700490963699383,long_only
0.06554142712254564,0.07843560492619263,long_only
0.08785821636185237,0.14095069222490575,long_only
0.07283529216710209,0.09157942150072114,long_only
0.09151408898858625,0.18389256838495857,long_only
0.06593474403043495,0.07881734011767134,long_only
0.0852396952674529,0.13189182098186156,long_only
0.08078893944573796,0.1304269273268823,long_only
0.09203512998004733,0.1677469700581247,long_only
0.09889631170355746,0.1788847013455067,long_only
0.08602021338634797,0.136054784919343,long_only
0.07164434072595642,0.07795208696921038,long_only
0.0918585605927253,0.1568131127177927,long_only
0.07989308503780305,0.1334976830906412,long_only
0.0900662595969522,0.15935860420967068,long_only
0.09251396216694964,0.16578907174498744,long_only
0.08913599175506237,0.15416118594037848,long_only
0.06921904311549994,0.08531120763596062,long_only
0.08328647386393896,0.13233432821415267,long_only
0.06891212774903904,0.08925728522906848,long_only
0.07913601586908543,0.11465702484467734,long_only
0.10074562479981712,0.15767924577131243,long_only
0.07466545767653286,0.09941095163866319,long_only
0.0788461182417749,0.1188380027011317,long_only
0.08386345233277112,0.14226902288519577,long_only
0.0888590214403456,0.17011468207379157,long_only
0.09862825410474646,0.22667241632913832,long_only
0.09052795612160573,0.17526368248490456,long_only
0.08311315119901568,0.11435442505676689,long_only
0.06918390678189033,0.08301873499800015,long_only
0.08918291047942156,0.181148500879422,long_only
0.06753258807197539,0.09547489992682964,long_only
0.0870981155147955,0.13209661753257484,long_only
0.0975686452549288,0.1546767498926967,long_only
0.07377135780207958,0.09202758024895538,long_only
0.07053476730113287,0.09812917698868469,long_only
0.06329328156669657,0.07405407295537952,long_only
0.0975288128380541,0.16881263151447898,long_only
0.08353955370496646,0.11358240455091642,long_only
0.09168916766180145,0.1739752285489547,long_only
0.06570946888971481,0.07627991472094481,long_only
0.08641581106701861,0.11208675075273505,long_only
0.08367374971354515,0.15663767608145104,long_only
0.07799780801207586,0.09380416740110076,long_only
0.056326274134852694,0.05340836119787144,long_only
0.08401092101608675,0.12299776735338513,long_only
0.0772341940326468,0.11730627561574886,long_only
0.09692001524948127,0.18757141062364727,long_only
0.09227499013935883,0.1529736960836335,long_only
0.08851350443341874,0.11790264614310643,long_only
0.06555477232928343,0.07595405616255552,long_only
0.07045393885721901,0.08598087806594855,long_only
0.08398008404838712,0.14419873862196125,long_only
0.06688571141952537,0.07640042002542398,long_only
0.08157166034709798,0.13610709253696973,long_only
0.08946344642586192,0.15448812637987885,long_only
0.09165676486791224,0.17569247953875486,long_only
0.07303367473576745,0.09245417897173723,long_only
0.08763273707855423,0.1601774811143445,long_only
0.082334082686102,0.11999108848894852,long_only
0.08343361343431299,0.153700330743067,long_only
0.07310890130878431,0.10204885225481973,long_only
0.09074127400347984,0.13363432280401225,long_only
0.08279299201452095,0.11923656116925592,long_only
0.07911534824572516,0.11913498242824837,long_only
0.08743737423637159,0.12515581612991397,long_only
0.06596488318315538,0.060904882601730596,long_only
0.07623252365747353,0.10498309509529105,long_only
0.07548226805565697,0.09329000446190899,long_only
0.0784184810626575,0.11252565350168425,long_only
0.08781383822116359,0.1438756036312868,long_only
0.08278447936639083,0.13742060426154815,long_only
0.08460932461006838,0.13506163226170512,long_only
0.06378076614083009,0.07267254366368758,long_only
0.08630242691797962,0.12778356935129506,long_only
0.07374053623240674,0.11379030447485808,long_only
0.09446601151983694,0.13627272651267888,long_only
0.08396067017665891,0.135046955608949,long_only
0.08884166861105369,0.14623943347954488,long_only
0.09379034804503283,0.16878171770476721,long_only
0.08781006034982149,0.16426682790325656,long_only
0.07448291303931398,0.1075436434374368,long_only
0.07357937337650913,0.11465504062774128,long_only
0.06529294666904903,0.07050421732515812,long_only
0.08046181270612089,0.12829347273552288,long_only
0.0902842885232726,0.15361064145613876,long_only
0.060899259810560644,0.055996888770911975,long_only
0.08671145725631754,0.15333392493212397,long_only
0.07467956576030377,0.11863408562178303,long_only
0.0889632768302239,0.1582792204731197,long_only
0.06132084710334352,0.06669973753735543,long_only
0.07672721047188794,0.08863674569707863,long_only
0.08985179807377681,0.18761609846817215,long_only
0.08572473351830312,0.16571003476741905,long_only
0.09301868562675847,0.137212516919466,long_only
0.07780449872638984,0.1166575984171316,long_only
0.09648421751803844,0.18443603367445466,long_only
0.09384256005427931,0.143443732907946,long_only
0.07309831199719508,0.13538661874898827,long_only
0.06738986692785705,0.08854909374786796,long_only
0.08340862591898167,0.11697088826805943,long_only
0.08246414336757535,0.12828230794780016,long_only
0.0711496738354086,0.1012553535375238,long_only
0.08877583173942195,0.13926447280208595,long_only
0.08402033214234145,0.12037722969230602,long_only
0.08521363811357172,0.12969195201281455,long_only
0.08001510441922532,0.11421385273465134,long_only
0.07005762568477474,0.09300060969357338,long_only
0.09793348890103519,0.21300063410340483,long_only
0.10187732815789509,0.1667357774937921,long_only
0.08744595460526672,0.13884764931485666,long_only
0.08535016091077065,0.1249854206989559,long_only
0.0827536280313682,0.1076555195597952,long_only
0.06629330009048373,0.08066187594918126,long_only
0.06569206638181777,0.08302630855116121,long_only
0.06761559745937719,0.07255622806046982,long_only
0.07021665859750884,0.08948683163786324,long_only
0.08840148017718083,0.16232950874664104,long_only
0.08677319321485409,0.13757229737221502,long_only
0.09397772813473945,0.1737991621893873,long_only
0.08749546028443293,0.15439078707302245,long_only
0.09507864617674726,0.16472431759786513,long_only
0.08464939751098995,0.1343367709803674,long_only
0.08269743609148776,0.14712605249360103,long_only
0.07340339372962706,0.10653491106674372,long_only
0.08645893752685938,0.15168354185028315,long_only
0.07638530718154504,0.10567232833254632,long_only
0.08585883986174604,0.16234103536703132,long_only
0.07452690120249787,0.09176410341086406,long_only
0.08618196375683111,0.15143453943554716,long_only
0.08413383096161424,0.1309573757234935,long_only
0.07828829897900332,0.10202387963516311,long_only
0.08426190878751122,0.12680802598665117,long_only
0.08112660706165024,0.1386816489002441,long_only
0.08781828835399011,0.1170438292342753,long_only
0.08476947607476057,0.12636901517935192,long_only
0.08323698204303219,0.1414501712016414,long_only
0.09157813045955604,0.1718870559490781,long_only
0.06958019851081552,0.0821170578427246,long_only
0.07589890767933044,0.094440868419129,long_only
0.08079678720678737,0.12005823358720255,long_only
0.08357164687126005,0.12206716733561011,long_only
0.08529382971849066,0.1487667865605827,long_only
0.08716208589273354,0.16087616413382058,long_only
0.07852631406051169,0.12177534055343729,long_only
0.07340283159545384,0.120680088823819,long_only
0.07911911168368277,0.09721736699181298,long_only
0.08741832716987809,0.16518061081286098,long_only
0.08937620521474872,0.15589857344348618,long_only
0.08300946754555223,0.13603482161462044,long_only
0.09853541989028052,0.16167486222584826,long_only
0.09248039906458093,0.17897289179907377,long_only
0.08089036405459021,0.13545305270956265,long_only
0.0729507670970459,0.11336186339589703,long_only
0.09691910714688774,0.18147990200828643,long_only
0.0838307495754889,0.1280871464233305,long_only
0.052324989878047866,0.05296998671000501,long_only
0.0818089426068819,0.12924441025394454,long_only
0.08493144174564457,0.14019878358282326,long_only
0.07407754362137223,0.09953348678938295,long_only
0.08509744563356729,0.13530221756554878,long_only
0.07217067990866284,0.10959548935407255,long_only
0.09468367387197967,0.14474090390394573,long_only
0.08689426599083039,0.14786642399745262,long_only
0.07961103034334874,0.1271043384284518,long_only
0.07144281261082537,0.07787277285788714,long_only
0.08169077490080871,0.10105757942631863,long_only
0.07904281882873274,0.12902495335984196,long_only
0.07258409946321068,0.09150728974602758,long_only
0.0681720504808038,0.07413529102428304,long_only
0.09939072314978295,0.1709956105553966,long_only
0.0776470549948511,0.12798805659888074,long_only
0.09187233044206158,0.16422238367943276,long_only
0.09103227758489228,0.14664626905852618,long_only
0.07183976490889285,0.10460044112889706,long_only
0.08483958207887844,0.15313466633987077,long_only
0.09139855255016172,0.18118802393547648,long_only
0.09230986523819466,0.14667702218565531,long_only
0.08675914441035551,0.1423914431697439,long_only
0.09357888476564594,0.13848570393952592,long_only
0.08148965457525958,0.12547118699981616,long_only
0.08272106355349083,0.13470904250627527,long_only
0.09234922350792796,0.1620943667396535,long_only
0.08545084357916694,0.1513735331672626,long_only
0.09292660524014083,0.16665869368437528,long_only
0.086738840672523,0.14472074497890558,long_only
0.08899200276969688,0.12971885222093155,long_only
0.08776370529049739,0.150017733420807,long_only
0.0920337994660086,0.15743792377603377,long_only
0.10682586521500531,0.17301255445526942,long_only
0.08468176678132751,0.14112066649379001,long_only
0.07489362549667362,0.09122756986616314,long_only
0.0734639886076238,0.11629765840189484,long_only
0.09086920798633126,0.13752562593344977,long_only
0.07250227407778725,0.09101980036489452,long_only
0.0656517292691266,0.06941709296580711,long_only
0.07776650883682354,0.11025403035884769,long_only
0.08406036789019458,0.1134020481830108,long_only
0.0701102131978115,0.09021829117301103,long_only
0.07821542166820714,0.099482687179246,long_only
0.09404957984228242,0.17203418341910806,long_only
0.08545784121776215,0.1249215652279965,long_only
0.07077001377433098,0.09970166229886702,long_only
0.08674562887462717,0.16380948956417973,long_only
0.08010226408633815,0.1299124604642946,long_only
0.08233697157955162,0.12363415219237489,long_only
0.0685530123839593,0.11270032832764433,long_only
0.08767287746699431,0.11834654534294525,long_only
0.08116089556333297,0.12946374163991906,long_only
0.09496386051704436,0.1532202592900071,long_only
0.08214476923857403,0.10132110205417694,long_only
0.08332239639956895,0.13058107741149594,long_only
0.09220885353514714,0.13665082827814065,long_only
0.08961836560425522,0.16314152275276003,long_only
0.0940810990786955,0.16786352733470303,long_only
0.08658799511661301,0.1339193994873451,long_only
0.07231321263328677,0.09642013212034622,long_only
0.074025579002766,0.08792375304095378,long_only
0.07855014839566042,0.12107525271188173,long_only
0.09678006857944835,0.15432362808810995,long_only
0.06923406290173721,0.09549257385284143,long_only
0.07845782637356417,0.09919330439139036,long_only
0.08986982608096115,0.14995194945888596,long_only
0.08538586341840326,0.164313679089613,long_only
0.07956165347058887,0.1311330779383157,long_only
0.0740054421858937,0.08055342319397396,long_only
0.08087363715670191,0.12768173925905615,long_only
0.08479401192953605,0.13347155322861542,long_only
0.07690981185987664,0.1197755056001667,long_only
0.08624751065844005,0.14866111427810222,long_only
0.07232819557705931,0.09548356005354393,long_only
0.08639556581582745,0.1324475155330303,long_only
0.08060161963961805,0.1397396989673623,long_only
0.07168242016756961,0.09087667115689609,long_only
0.0646923175073962,0.08059978491575856,long_only
0.07904797427397146,0.12010495024108202,long_only
0.08402938514753826,0.13248062332150629,long_only
0.08553080628401528,0.13435605124895422,long_only
0.09099360647506517,0.16703379042772096,long_only
0.08759900316954022,0.16354795869530375,long_only
0.09509034876144717,0.14545747426922334,long_only
0.09270301822272774,0.18492333064407426,long_only
0.09022524040719003,0.14626157639890044,long_only
0.07909090817240334,0.1313384019089662,long_only
0.09760900322699355,0.18500386763378843,long_only
0.0912172368529529,0.1343136105349017,long_only
0.08046004465735242,0.10314436296060915,long_only
0.08508943276007234,0.12189744529356158,long_only
0.09726665241406363,0.15967903864553332,long_only
0.08534786250001658,0.12444485941646195,long_only
0.09714468963666607,0.1703257940601001,long_only
0.09459334283793429,0.13837815339532214,long_only
0.0861407693302098,0.1576371641714158,long_only
0.08142310928591111,0.13271160041008484,long_only
0.07892066493663114,0.11894742922058402,long_only
0.08801714160080042,0.13695866074677807,long_only
0.09087453898737068,0.1596872721126111,long_only
0.07366562833679983,0.10460199775430153,long_only
0.07077471223611925,0.09532914851708492,long_only
0.07904350523185705,0.13465344316493377,long_only
0.07862789543371305,0.10529261568513389,long_only
0.08953734939646504,0.16691794703722,long_only
0.08508894217140557,0.12876065344582543,long_only
0.07481850897703751,0.08768385938751004,long_only
0.07704309292101266,0.10541867184969299,long_only
0.0758399526391016,0.11713690573493467,long_only
0.07669708148795147,0.11661412972619832,long_only
0.07914528901073217,0.12342876576739382,long_only
0.08515889452292594,0.1131223438680121,long_only
0.05745266792124227,0.054748376376812326,long_only
0.09417285514907775,0.16844189530837805,long_only
0.05877137178865478,0.06443596610009876,long_only
0.08678609526582073,0.1471567458258866,long_only
0.08048617321034922,0.13062007400120026,long_only
0.07136553676502258,0.08282004728435631,long_only
0.056867946237382005,0.051831460772888346,long_only
0.08217338975511501,0.14320325962405092,long_only
0.09808639472108305,0.15867221282920269,long_only
0.07699036827614157,0.12177418303952697,long_only
0.08881298134990342,0.12224369410973185,long_only
0.07445766479665854,0.09463798312515533,long_only
0.058126644862898424,0.057987186357226675,long_only
0.08088861341090414,0.11138965816321826,long_only
0.09060520521007458,0.15351663135989363,long_only
0.09419543051637161,0.15704972653026375,long_only
0.08030075503240146,0.1265714244844463,long_only
0.08470133917837296,0.1401901721348214,long_only
0.0809166547597494,0.14261397964711037,long_only
0.08638345518266091,0.14230826273124297,long_only
0.08220539988390067,0.12463374843081358,long_only
0.10279611020012652,0.1611207912500053,long_only
0.0840242931464083,0.11341816284654706,long_only
0.08793839019233896,0.14601601326414781,long_only
0.08557815965684565,0.12055580613349338,long_only
0.08230849307769235,0.14938739392980765,long_only
0.06958541860916105,0.09449396213780858,long_only
0.08286631925648019,0.15251541609846464,long_only
0.07876926523655345,0.1200868216073314,long_only
0.09575506865054313,0.18942135968814688,long_only
0.07007398264162135,0.09672486296433629,long_only
0.06119152790853419,0.06718903813649078,long_only
0.0854488808709628,0.1217849131433004,long_only
0.08401395080093582,0.11589160570864951,long_only
0.08715558853323281,0.15270298294252724,long_only
0.07602583719549424,0.1203428458868395,long_only
0.09167701774001864,0.1851424164229335,long_only
0.0870837413642857,0.11887051327821153,long_only
0.08415528721562228,0.11361778674858264,long_only
0.08227538245844201,0.11789455366850635,long_only
0.07459646845821441,0.11145565397810318,long_only
0.08370750398748754,0.14743366394738736,long_only
0.05967753730509549,0.05455195266641037,long_only
0.0876225437374874,0.13200498947137676,long_only
0.09583037676032842,0.15738733234553107,long_only
0.08900659712843893,0.13596087474158275,long_only
0.08281755485033315,0.12173496016233876,long_only
0.08175311039476842,0.1390608431280105,long_only
0.08773593998911593,0.16476563809873718,long_only
0.08945488118016173,0.14361172157941102,long_only
0.0790416192991826,0.1365665898610188,long_only
0.08844695213374391,0.1573636293112006,long_only
0.09081593782203129,0.13067691523456787,long_only
0.08112698624368635,0.13791040831349163,long_only
0.08719093845331184,0.13239277116686887,long_only
0.08524672521994633,0.11533338393601392,long_only
0.08935673354195177,0.16533147726631262,long_only
0.07919308174084191,0.1246248665212864,long_only
0.08789517572367764,0.1564908465013733,long_only
0.080886598166233,0.1257631157374619,long_only
0.07543352273131138,0.09074459720075344,long_only
0.08359916703878552,0.13273032091350273,long_only
0.06969420156108368,0.09296523685368258,long_only
0.08533348087155086,0.1386053313760372,long_only
0.07647851740132763,0.09046360627762522,long_only
0.08630175129476997,0.1372045491296207,long_only
0.07188777398246739,0.10419588397513005,long_only
0.0814801488981446,0.1289586879065931,long_only
0.0929662594397595,0.16878828387642766,long_only
0.0889716592561269,0.13411476076236925,long_only
0.06608591398698031,0.08475566930487519,long_only
0.09389115735906703,0.16131222542700888,long_only
0.06921275731098894,0.07230211200417072,long_only
0.07038100615031785,0.07755426604015814,long_only
0.07948082671396071,0.12806705895721263,long_only
0.09126192027564059,0.15115491516265744,long_only
0.0839499843947469,0.14127580992859054,long_only
0.07824389827389998,0.10436024268865156,long_only
0.07183463733600601,0.09327152821817776,long_only
0.08222125512611497,0.13294158091585323,long_only
0.0670715377287521,0.08892860402341789,long_only
0.0844691439555011,0.13265984127516875,long_only
0.08879224232224292,0.16995527399188767,long_only
0.08933490969167063,0.15452923717350356,long_only
0.08607367775377261,0.11608123381042439,long_only
0.06747258101890094,0.07073323969993528,long_only
0.08865156341995946,0.1588303937638582,long_only
0.08068369287982678,0.13060973264382642,long_only
0.08418847887550956,0.15442455030944127,long_only
0.09053764044835948,0.16908709264096697,long_only
0.07044856401195064,0.09703642072443823,long_only
0.09016766460723874,0.164484182999901,long_only
0.08554201196888121,0.12041745752265928,long_only
0.08089845662421138,0.11559014548799494,long_only
0.07707503002186092,0.12435889763284429,long_only
0.08997882199848105,0.17580024825573787,long_only
0.08890094834316283,0.1254454323443311,long_only
0.07662217390265019,0.09896722766131494,long_only
0.08374389953011346,0.14977316167966595,long_only
0.08303351112962559,0.13846141769251055,long_only
0.077129143214823,0.12178583311327663,long_only
0.07246513987340024,0.10383521961076032,long_only
0.08969878137153703,0.1544908011324756,long_only
0.0939344098273457,0.1451664456509258,long_only
0.0925252084411868,0.1485254996343894,long_only
0.0848650895003141,0.15501755978759899,long_only
0.07512114508381948,0.10220677297233155,long_only
0.0949351239410716,0.17398027655980786,long_only
0.08788145858668259,0.16025393977186295,long_only
0.09777243738598572,0.16892905154174392,long_only
0.06713698388732059,0.07716110543704247,long_only
0.08314793020565425,0.14523191791671505,long_only
0.07897661895155961,0.10647953852990169,long_only
0.0800616942186299,0.12808326058945618,long_only
0.07671909685851824,0.11954063900618046,long_only
0.08834729388805132,0.1475861639699579,long_only
0.08453705979033142,0.12311147847977563,long_only
0.05877180237200067,0.062365137871397164,long_only
0.08486486286544011,0.13687343247781647,long_only
0.0796305612448805,0.12515320091345455,long_only
0.06944558303878676,0.07750441145840878,long_only
0.09401439897305933,0.15560465787683603,long_only
0.08829517084232771,0.11587426110589528,long_only
0.07492616244089115,0.11779356358235087,long_only
0.06635437317330423,0.08835167547765677,long_only
0.06810996217307619,0.10800562522030775,long_only
0.08222627584183166,0.1410717775500782,long_only
0.0870490566973739,0.1273781631508254,long_only
0.07825539027843816,0.12365146133850718,long_only
0.07199930010066309,0.07919348678729102,long_only
0.08781690736329262,0.16499966393659762,long_only
0.08467755413229941,0.14732858022148937,long_only
0.0663055283646151,0.08281209565662093,long_only
0.08986438815695269,0.16421137059360638,long_only
0.08013648645398737,0.10674561269116016,long_only
0.063725638120283,0.07315583903838214,long_only
0.07706510837097721,0.11947395818850023,long_only
0.06356448931391624,0.06850111247105584,long_only
0.07580126888858574,0.0970532379725889,long_only
0.08459534334810764,0.12345612389820683,long_only
0.09093304003436453,0.1313567001570753,long_only
0.07574498084515847,0.12161268495689645,long_only
0.07878103014428635,0.1039815881051554,long_only
0.09642338914781011,0.1474988762813499,long_only
0.0910213480769931,0.17040932604545317,long_only
0.10014262051047758,0.16690985586397095,long_only
0.09262701555495446,0.16806676941577697,long_only
0.08500099714520612,0.1306931350944917,long_only
0.08337427268252716,0.12549795597961505,long_only
0.09337614465183221,0.13470562425196755,long_only
0.10313158760697705,0.1618883857075738,long_only
0.07124368118760126,0.09622885442575631,long_only
0.08363761386379685,0.1459691864242818,long_only
0.0932289990270263,0.14211835661445985,long_only
0.0631002389602734,0.060203770808329594,long_only
0.08115463454713609,0.11015939986355179,long_only
0.07002161069558278,0.09378323091296166,long_only
0.09284319002805164,0.15367391287527665,long_only
0.09090840031361239,0.14919424879478974,long_only
0.08414157439738634,0.11440902291407143,long_only
0.08634569385312545,0.14351608769273008,long_only
0.09239693076295397,0.1505103737951995,long_only
0.0750544657205532,0.10576108382401256,long_only
0.07824362676385682,0.13106696677276478,long_only
0.09458833192747702,0.1459580415704994,long_only
0.058767723041076934,0.06001185432570583,long_only
0.09105393018393294,0.15612088093703985,long_only
0.08090857159990689,0.11552758510371515,long_only
0.08792846967837607,0.1684671225957999,long_only
0.08351601951729837,0.14682560305953496,long_only
0.08459850783078426,0.11800177581182798,long_only
0.052428417720383855,0.05098191480199099,long_only
0.08598951585625611,0.11044997010577802,long_only
0.0783864471982297,0.13377974774961376,long_only
0.07359270648367072,0.11630433510352332,long_only
0.0887566620597401,0.1671618909816143,long_only
0.0903721241780156,0.1470750821240441,long_only
0.09812532132744609,0.15197444545204314,long_only
0.07928837416006805,0.10387943041000783,long_only
0.07208323920267186,0.10457818725747442,long_only
0.07746157945629459,0.10995180550343156,long_only
0.08287693928696073,0.15034835429635682,long_only
0.08275383826168137,0.12793035461192326,long_only
0.07185619736371289,0.08842891578707916,long_only
0.09261154968246173,0.15240221957986477,long_only
0.0974710234691865,0.16632253530240992,long_only
0.08386067086663777,0.1272556480274096,long_only
0.08499370040608893,0.12118195674658773,long_only
0.09532482854634912,0.14432420607482643,long_only
0.09271174697687999,0.18573136124567521,long_only
0.07880972634601363,0.12368243241173564,long_only
0.09051396870540643,0.1751861898095934,long_only
0.08131795826694362,0.11670021190135127,long_only
0.06780983136221995,0.06982403047941634,long_only
0.0863241120934792,0.1339484120088212,long_only
0.07427794907530062,0.09974995149171595,long_only
0.08788243077442937,0.13432504172991758,long_only
0.08668401119520076,0.16589807505240792,long_only
0.05946891211059375,0.0694825238843451,long_only
0.05948925598110504,0.05837831487467625,long_only
0.08132105477952745,0.12484804544082738,long_only
0.0822084815282831,0.12028281675683075,long_only
0.08234715454091597,0.14035962503785093,long_only
0.09156423840044921,0.17164904512416287,long_only
0.09016430007467718,0.18159418290276608,long_only
0.08838714995764113,0.168933627416977,long_only
0.08934151565584666,0.12914205108807592,long_only
0.09564190435380093,0.1812918530655642,long_only
0.0846823886613919,0.1350856147760014,long_only
0.08036898312780134,0.10721932753676852,long_only
0.10267404495602662,0.17669724506674891,long_only
0.08951610198668926,0.14401056212072477,long_only
0.08608440764277046,0.16165739322992484,long_only
0.09186250326611832,0.13294905109212052,long_only
0.08965041026912121,0.15284129775479605,long_only
0.0845930907357805,0.14010715776250235,long_only
0.08075507131868166,0.12440473194943397,long_only
0.09134636524000908,0.1947904229301742,long_only
0.08722938866506372,0.16900518152095192,long_only
0.09753265230545054,0.15358780082817228,long_only
0.0878610522421959,0.13678298822135576,long_only
0.0893726624208482,0.1714276140603393,long_only
0.08697033873255595,0.11871918190196448,long_only
0.07711586131103619,0.11364826705978245,long_only
0.08833793830219233,0.16650923655072025,long_only
0.08024032142780253,0.11442297700226234,long_only
0.09075405186033107,0.14842839671681152,long_only
0.0641990994603834,0.07711846288288073,long_only
0.0851797232943062,0.13555893871373403,long_only
0.08099936794374392,0.1391005540644234,long_only
0.08213958316928759,0.12269146210126335,long_only
0.06918271276056166,0.0923681003736373,long_only
0.0708731331933471,0.10252471661152866,long_only
0.07490084674694493,0.10986134064056964,long_only
0.059079091318735205,0.05679085260386154,long_only
0.08818366295760317,0.1543081124522323,long_only
0.07979264171634724,0.12900278572243715,long_only
0.07818096345956112,0.11741249921764951,long_only
0.0743945683391801,0.1195855309833302,long_only
0.08686479272794755,0.16448035654269677,long_only
0.08553185884947431,0.13095111941817175,long_only
0.0850698075170612,0.1631994179472796,long_only
0.08033009340838099,0.12939321180145547,long_only
0.07217322003449896,0.0946363895912,long_only
0.07579137730087497,0.10578131936794731,long_only
0.0687593395595465,0.09376014818214372,long_only
0.08562845124810103,0.12456567256377866,long_only
0.06820710903511361,0.07340182528491301,long_only
0.0676996879289751,0.08973442977247782,long_only
0.08489905758156581,0.12358902042677347,long_only
0.09000457100537267,0.14049341351275577,long_only
0.07647163925749968,0.11128890206747552,long_only
0.0840478710925896,0.10721938859495492,long_only
0.08604095049954952,0.13957207647717268,long_only
0.07670515057749851,0.08980051977238367,long_only
0.0919750512443903,0.1436334068805781,long_only
0.09124075579742183,0.17001763136350964,long_only
0.08202740474777986,0.14187609799233386,long_only
0.07538819749124855,0.11248062036151853,long_only
0.07674546747543566,0.09879272711810203,long_only
0.08773607984288402,0.11725455735241841,long_only
0.07989216796706558,0.10394716150264724,long_only
0.0619256104343799,0.06975010478451646,long_only
0.07191014267877106,0.09898020019365797,long_only
0.08572743506776734,0.15135805762099142,long_only
0.0887417795363419,0.1625807114155836,long_only
0.08340380490837046,0.11142881359914915,long_only
0.08349459306561682,0.11835149102091376,long_only
0.08849370127273565,0.12879400123810406,long_only
0.08719788939393903,0.14461377369180026,long_only
0.07223556927751408,0.07925703074434305,long_only
0.08441876520547291,0.12890116532779797,long_only
0.07348494317077368,0.13318401259374796,long_only
0.0629010150081246,0.06090369980539194,long_only
0.08781263246388714,0.17297981989169603,long_only
0.06775143768742953,0.08403014070072184,long_only
0.08393008554984631,0.15043566272764755,long_only
0.06062419561018959,0.054337138000201936,long_only
0.07116979101993715,0.09645840021340649,long_only
0.07760864525144792,0.09762799023137132,long_only
0.08373619949156547,0.10457458762562913,long_only
0.0997990048241714,0.18547862000322465,long_only
0.08417358612784999,0.15399989447800178,long_only
0.08226335734634105,0.13447175567058825,long_only
0.09020454779767095,0.15920119640925784,long_only
0.06589723911674455,0.07799572432947928,long_only
0.06947473627688365,0.08387691233724558,long_only
0.0775466492755613,0.11210503102422584,long_only
0.08094691348574026,0.14202621507978183,long_only
0.07109078398379164,0.09307250828797264,long_only
0.07020680557034391,0.08380423243835579,long_only
0.0826987745377924,0.1448862972370518,long_only
0.07277315524763621,0.09916693609247688,long_only
0.06572825212005842,0.07752136882018495,long_only
0.08645688782650791,0.141203250861418,long_only
0.07378460446463234,0.08717998575159787,long_only
0.08233362106043976,0.12458299139843265,long_only
0.08343399320343554,0.14002753826278877,long_only
0.08993439770238537,0.1450997068466757,long_only
0.09242361899821999,0.13478761725140853,long_only
0.06372501906273113,0.07481485257023972,long_only
0.07332458120598544,0.09891862082442653,long_only
0.08046183642995089,0.10489140673566738,long_only
0.06470706606464777,0.07506488043713254,long_only
0.08143846933843633,0.10154109496852524,long_only
0.09129498620300959,0.15699094819513856,long_only
0.09688350638417016,0.19135530522585972,long_only
0.07273571549492322,0.1223749252867645,long_only
0.07704583210481072,0.09944286365594952,long_only
0.08145362059224398,0.13056833340514423,long_only
0.08422728468700001,0.14091116115252975,long_only
0.07956710428477454,0.13340156493179145,long_only
0.0920832081450875,0.1350694132495976,long_only
0.06992190089877215,0.08931154755962206,long_only
0.09278632305308636,0.15867936863841048,long_only
0.09782904234703613,0.1520189499382947,long_only
0.0822588453064927,0.12119187508947396,long_only
0.08076748860418875,0.09697222087625575,long_only
0.0778414837704298,0.10862010624489012,long_only
0.08817568963770904,0.14734066671992269,long_only
0.06641384749808743,0.06882716747956888,long_only
0.09088220640272587,0.14438867676196013,long_only
0.08111231997429784,0.12664351492699574,long_only
0.08680053987014823,0.15272968873591553,long_only
0.0824593700578645,0.1247370831307792,long_only
0.06657974979955482,0.08342543786569627,long_only
0.07895825754556135,0.13351730370453335,long_only
0.07995054578158724,0.12678536119174427,long_only
0.09044049225337218,0.1338577101000528,long_only
0.05523577645115381,0.05009358520282815,long_only
0.08945688133795084,0.16608058899142653,long_only
0.08235383080385461,0.13724483479886745,long_only
0.06887107221911269,0.09234705058720336,long_only
0.08362130588530721,0.14733669442138606,long_only
0.1022386770260709,0.15670450547398515,long_only
0.08131031201878731,0.12370086468193708,long_only
0.08444563716216114,0.13418223291549955,long_only
0.08490308035511253,0.12398589435976604,long_only
0.09592335220660801,0.14364481806485674,long_only
0.08030169877627488,0.1248559538892606,long_only
0.0779448558326482,0.11479257204706929,long_only
0.07987160156072107,0.12963057024361319,long_only
0.08662421254420206,0.13673267823539795,long_only
0.08943930924862648,0.14053643198555094,long_only
0.08868579702044377,0.1213174679150489,long_only
0.08815142339442526,0.13075345731901647,long_only
0.08919871377994137,0.1745615748383063,long_only
0.0983907127647771,0.2184117654355268,long_only
0.09296059105288111,0.13458654821540947,long_only
0.08338433254138511,0.12105608796366849,long_only
0.09108055065287331,0.16484788958386482,long_only
0.08103167152166042,0.1360966835463181,long_only
0.06863941415529627,0.08723711801656191,long_only
0.08969897679718805,0.14528633268964694,long_only
0.08159578705911273,0.1406152738927154,long_only
0.08995658288722262,0.16274834313077155,long_only
0.08257560475437284,0.13664135420035142,long_only
0.09113984735033598,0.16815662170723725,long_only
0.08280623528851458,0.12659209750954206,long_only
0.0887986671166965,0.1353147716719885,long_only
0.077626376821845,0.108775190539654,long_only
0.09378401305776392,0.19559089088099882,long_only
0.07163587119912529,0.09506697870213028,long_only
0.06960665695706651,0.09535868640097758,long_only
0.0841057486164804,0.15676548894835818,long_only
0.08313730673860875,0.1153245177061703,long_only
0.07589066168772801,0.09591546809103017,long_only
0.06896410947808368,0.0942857471034821,long_only
0.07332337367575492,0.09469345082249121,long_only
0.08247565196285006,0.15089883006287597,long_only
0.07130096641456751,0.10524031293700781,long_only
0.09726301149361673,0.16911963801022037,long_only
0.0888059087079331,0.14817029157674882,long_only
0.10300200983096579,0.16981828677560676,long_only
0.08080941938715197,0.12080275414344716,long_only
0.08553655251862155,0.1486542349782343,long_only
0.08451477458622093,0.11844365754702635,long_only
0.08403057316880624,0.14513511944984345,long_only
0.08955605989840806,0.18098393729094617,long_only
0.06586400011521198,0.07276990705353828,long_only
0.09670954080096655,0.1599469127097364,long_only
0.07111316093014255,0.09722311398451926,long_only
0.09069955122258462,0.13387454666960694,long_only
0.08982868832800302,0.16977767622918846,long_only
0.08461968537050034,0.11480118211261683,long_only
0.09617697755962032,0.18335594072753042,long_only
0.07861591770307988,0.1143825306225244,long_only
0.07530456590996962,0.116195784394599,long_only
0.09284690933209863,0.1861997807941061,long_only
0.0864593592783818,0.15800769976838697,long_only
0.07733074320214112,0.09213840815023726,long_only
0.06599775863495952,0.07634795024567043,long_only
0.08724830108907994,0.16681339911785587,long_only
0.08843254215229641,0.12362283621784853,long_only
0.08925881991318078,0.15716410981952303,long_only
0.08072468687991588,0.13769147097657608,long_only
0.098376486138731,0.1597446745916781,long_only
0.0872077182591312,0.16293807655690654,long_only
0.09237351301950779,0.18932684408503805,long_only
0.08271953498090577,0.12564837002654536,long_only
0.08074790942212938,0.12104480540046889,long_only
0.08018661905571453,0.1259914891006203,long_only
0.08236920066355559,0.12641252283990617,long_only
0.07135201203445131,0.09446703581656604,long_only
0.07851346709798843,0.12232833170590296,long_only
0.08176535361262524,0.14065298788117037,long_only
0.08998488777334959,0.1769681252819984,long_only
0.08851744825933952,0.15378288741578547,long_only
0.08792894178998394,0.16930295467894158,long_only
0.08641419855515789,0.12001108572227694,long_only
0.08756658417841391,0.15376741657936158,long_only
0.09068531895315071,0.12806558351550454,long_only
0.09609242332479771,0.17210156556200384,long_only
0.09374903111133355,0.18866466894483508,long_only
0.0935348805369634,0.1626829340695214,long_only
0.07769476406656352,0.13248026390891204,long_only
0.09605236021459386,0.1900611941475222,long_only
0.09897618041695885,0.16359736465838562,long_only
0.07916119538689151,0.12494632340395552,long_only
0.08348155025609735,0.15117556032646043,long_only
0.08563277428991074,0.1372066962507893,long_only
0.09129987104999414,0.1266080923629018,long_only
0.07952140640746591,0.12505910193875835,long_only
0.0818653227276191,0.13500414905507083,long_only
0.08222868174137346,0.13166128329130655,long_only
0.09391331544031069,0.18532894172240752,long_only
0.0942847059545268,0.18443687430679295,long_only
0.08333522430050973,0.14154818332974625,long_only
0.06329163775275229,0.0654470331204145,long_only
0.08217629167924154,0.14137512631886814,long_only
0.06807139181079662,0.09267212461767191,long_only
0.0778155938235257,0.11398749695197714,long_only
0.0946378314274703,0.18773399121606552,long_only
0.0811955073975994,0.11860498292208235,long_only
0.08754894016169308,0.12222318335199095,long_only
0.0827370061086186,0.1059209186262003,long_only
0.07597362566351255,0.10980492896308053,long_only
0.08767019282548236,0.15261939345976178,long_only
0.07297886485156865,0.09618393481101004,long_only
0.08578576985449352,0.17022253007634516,long_only
0.09286910133687762,0.16395322515282762,long_only
0.08179603880614038,0.12011791990671283,long_only
0.08933408100165668,0.17013971548256457,long_only
0.0922355719089798,0.14292886240816283,long_only
0.08074798183898425,0.10431195881267795,long_only
0.09183654519706116,0.15678679874866847,long_only
0.0923093199094598,0.17109437461056964,long_only
0.08402344515718753,0.14780296281470828,long_only
0.08726713480819046,0.16515227999809703,long_only
0.09497595743379507,0.16889410106062755,long_only
0.0810767675133376,0.14101591085294435,long_only
0.05828494523109319,0.06319855638253961,long_only
0.09839327131956856,0.1592243094914046,long_only
0.08431505907898218,0.14658749441370852,long_only
0.07556342474481792,0.12164509372557812,long_only
0.08480949472801941,0.1344549280224045,long_only
0.08281581661994203,0.12701071109963263,long_only
0.08518261005187223,0.11320712295828755,long_only
0.08787363585004782,0.12911662884375497,long_only
0.09345268340553303,0.17884436739511173,long_only
0.06617558478173774,0.07650154437422844,long_only
0.07605901588241062,0.10218709149107955,long_only
0.07602561765980818,0.11749940877186069,long_only
0.07644798561198407,0.11717474773116958,long_only
0.08282820853706693,0.14825631976402423,long_only
0.07671979405548933,0.11566094742287994,long_only
0.07675681362489489,0.11574882285766859,long_only
0.08587246069919377,0.11797357442555338,long_only
0.07350375208276501,0.10687562331037988,long_only
0.08807495211236743,0.11915845738290415,long_only
0.0789154129382065,0.12049491589733141,long_only
0.06622721421557991,0.06519896322751086,long_only
0.08613325076891852,0.14338390085073377,long_only
0.08353983921259799,0.13668225226877567,long_only
0.07725630140787808,0.11443265730643261,long_only
0.08435456786306632,0.13796960647396714,long_only
0.07227637822673057,0.09683749218205452,long_only
0.09051588464332094,0.1827027230848098,long_only
0.08203213995728836,0.14291875067904877,long_only
0.08725065251148896,0.14758130731216054,long_only
0.09341658591030252,0.17557975925169755,long_only
0.08934796953866624,0.14670912640463793,long_only
0.07410115746961903,0.11142246524068222,long_only
0.07682755948657549,0.12864653073680782,long_only
0.08724417490814246,0.13651224467409148,long_only
0.1034248377839432,0.17392354642020266,long_only
0.0944263488605241,0.2088795908525748,long_only
0.09627236219384416,0.18308426623700516,long_only
0.08296938781605091,0.13556787722145572,long_only
0.0872380120420372,0.13786437120557515,long_only
0.07610799067843955,0.12973488934637492,long_only
0.09030918748159818,0.1353378173694059,long_only
0.08659445632130502,0.13291832111943172,long_only
0.07378458822081922,0.10750878858869752,long_only
0.08065754440614578,0.13735489471735712,long_only
0.0741219654056434,0.0908935228171086,long_only
0.09864016185152173,0.16836060617836685,long_only
0.08506335240374556,0.13364559668114703,long_only
0.06639995631420714,0.08264086532149062,long_only
0.072394506013461,0.08931233262071132,long_only
0.06587683092193276,0.0761228675062195,long_only
0.07478330278627844,0.1068288259517666,long_only
0.09079770838197329,0.1514394274714348,long_only
0.09242840787789951,0.16437881732807655,long_only
0.08490875288690337,0.1145965072907263,long_only
0.09281629339962505,0.13906533731083331,long_only
0.07789005872324777,0.12258293049079501,long_only
0.07975219452490842,0.11588252388747797,long_only
0.09496010438091071,0.1422144507874448,long_only
0.09817982609220183,0.1590734561851289,long_only
0.07969840421135722,0.12567686829731695,long_only
0.09132627927975547,0.15842231677471824,long_only
0.08342286455423344,0.11841870673199399,long_only
0.06994844232652972,0.07199362973896177,long_only
0.07502794704109375,0.08336247178795954,long_only
0.0888276632106742,0.13293829462755485,long_only
0.08903573664675188,0.1767817073651349,long_only
0.08882422799297449,0.14000436689165133,long_only
0.07493975159999754,0.11419231774768017,long_only
0.0801617432885588,0.10815271225502612,long_only
0.06969341294101744,0.08742482730289823,long_only
0.07621339139581573,0.08472479451200686,long_only
0.08724343966877955,0.15065022621154028,long_only
0.09842193795109706,0.1777945038741012,long_only
0.08368080289498118,0.14569632483107275,long_only
0.08822380783475912,0.17115084843693265,long_only
0.07717405914536847,0.11122039750950526,long_only
0.08951431543248532,0.18022513081031108,long_only
0.07081502480187062,0.0932330410855772,long_only
0.08614546688994973,0.14639193855416915,long_only
0.07606915384805212,0.11861456405818065,long_only
0.08467320276541239,0.15463611087048534,long_only
0.09023070617815021,0.16723327059691176,long_only
0.07347215300997838,0.090512160593239,long_only
0.09546298949568585,0.208761376602684,long_only
0.0931611658308991,0.1468309903193002,long_only
0.08483537078211133,0.13812818837046947,long_only
0.07500595243457675,0.11034531514543279,long_only
0.08537333068439419,0.1264999079100616,long_only
0.08795965227078995,0.15865439493527342,long_only
0.09264678151304981,0.15599218006836651,long_only
0.07415976550890033,0.09103103968144173,long_only
0.08167686259906615,0.1293531388263153,long_only
0.08816190640987583,0.15773848341559565,long_only
0.06568919169611673,0.08065453191630048,long_only
0.07897546607104167,0.12927607265354096,long_only
0.07085653180032164,0.09947910315005491,long_only
0.09163902457755313,0.1906732318061549,long_only
0.0808995545191428,0.11727234459619275,long_only
0.09131047186225981,0.13713957655922973,long_only
0.08067084106628165,0.12402177628054602,long_only
0.08043882612360329,0.1277439440933096,long_only
0.08200868732215097,0.12457306632589185,long_only
0.09778310842832931,0.18096011623499525,long_only
0.0768355611283733,0.09485881283149539,long_only
0.05569911908564042,0.055065284811544817,long_only
0.08593632712773544,0.14461796084313172,long_only
0.0754894112338062,0.10296947299223787,long_only
0.07882192633566404,0.11432153168898104,long_only
0.08123540470173998,0.11146959338569341,long_only
0.081766492425354,0.14750444798269635,long_only
0.10042983609941628,0.16340578554043636,long_only
0.07114667034169636,0.10304617216158295,long_only
0.09111613670650563,0.17378096286483796,long_only
0.08794354941760615,0.14995413695429494,long_only
0.08359151590140747,0.12915059338836457,long_only
0.09231414338000889,0.15436527715971793,long_only
0.09112032343654967,0.13712855799924234,long_only
0.10092911974746431,0.15703551420228207,long_only
0.0856729601506091,0.13094008093372025,long_only
0.07087984303181852,0.09499786709577909,long_only
0.0765192749240464,0.10922924065486232,long_only
0.0808944288393971,0.1121919589835048,long_only
0.0858689005302211,0.14228686356330403,long_only
0.08426788026018345,0.15810905957390897,long_only
0.09001964503188661,0.13423951999468062,long_only
0.08767162803778342,0.13584257402375888,long_only
0.07091179252827634,0.08836702317409266,long_only
0.0888569805677439,0.15855553619626594,long_only
0.07209729831972844,0.08757351331874479,long_only
0.09258453473305261,0.17350573998275426,long_only
0.09154279948163571,0.19123021572442161,long_only
0.06478650404102235,0.060738210370100895,long_only
0.08541834905317079,0.11570828229719914,long_only
0.092709926719882,0.16245646294452842,long_only
0.09581158329335798,0.14118076976711275,long_only
0.07694871267118468,0.0856158392403017,long_only
0.09057411614846927,0.16771713802666263,long_only
0.09213138566112634,0.1324959866723386,long_only
0.0777979651990958,0.10263992496462919,long_only
0.09196177713174024,0.17333315678495975,long_only
0.08208846401980228,0.14733430451307272,long_only
0.08042185344703882,0.09617366135611269,long_only
0.09804426280337143,0.1631205680244333,long_only
0.07677998177889765,0.0975469902306808,long_only
0.07098179946838652,0.08985671752312803,long_only
0.08847253213894166,0.15888585671112376,long_only
0.09224460342044037,0.17035416290924024,long_only
0.0801352113940384,0.13591246669613974,long_only
0.08327225581791516,0.1242610008786683,long_only
0.09988337739889933,0.1496008405403037,long_only
0.08182403223705094,0.1390653248390953,long_only
0.07212845273302244,0.08966706568553953,long_only
0.07834389974321541,0.11436753461905415,long_only
0.09165434936183352,0.14643010518142077,long_only
0.09202226275691594,0.14150696047328354,long_only
0.08085859962765768,0.1383873661906902,long_only
0.09780590095052179,0.14547426455577075,long_only
0.09501637353513348,0.14071518374302538,long_only
0.09782569217967092,0.14586105713390435,long_only
0.06739205422879252,0.08452137498628465,long_only
0.08507304568197056,0.13638119323422385,long_only
0.07125429803124758,0.10440803113778856,long_only
0.08499082866898054,0.14237767699108933,long_only
0.07342402099269049,0.09500050286931215,long_only
0.08731201298827389,0.156693090731026,long_only
0.07647125991055556,0.11685179156292684,long_only
0.09225026441300428,0.15747469311760598,long_only
0.0865731146002671,0.13852754804346806,long_only
0.08329423829465742,0.11955685440338985,long_only
0.07732539566732421,0.1187316734830402,long_only
0.07321201447023072,0.07948671768709692,long_only
0.06955297968073697,0.09002809641286237,long_only
0.09367251993712529,0.18471046017690565,long_only
0.06258412307049563,0.06806274988572156,long_only
0.08593499165584507,0.14695134803220672,long_only
0.09156690556486545,0.13778266922239155,long_only
0.08326393258050352,0.13504695381499773,long_only
0.07371748545100941,0.09027128957012438,long_only
0.09261410236510186,0.14456570889404613,long_only
0.08826707844956656,0.1455068841358969,long_only
0.10046907851560907,0.18271585374198937,long_only
0.0934091114113411,0.13281395798333342,long_only
0.07708348195395409,0.1218837490046202,long_only
0.08367029338455481,0.12610780160964055,long_only
0.0792643136219481,0.12712368423648915,long_only
0.08818772452391446,0.17155401816339597,long_only
0.09340940888985384,0.14343042958635088,long_only
0.08859034342696767,0.1378799813701988,long_only
0.09213614624594017,0.15425689503110737,long_only
0.0701171228319567,0.07709343920946234,long_only
0.07204962994717244,0.08566199905911019,long_only
0.071071118926535,0.08341627214688993,long_only
0.07290153651135464,0.10795093799218428,long_only
0.08815704850316677,0.14531189571872458,long_only
0.08258091987450979,0.13373232389112147,long_only
0.09635593345124238,0.1599981747455951,long_only
0.08382487900019692,0.14090362957007954,long_only
0.07604628739028446,0.11967733309773386,long_only
0.08694344610285352,0.14134007974138602,long_only
0.08832598951634202,0.13498649893403655,long_only
0.09647203542184804,0.20252503281672563,long_only
0.07613414312192343,0.09652595373065989,long_only
0.08219436249349328,0.11291053112677778,long_only
0.07741161571185537,0.1123439815869486,long_only
0.08331483402516729,0.13631286002116652,long_only
0.09450532352029141,0.19896079922014714,long_only
0.0775572923801459,0.1282822210660245,long_only
0.09562569668155342,0.18439946192275222,long_only
0.0841024438392696,0.14955360563504747,long_only
0.07487357590738414,0.09934654167603692,long_only
0.08243227377009399,0.13045271128064004,long_only
0.07757209069348057,0.1279285635674415,long_only
0.08648310446040401,0.16131524238732484,long_only
0.08048505487314624,0.1299798485660203,long_only
0.09762510617042343,0.16888759189532804,long_only
0.07011899817065365,0.10413717552828841,long_only
0.0759410036964716,0.12516538958389403,long_only
0.09095656419269615,0.13391601315244217,long_only
0.07466874369663251,0.08322582392491122,long_only
0.08063504767210457,0.13807963636522233,long_only
0.08988263653070568,0.14272326094698834,long_only
0.09128451700303815,0.15697396166985683,long_only
0.07780438393656765,0.13113906038825968,long_only
0.08833896742796468,0.16359528275418178,long_only
0.08827312840806704,0.15233553715655446,long_only
0.08729970455349777,0.1599822486594919,long_only
0.07348327837171909,0.11014357588857968,long_only
0.08615232570619692,0.1637232187174301,long_only
0.08908510937256497,0.17161398303395314,long_only
0.08038408563126823,0.1447369345209439,long_only
0.08523297645513324,0.13780448357469272,long_only
0.0924821755403771,0.1345983446214873,long_only
0.09001601050925596,0.14260281740719835,long_only
0.07449130256548926,0.09046413060028631,long_only
0.07508500135426265,0.08082370209545921,long_only
0.07351312369304916,0.10980172369138239,long_only
0.08319699338482496,0.13415240206577234,long_only
0.0857638690190629,0.14115859177115686,long_only
0.08893696379911938,0.1382139870748425,long_only
0.08582380613692493,0.15961262898218648,long_only
0.07503891400527932,0.1139825230746237,long_only
0.09757523703228595,0.17937756566758153,long_only
0.10462768757901508,0.16311356962190698,long_only
0.08417107175233911,0.14913179927157344,long_only
0.08778468795938615,0.13825809871599884,long_only
0.07797240128351848,0.11148087158679003,long_only
0.08386084530170794,0.14259457018565247,long_only
0.08575052645312409,0.12393206755348105,long_only
0.07747704375298607,0.08820266030170777,long_only
0.09581193661811062,0.19171546031577819,long_only
0.0853758857879337,0.1341594518758985,long_only
0.07868075533092714,0.13245089033531904,long_only
0.0842913623028785,0.14797435098577968,long_only
0.06834201427307973,0.07484728239202769,long_only
0.0803350697513862,0.11880750548438454,long_only
0.07121083844421501,0.08795743096865902,long_only
0.0841498213557132,0.14388472358854715,long_only
0.07040819181391911,0.08687331277271386,long_only
0.09347901268266484,0.1646285016831912,long_only
0.07396639131857129,0.1018884070732117,long_only
0.08498266846652006,0.14028866845028928,long_only
0.08601601693478714,0.1636195564482223,long_only
0.09074168699059641,0.17672376347114077,long_only
0.0913915502633459,0.16440163268106756,long_only
0.09416362656412632,0.13745483809891354,long_only
0.08841348878016388,0.13077056450720434,long_only
0.08611829844614642,0.12054324117150186,long_only
0.0692400614183148,0.09013264030737507,long_only
0.09157798283798786,0.18565190219236083,long_only
0.0877679839931453,0.14383144779383406,long_only
0.098008239631659,0.22694624531078292,long_only
0.08892302427781393,0.13022820972048757,long_only
0.06972984507086318,0.10123462106732421,long_only
0.09141551481536199,0.14460885545772123,long_only
0.08804695873396172,0.1419324199585599,long_only
0.08527169111162812,0.13596877404398788,long_only
0.08043839195949017,0.14477020165106644,long_only
0.08543240641269385,0.15879058755441355,long_only
0.08787744145868878,0.16744771782263873,long_only
0.07088568753241596,0.09104360045466395,long_only
0.08759324461585095,0.14108269705279258,long_only
0.06418328699203393,0.07618914730051524,long_only
0.092567666239559,0.15327654187703227,long_only
0.07788455294761681,0.10100551379734943,long_only
0.08731876126534881,0.14122078816041914,long_only
0.08219513538203713,0.12670351365189036,long_only
0.097988805466727,0.20537850700412927,long_only
0.08318728308345882,0.12828495099669304,long_only
0.06904724717002113,0.07735927680312914,long_only
0.09358189465034762,0.1609135289398103,long_only
0.07232739054064721,0.08740124974525396,long_only
0.0807567043807137,0.1338241000130362,long_only
0.09184459472937459,0.1720848533705478,long_only
0.07565162306596693,0.0888580565550938,long_only
0.10165775442977448,0.1654237965522211,long_only
0.07981677960847225,0.13510268384997767,long_only
0.08380022488712623,0.1351667519059095,long_only
0.07750994017363004,0.12449925744438055,long_only
0.08013318686319763,0.1276406285499773,long_only
0.08614547683076543,0.13937284905795197,long_only
0.07932170842590622,0.12166634912622563,long_only
0.07733086585364696,0.12889117728642607,long_only
0.09208930612347714,0.17028677032093764,long_only
0.09229031892207291,0.1802495784979847,long_only
0.0876455680657141,0.1671864527879478,long_only
0.0843972514825619,0.12883065169259483,long_only
0.09295337317118932,0.16123672518718873,long_only
0.07658207354084863,0.1225491735546586,long_only
0.07936086802191616,0.1074243857182719,long_only
0.08497254957985252,0.1507453995857459,long_only
0.09427344209584336,0.19482407631264095,long_only
0.06921203564224247,0.08642150615974169,long_only
0.08094651362172868,0.10476726713620463,long_only
0.08882804131744619,0.17823858732892234,long_only
0.09017140242379247,0.14002991251167032,long_only
0.08618871123241002,0.13925685544408406,long_only
0.08776391535268929,0.15128598343772195,long_only
0.08006791041289961,0.12766026061732882,long_only
0.08721902462032867,0.13988834891733143,long_only
0.09152281338010186,0.15279897679772803,long_only
0.08715969073590026,0.13776515525158772,long_only
0.07828908323854174,0.10018890730321246,long_only
0.08574118433952908,0.14358479875964658,long_only
0.09244212752684462,0.16072890996599654,long_only
0.08050910248474016,0.11727250187809114,long_only
0.08610410670454768,0.14283465244427063,long_only
0.08748014740724912,0.14565434106199177,long_only
0.07534070117173305,0.11180958156823328,long_only
0.09446004635598784,0.17413885086089767,long_only
0.0936459086845459,0.1421303341675771,long_only
0.0910026737944476,0.18306693430575616,long_only
0.07914477729211604,0.12104748567984833,long_only
0.08011095741691032,0.12342027281297367,long_only
0.06239011301130959,0.055323586551481965,long_only
0.0693594784583848,0.09340763733385148,long_only
0.10096488769935216,0.16905076927712787,long_only
0.09215366954674523,0.13839811293071277,long_only
0.07844513520040787,0.11785106811872463,long_only
0.08799198007437546,0.12292778861821144,long_only
0.0747370384160797,0.12007958929794613,long_only
0.09382934283660502,0.1745767229797645,long_only
0.08167989195645532,0.1259012102684042,long_only
0.06302190301091255,0.07086312121948124,long_only
0.08392620521893,0.12095512235384324,long_only
0.06800360782625416,0.08529197177669737,long_only
0.08962823308145167,0.18337011840414957,long_only
0.06281484541097578,0.07121637539664692,long_only
0.07712309894340068,0.09433934264137032,long_only
0.08313550433288427,0.14512324165051665,long_only
0.07709347482021103,0.10265878755403891,long_only
0.09532710023463735,0.14155430954528714,long_only
0.09475298758556915,0.17883457392339533,long_only
0.09130417318525005,0.13167421377731825,long_only
0.09349710767956929,0.16289330307584846,long_only
0.09099273246737132,0.1275115292057731,long_only
0.08497060745229656,0.14686589621718343,long_only
0.09542658262016931,0.13663237355588026,long_only
0.08273505340451588,0.139806276392063,long_only
0.08113373562319241,0.12187440920753362,long_only
0.08878560987819063,0.17131050099153036,long_only
0.0789971772667725,0.1197124273727956,long_only
0.06456045651345767,0.06889303975302632,long_only
0.09243277753080399,0.14485534213201318,long_only
0.06870619935815313,0.08245603780367311,long_only
0.0812778745072829,0.14595394021141864,long_only
0.0860641670481527,0.15118893640081477,long_only
0.08199528422050349,0.13161872568502156,long_only
0.0786225474552691,0.10076275169599318,long_only
0.07804036518825425,0.12937057598281418,long_only
0.08637542222506647,0.11211099224562647,long_only
0.08215910354842856,0.13961107745502918,long_only
0.09541949223322893,0.1926740682585116,long_only
0.08870579964615098,0.12183245037790613,long_only
0.09634809053372162,0.17236107102322884,long_only
0.09183703578136196,0.13661122804171516,long_only
0.08059323530413928,0.1393706789844154,long_only
0.07637325184340708,0.12885877828651898,long_only
0.08378213961519787,0.15447531060366226,long_only
0.07490106744511303,0.08366677745038907,long_only
0.06626275310741483,0.08563913898115826,long_only
0.09418356972600521,0.20805315222967952,long_only
0.10157470531612602,0.18290211494358347,long_only
0.07528754312163637,0.11755581111205354,long_only
0.0901520841288127,0.16214727669575688,long_only
0.09581774861575101,0.1737425545588318,long_only
0.07788305850515052,0.12471432798154473,long_only
0.08553893558096502,0.13193291827827525,long_only
0.0850424033078972,0.12236589246146189,long_only
0.09265384329438241,0.15639945663676957,long_only
0.08514613028175817,0.14427685025198048,long_only
0.09090467748269108,0.13458703670730246,long_only
0.06944534173971875,0.07591700466528038,long_only
0.07718965853454252,0.10839522933252056,long_only
0.07811753084122391,0.11945377672136527,long_only
0.0873827059537094,0.17254586579358888,long_only
0.08792947570485062,0.16029033277167382,long_only
0.10172742398647466,0.1559474115100546,long_only
0.08925872809736,0.13384245968664424,long_only
0.08237103183423695,0.11573614554963725,long_only
0.07332943863060515,0.08970859482848421,long_only
0.08029810157935886,0.12396678386519318,long_only
0.10223859181646607,0.16525699785954545,long_only
0.08979626145470762,0.14068858131427964,long_only
0.08610096073431862,0.15394497947347666,long_only
0.08404924845419062,0.11291264764307701,long_only
0.08028955803460018,0.11282750675301798,long_only
0.08813141802084554,0.13663044370670366,long_only
0.08530129703608279,0.125529188241814,long_only
0.07454342468138654,0.0903233800878403,long_only
0.08047228184874723,0.11030515487813916,long_only
0.08377693203807618,0.12757602288839387,long_only
0.0919390107066846,0.14564033216746203,long_only
0.0748939279330887,0.09197871280713019,long_only
0.07423919946928861,0.11580162470071556,long_only
0.08058366865185503,0.12578600344832214,long_only
0.08278125690430038,0.1431408343931468,long_only
0.08096031344234823,0.11172376765906311,long_only
0.06338169678697762,0.0705803747488849,long_only
0.08274747128472718,0.14498559705275585,long_only
0.09116200194230457,0.1731237754253708,long_only
0.08293412470386305,0.10148167735313914,long_only
0.07551308107160837,0.12341212905115498,long_only
0.08681166929699198,0.16394323440085296,long_only
0.10035085307987925,0.19975788144056858,long_only
0.08301763338419726,0.12656207571755917,long_only
0.07613969972300169,0.10621643898694816,long_only
0.08891471062653236,0.145074093105302,long_only
0.08463834912616178,0.15111991503366107,long_only
0.08551573435283792,0.14449336832589327,long_only
0.09162011870454281,0.1456152488161471,long_only
0.07383995083303634,0.11506762737970377,long_only
0.0949889692835776,0.2037147360613045,long_only
0.08103374169983385,0.12071438948387717,long_only
0.07415246860288241,0.09354281460648732,long_only
0.08246980895983065,0.1250105249094494,long_only
0.09106264275727416,0.15861591674998268,long_only
0.08259058701658864,0.14622539568216159,long_only
0.07846600341516285,0.12720670079602575,long_only
0.09589015714855852,0.18383711493446453,long_only
0.0928092748187513,0.14242095185015868,long_only
0.08009099115307905,0.1366519326284466,long_only
0.08492897215491937,0.1526481759702952,long_only
0.08588272159244639,0.1406042597884196,long_only
0.09358387937188385,0.16564148115885916,long_only
0.08373358013130236,0.14880234786835264,long_only
0.07974730044611841,0.1287054761759659,long_only
0.0890159229057619,0.17952247928526696,long_only
0.08763152417594519,0.16324313791516212,long_only
0.0971305508116737,0.15588806390993962,long_only
0.0876155736596965,0.16351001942454588,long_only
0.0716011529045366,0.08893922334676857,long_only
0.08146276297366828,0.13508356435371488,long_only
0.07697459429216608,0.10650272306355067,long_only
0.08733581393425542,0.12248787785320443,long_only
0.08563398119931674,0.12808237480881157,long_only
0.07419684540317177,0.10750795788993926,long_only
0.0902485604592524,0.13125306462823078,long_only
0.09364532891775632,0.17678080573300484,long_only
0.0910182295014164,0.18706038947391115,long_only
0.07104290150821618,0.09837759295804699,long_only
0.09201623872834783,0.15411599014127084,long_only
0.07334918171251281,0.10650491493581608,long_only
0.08821415547168317,0.1336669365680966,long_only
0.08504352210284857,0.12798377789092602,long_only
0.09395573043332048,0.15385046203756084,long_only
0.08989916831015395,0.12931642730553958,long_only
0.08585294017840997,0.1217409278135169,long_only
0.07804678001360148,0.12697801784768895,long_only
0.08559341955028171,0.15089414826433042,long_only
0.0802358493319738,0.13359393038988956,long_only
0.08270836241467046,0.1402334781131236,long_only
0.0873293299856902,0.11483144716452781,long_only
0.09598085099189203,0.14249829437686404,long_only
0.08779452137914315,0.1296453423196244,long_only
0.08020651421105088,0.1309048335595124,long_only
0.0938010836623104,0.17991743496646215,long_only
0.08860906295168666,0.13935236313152946,long_only
0.08558757390052703,0.12260422482972175,long_only
0.08520668486711065,0.11355733786285448,long_only
0.06672165965362821,0.07117477173727452,long_only
0.08797123361761466,0.14996945321618643,long_only
0.08764031401140734,0.11970313069724914,long_only
0.09365391538283063,0.17866558424533416,long_only
0.07850164240634973,0.1278372577720932,long_only
0.0865372514892225,0.1723318881492516,long_only
0.10234280121971284,0.16888183655978536,long_only
0.08456171939347339,0.12719019561384948,long_only
0.08965962335850375,0.12883652176449742,long_only
0.07008829041750848,0.09501494852376115,long_only
0.07699028434103265,0.1060829040480916,long_only
0.08144586524846803,0.12305495399461677,long_only
0.09005088255739689,0.16788680478191279,long_only
0.07822369241601441,0.11323385926935965,long_only
0.09843603766356586,0.17858482245396418,long_only
0.08612149121113324,0.1650630134014473,long_only
0.073508296344593,0.1117532831995222,long_only
0.09683161713896664,0.1612802685914664,long_only
0.06323143809423115,0.07696346111039921,long_only
0.0872127193519794,0.14713171524961585,long_only
0.08797544968043149,0.16781992450988928,long_only
0.0633886232246373,0.0912118400506901,long_only
0.07159677589792543,0.07988500755713353,long_only
0.07007000191201468,0.07478099078121565,long_only
0.08555847036004997,0.11792622535855765,long_only
0.08193584100543237,0.1320943709933842,long_only
0.09720548170815206,0.14563406245683772,long_only
0.08691200909801379,0.15092074499637914,long_only
0.09351729446506574,0.15250479770504996,long_only
0.0734303874674932,0.09212417753127351,long_only
0.07328983340334023,0.12017150633916732,long_only
0.08891742703679208,0.16042770615097407,long_only
0.07972895664810117,0.11570202377583332,long_only
0.05712339950357092,0.05332533246781381,long_only
0.07731234557737296,0.10554890062289192,long_only
0.09461919868134547,0.1575219902760699,long_only
0.0895056567731784,0.13875713396021053,long_only
0.0794324075100911,0.12084772978245928,long_only
0.07390826229285198,0.11484034212799658,long_only
0.08318616468304438,0.11823911288231222,long_only
0.07685842735991383,0.1036631848060124,long_only
0.06969680807826273,0.08973184537486188,long_only
0.07162998579249846,0.08719052943316458,long_only
0.09553561297187617,0.15972720307813343,long_only
0.06870375107485338,0.09222341524475228,long_only
0.07927517320709365,0.10638069648782156,long_only
0.06850771913754075,0.09185480057094662,long_only
0.081400774198743,0.10363368466239334,long_only
0.09331672770029274,0.14302997190812833,long_only
0.08116493180517742,0.1245165660418032,long_only
0.08105143535472345,0.1443430858905668,long_only
0.0810230613046309,0.1458837919254836,long_only
0.08232481826525627,0.10705091400198744,long_only
0.08511600633461353,0.1446248842073493,long_only
0.0739908914245295,0.12049317880205276,long_only
0.07663483676250274,0.09672663625248044,long_only
0.09662416476986904,0.16498854306816108,long_only
0.08824021694597975,0.16791662530022602,long_only
0.08627546138823965,0.14721285770374803,long_only
0.09075128519662237,0.16248345011539736,long_only
0.09600061080432759,0.14954833823953959,long_only
0.06574741333650805,0.07932767457394033,long_only
0.09519710487455504,0.16200192083906975,long_only
0.06641582175104811,0.08153215971270555,long_only
0.09301117668172872,0.14522436414265213,long_only
0.09676736305580191,0.19617363668893234,long_only
0.08813799689192703,0.1315692215912012,long_only
0.08765881140389667,0.16444491599722305,long_only
0.08500389718493578,0.15344401972608648,long_only
0.06311281161290513,0.07769031717533778,long_only
0.08037945842657716,0.12519821985858037,long_only
0.08539252169739567,0.1232962185252327,long_only
0.06691442759156602,0.08802609010225955,long_only
0.08871034054914681,0.15810475689064532,long_only
0.05678471965806162,0.056831759288214684,long_only
0.08177937305221511,0.11791645057253385,long_only
0.08583452275089373,0.11615036429563708,long_only
0.1005713029282757,0.15938163718020662,long_only
0.09787657971194796,0.16753843865313914,long_only
0.09529507598494516,0.1512259575626904,long_only
0.08991809832112875,0.15939513127140226,long_only
0.08414887921848042,0.14899565300137077,long_only
0.09552571126924939,0.14295711714561218,long_only
0.0747882761113079,0.11875733331428373,long_only
0.06772992218620667,0.08516858296165405,long_only
0.09920972554275274,0.15733991134152328,long_only
0.08815485553446281,0.14377091674979608,long_only
0.0828341094231933,0.10574323270839509,long_only
0.08038005873699226,0.10671017134696745,long_only
0.08333909406668774,0.14479252212654664,long_only
0.08739270897476802,0.14479322970182323,long_only
0.07104395670438485,0.08072767664803607,long_only
0.08378416744611147,0.12382861916739067,long_only
0.08320991804068,0.1240277877033747,long_only
0.07743036676681511,0.1296261699769197,long_only
0.08489163436238645,0.14737050231894544,long_only
0.08758920359209467,0.15868332304897653,long_only
0.09166159354546007,0.18590121785021982,long_only
0.08506704878064796,0.12954202885207364,long_only
0.08538588041877038,0.1374703028343772,long_only
0.08215287443561496,0.12575763149570593,long_only
0.0952352986497605,0.1963773253542432,long_only
0.0956419929754269,0.20916330426890065,long_only
0.05828910010578608,0.06114006715050079,long_only
0.08761958688743664,0.16260854886981338,long_only
0.09789975936821262,0.16629165031298557,long_only
0.09148127111045198,0.154425485257662,long_only
0.06421686618494611,0.08803309881313105,long_only
0.07879350024793574,0.11345620734682281,long_only
0.08006230440969925,0.11523455373592104,long_only
0.09438179345773494,0.1961946561043395,long_only
0.08679620243529,0.1309320630239611,long_only
0.08299648842645463,0.1299501921051774,long_only
0.08686972332068492,0.12706496476932358,long_only
0.07820737814508402,0.12247053735217871,long_only
0.08947007748668682,0.16335278398113662,long_only
0.08521342693652575,0.1407874526539237,long_only
0.07566421161956281,0.11148852506122563,long_only
0.08540052763033908,0.1562882802755989,long_only
0.07395221040179631,0.1141360827038198,long_only
0.08923728348061337,0.15638321301063388,long_only
0.08676900062660202,0.1353921210500683,long_only
0.08754486503527652,0.16494312951890902,long_only
0.0742815881462359,0.11815731966812822,long_only
0.0852098675235223,0.14920108997123174,long_only
0.09732604043765344,0.16820391692600692,long_only
0.0853519381049514,0.12113275444518716,long_only
0.0820461642638334,0.13820820307075093,long_only
0.07514821222555787,0.11986572896471454,long_only
0.07935786640793976,0.11533398333204319,long_only
0.07406236786654644,0.10901636843888807,long_only
0.09211163479548853,0.16517887389363942,long_only
0.06786762778270525,0.0793580401923355,long_only
0.09455628080195148,0.13810724316211032,long_only
0.08880798219596431,0.16639232100784504,long_only
0.08575125056443532,0.13552154587004817,long_only
0.09113013389608424,0.14571465873193512,long_only
0.06478919603782708,0.07031668280945408,long_only
0.08416510028903072,0.13496257797882208,long_only
0.09912715604738091,0.1895620729140006,long_only
0.053302844460459665,0.05362619737686815,long_only
0.07890952171128153,0.12156317584726002,long_only
0.09016519367791509,0.165466993446706,long_only
0.07810996741304552,0.09935899047097807,long_only
0.06985459634472478,0.0722318083673931,long_only
0.07650870712213265,0.13475940678651963,long_only
0.09211277284981607,0.19189947247356315,long_only
0.09245929190238021,0.18207150103434605,long_only
0.07757404226417412,0.10078268654790865,long_only
0.08938154484101132,0.144268026068782,long_only
0.08676844739760019,0.1642349477578067,long_only
0.08624893760365618,0.13613516146611693,long_only
0.06551844803696899,0.0874255425721253,long_only
0.09417959951978276,0.15453823762164343,long_only
0.08165758764643544,0.10621256141549906,long_only
0.09041013510767358,0.1721092430369794,long_only
0.06678154259860249,0.08165208222983325,long_only
0.07983920609439288,0.12405538619070122,long_only
0.07365759277700931,0.11144662981445783,long_only
0.08291336065787819,0.16270737864404067,long_only
0.071218873727106,0.09259988723496204,long_only
0.06987459079702969,0.10131223396579288,long_only
0.10042816698996022,0.17867989680316776,long_only
0.0972597730308139,0.14675843658366672,long_only
0.07703733568547384,0.1185834536838705,long_only
0.075017567076313,0.08645719679459322,long_only
0.08224061282654478,0.14067087471881576,long_only
0.09353219943716352,0.14320498675801405,long_only
0.0863483856892446,0.11839866613694817,long_only
0.09564211903399858,0.17848997084483587,long_only
0.07468596224146559,0.09291187030697708,long_only
0.07161739396937135,0.09644119251376353,long_only
0.07140699958574874,0.09281287246753414,long_only
0.0922055469104846,0.1593808209584562,long_only
0.08879602128595944,0.1422857086933407,long_only
0.07484582930564962,0.10332135556932129,long_only
0.07269410903605601,0.09985578937012955,long_only
0.08966557282431036,0.16601591374764058,long_only
0.08693147314039482,0.13785527732969366,long_only
0.08532406720098229,0.12453833463888778,long_only
0.07453173954376888,0.09165507391062541,long_only
0.0840852801347943,0.12768946001537176,long_only
0.07552981042869171,0.09138022338931709,long_only
0.09257614094320146,0.1690823460572783,long_only
0.0740216631637931,0.08255519297464863,long_only
0.057279965063035315,0.05386795284889671,long_only
0.08148376597911453,0.14087676307438898,long_only
0.08779575133818522,0.13328629546172577,long_only
0.06247134266668489,0.06730118275366591,long_only
0.07350719958026758,0.11153728136353096,long_only
0.07359436126297787,0.08649350883732845,long_only
0.08577608517603728,0.1538756320213805,long_only
0.09170870136151639,0.1726709041946746,long_only
0.09215924616458511,0.14092089188929147,long_only
0.06882078337544446,0.08573843842811088,long_only
0.07784502776402911,0.11520910897975428,long_only
0.05944523907937057,0.05802052643025849,long_only
0.07795886006948477,0.1314243598388477,long_only
0.09117620519781913,0.18666031398103186,long_only
0.0562928787743878,0.05946519786481479,long_only
0.08044149126042871,0.12691552819262747,long_only
0.08756966117701283,0.14610589002041413,long_only
0.08207258798301403,0.13411551583249764,long_only
0.08652709666194822,0.13401736435895747,long_only
0.08468626431839166,0.138908238171593,long_only
0.07495029707464972,0.10748641996661436,long_only
0.06781936329677869,0.08688782603843966,long_only
0.08399570209653824,0.13928640228651964,long_only
0.08402867929210478,0.13341117203512132,long_only
0.07735273553219715,0.10554455048044484,long_only
0.08905880175122487,0.1437310536386971,long_only
0.08905701038417314,0.1542795905801263,long_only
0.08549622236159707,0.15416727593125168,long_only
0.08034425109474551,0.13854873602044132,long_only
0.09002637257367235,0.15062042433537182,long_only
0.09369449032660995,0.14884530821442488,long_only
0.08320574571589448,0.14176469024898553,long_only
0.0808139858351591,0.10432330462377673,long_only
0.08545420289802996,0.14941172361102376,long_only
0.08381150534504299,0.12659723235911488,long_only
0.0911496406114963,0.165287177342595,long_only
0.0914065504235261,0.1852249357631889,long_only
0.092539907939724,0.15909475665298262,long_only
0.08759796244442486,0.1313611760939965,long_only
0.0704337078113442,0.09627255583572968,long_only
0.09688178087196753,0.1433905064722025,long_only
0.08388239347065614,0.1456599692790885,long_only
0.09491208650337603,0.1944751478130342,long_only
0.1036900140098577,0.16064169526939318,long_only
0.07189192958832742,0.09754736060169672,long_only
0.08893315360956716,0.16455132411051404,long_only
0.09907841739290615,0.1775988705296567,long_only
0.07870074848038718,0.12116135983746752,long_only
0.09406918465495495,0.14466989790554582,long_only
0.08823240719139357,0.1533774666386753,long_only
0.07295479542097107,0.09150019417377732,long_only
0.08165314855900159,0.14177046905989665,long_only
0.09884480426797701,0.18780292283701752,long_only
0.10249207941746658,0.1609359575671839,long_only
0.08910754314997853,0.14075239482278085,long_only
0.06594629597085405,0.06884453393138759,long_only
0.0749287704528242,0.12464498005484831,long_only
0.08887503901773318,0.15764112678196587,long_only
0.0787745388584002,0.10959343911363163,long_only
0.09004419629471287,0.18037518384669446,long_only
0.08143617468104544,0.10879804040968762,long_only
0.07574456861886232,0.08583345249651174,long_only
0.06548563260053032,0.07631260198551669,long_only
0.06297038228798178,0.07010668449565918,long_only
0.09245291760280384,0.15339526749408214,long_only
0.09159321574007395,0.17309204166013348,long_only
0.07774752291595408,0.13172659874792317,long_only
0.07745742697598776,0.09774481870606225,long_only
0.07341376607461204,0.0997007698516156,long_only
0.08778916802781439,0.1533596950926128,long_only
0.07992970436218387,0.13775198432657754,long_only
0.07050879232701879,0.10039593114269119,long_only
0.08092791630488615,0.12366069199773878,long_only
0.08761297867197078,0.13612603543692078,long_only
0.09440030174969935,0.1464639633973151,long_only
0.10465035987395807,0.1677113926440577,long_only
0.07406071009464443,0.12878707494580158,long_only
0.09446653882582846,0.13753650965607803,long_only
0.08720472914587564,0.12363460547709075,long_only
0.07530553651733071,0.10924383008843778,long_only
0.07721218038755374,0.11317417465931111,long_only
0.07967024598074446,0.12073774049699101,long_only
0.07687141632886577,0.12561841486474135,long_only
0.07348705875746717,0.09706706011852287,long_only
0.0914423546830074,0.1311276662191116,long_only
0.09718989553159187,0.1614173890072834,long_only
0.07689612012180459,0.11685950025160075,long_only
0.08757065749136754,0.15002010426385956,long_only
0.08949161214815564,0.13516703476092576,long_only
0.0939522834088475,0.1680960155441592,long_only
0.07531102740176207,0.08718694203564782,long_only
0.08123218088997976,0.1412255002498046,long_only
0.0934018710032608,0.17095610302217143,long_only
0.08926443696230209,0.13174619539781457,long_only
0.08534100155372044,0.13668019120778502,long_only
0.0912450179196586,0.188196614437054,long_only
0.09137635281967971,0.17600177424324773,long_only
0.08884303473869452,0.15188562998114152,long_only
0.09285414821889183,0.14117858921508206,long_only
0.06445851463365188,0.0698490990742724,long_only
0.07061429407007912,0.09138476193618895,long_only
0.08851382529930965,0.13774293839337617,long_only
0.0827986026167618,0.12487900748583534,long_only
0.08236469482425181,0.1269208151093225,long_only
0.07644193201344447,0.10203532563576584,long_only
0.0730734290588377,0.10622381878670266,long_only
0.08193842506587708,0.13311706014083002,long_only
0.09056970775043434,0.1556764012042093,long_only
0.08883834785717723,0.16823183318856796,long_only
0.08460519098902355,0.1410761337255684,long_only
0.08310011846080721,0.12416878252282983,long_only
0.0723826035998046,0.08403179761697586,long_only
0.08557010306219437,0.1602447363498028,long_only
0.08228363299710298,0.12998987006156737,long_only
0.060621679073868055,0.06896728985534854,long_only
0.08616216108455797,0.16086607932443306,long_only
0.09554622310118113,0.164844057265425,long_only
0.08964951880993624,0.14579367404971275,long_only
0.0737457173046265,0.11139482839513366,long_only
0.07526269929470378,0.1136842200433463,long_only
0.08354135320064511,0.13077268466455919,long_only
0.08150683192710072,0.14660123225684635,long_only
0.09837052766847042,0.17459255970281223,long_only
0.09569070175818707,0.1714798914336095,long_only
0.07540638276541137,0.11281272988829708,long_only
0.09019129699000139,0.17889649608821456,long_only
0.08064367339694474,0.13376028317545258,long_only
0.09092836585450996,0.1335984728448588,long_only
0.09033136718416045,0.1407311634117686,long_only
0.09463745838961284,0.15030957736289655,long_only
0.08119494570809496,0.13860235318573916,long_only
0.07582558166402656,0.1129097349980138,long_only
0.08919263517859549,0.1390451114101318,long_only
0.08454987312522454,0.12831104006295863,long_only
0.0790281378360398,0.11560951284839885,long_only
0.07864914280395321,0.13282362198632378,long_only
0.07012461290353149,0.09802853576551171,long_only
0.08834548786440502,0.15392780987103916,long_only
0.08381133772579455,0.14683087051521118,long_only
0.09572753155916001,0.15818676140208546,long_only
0.08819043237589842,0.1605580544502434,long_only
0.0764190583119441,0.11670106060415278,long_only
0.07390474927723965,0.10975760080239202,long_only
0.08422526317201322,0.1393244405560278,long_only
0.09336884894202427,0.198159345773351,long_only
0.09572593331601385,0.15359210155011105,long_only
0.0838480249041642,0.11763243591908928,long_only
0.0840318400372906,0.14087057025464844,long_only
0.08718464386664389,0.11615538445596146,long_only
0.09700702083561409,0.1802499790817556,long_only
0.09367161004468325,0.1877066528265095,long_only
0.07851569966032138,0.1180116935406615,long_only
0.09296762813733955,0.1483975786199858,long_only
0.06600119467417451,0.0832888834109005,long_only
0.10013931711328528,0.16533908799537944,long_only
0.07195472362521327,0.07508763383449388,long_only
0.08633452246683425,0.11585956366779418,long_only
0.08045079598737188,0.11518003737277195,long_only
0.08808176509300489,0.1648506844763333,long_only
0.07632450004293657,0.11302348719733306,long_only
0.08700098838959365,0.12730193711224344,long_only
0.09628943648531746,0.1524226825046165,long_only
0.08371649475366351,0.12681018097370345,long_only
0.0792229135135403,0.09573816675395255,long_only
0.07928741622053341,0.13921107584935413,long_only
0.09746653657817078,0.19739914651676035,long_only
0.10110869329534415,0.16921947448991606,long_only
0.0774187433210459,0.12859721128495338,long_only
0.08334608379862356,0.15270534841781272,long_only
0.09923799355078634,0.1597658067443273,long_only
0.08432919563302493,0.11066161320050806,long_only
0.0732592259397472,0.105144280753176,long_only
0.08818013111453643,0.17657727087137912,long_only
0.08169015218763942,0.12951165716837168,long_only
0.10289186634933865,0.16027764430155655,long_only
0.0628861979745464,0.06296978389598444,long_only
0.09343218151354246,0.1559244808273616,long_only
0.07507169320221066,0.10308907452758387,long_only
0.09583296678925972,0.15064171046463043,long_only
0.08344045352504126,0.13569990537733018,long_only
0.08591011634189541,0.12122258742846019,long_only
0.07723585222924641,0.11657603576194527,long_only
0.07272793748457142,0.09348465289830034,long_only
0.10113388455709603,0.17968000575899998,long_only
0.0735255347266575,0.09484886800331205,long_only
0.0717789753212089,0.08955216445705781,long_only
0.09070795907290106,0.1689467387350027,long_only
0.0746238502798705,0.13034896089821268,long_only
0.09231721663639604,0.15149880785228953,long_only
0.08698159022512482,0.15828887621841067,long_only
0.09348189038745237,0.1921039236162285,long_only
0.05687330306935398,0.05124326915021033,long_only
0.08412487424819119,0.11420827693299625,long_only
0.07926276417311627,0.1310503209610471,long_only
0.07399712014395189,0.09327180193784955,long_only
0.09306105861937429,0.15302081592154193,long_only
0.0875683520730986,0.133223750803978,long_only
0.07408116149011329,0.10715914829047746,long_only
0.08475754162318366,0.10988554612023733,long_only
0.08806750565273064,0.1395977335001318,long_only
0.07947147657330707,0.12337704009061,long_only
0.060040531203705554,0.060735198004070075,long_only
0.0931681417147266,0.14074466268983343,long_only
0.07218042431966175,0.08668730766355495,long_only
0.06794453038824003,0.09929771292719983,long_only
0.0856845780713761,0.1480294878905563,long_only
0.059642097404287414,0.06172489832312191,long_only
0.0760708112726041,0.1158781941206656,long_only
0.09681863525835618,0.15206165248575126,long_only
0.08848979762582752,0.1574212044971759,long_only
0.07735008801512384,0.0904722682698908,long_only
0.08968220669489449,0.13040786731205145,long_only
0.07975102373029312,0.13143933512510866,long_only
0.0840779580493348,0.1485106323994391,long_only
0.09334733424137706,0.19837252264012312,long_only
0.07427277986811158,0.08670324646832332,long_only
0.09054715909167584,0.18603877439253358,long_only
0.09903565725396175,0.17902629572779022,long_only
0.09038600900579406,0.1550948718316037,long_only
0.06939717903442133,0.10045494395353316,long_only
0.06664157680678448,0.08466791613625757,long_only
0.08196812336724074,0.10722371707846004,long_only
0.08346401174792954,0.11804389295667532,long_only
0.08930343484999934,0.1628767627573899,long_only
0.07948321950083287,0.12953427172336604,long_only
0.08328101077221822,0.15882159960638165,long_only
0.06873891342560405,0.08442820957148534,long_only
0.08992663633970167,0.12481954918800517,long_only
0.0722576349004744,0.08516170675141109,long_only
0.08244083831767963,0.11972445201110961,long_only
0.07822403269975732,0.09166180718764805,long_only
0.09427335284137635,0.13741052814968896,long_only
0.09133569233111631,0.18681845886200948,long_only
0.07824343306860566,0.12240088695467273,long_only
0.07935961403536568,0.12521511801828,long_only
0.09000459410185215,0.14884261715164213,long_only
0.07682391768884068,0.10782558837211756,long_only
0.09330976078146766,0.19382160098385157,long_only
0.08302143942501766,0.14647356184280055,long_only
0.07425025656266096,0.09606227740832134,long_only
0.06332124372803181,0.05891580895261335,long_only
0.07481725390641393,0.11565241211565294,long_only
0.08024315368142909,0.12027292737385209,long_only
0.07170077834317276,0.10388327102429272,long_only
0.09581897408820818,0.17507684635092097,long_only
0.10286050499465142,0.16448485297541005,long_only
0.08865334176569828,0.1397629186777311,long_only
0.09184828498585128,0.13197954317642874,long_only
0.09145544150723865,0.12859497441873485,long_only
0.09341493963415709,0.13242576414094953,long_only
0.0782921143497043,0.11240157020916151,long_only
0.08461987813355623,0.12640529072629247,long_only
0.0912098581716206,0.17292314604901032,long_only
0.06746758553701768,0.08096856045697161,long_only
0.07864472731094173,0.10132558337622412,long_only
0.07763257959902051,0.1115820907207513,long_only
0.06977442693107462,0.07868978879221097,long_only
0.06511864057138876,0.07529335117781508,long_only
0.07477563725786075,0.11861647424689663,long_only
0.07833368034985438,0.13510607733020888,long_only
0.08992473834514322,0.16410895382046664,long_only
0.09748136580744073,0.16049671221228806,long_only
0.09733550352342189,0.14617236913583312,long_only
0.08921874348521264,0.17706644167193492,long_only
0.09467121595703415,0.15385563169374142,long_only
0.06311565439086722,0.0751959369289622,long_only
0.0642262282092092,0.060634383765451196,long_only
0.07709482181823876,0.12097945588523136,long_only
0.07223208089390441,0.0898944304372849,long_only
0.07453572952649559,0.09057970836584152,long_only
0.07555305035551711,0.11569785458561846,long_only
0.0757793864878256,0.1114192020051064,long_only
0.08503374321494185,0.1619639600635609,long_only
0.09060463992074726,0.1701865640564295,long_only
0.09121798244286891,0.1748075089850179,long_only
0.07769152534188982,0.09772762817601538,long_only
0.07132975127301905,0.10741101330310514,long_only
0.09143827551104929,0.18588888473125906,long_only
0.09133050000300692,0.16018065724181083,long_only
0.0963110557299827,0.1558696117541257,long_only
0.09563840233497248,0.1803818729569025,long_only
0.06507446729175363,0.06814393256863908,long_only
0.08938548656946439,0.16380519709734567,long_only
0.10138774537369083,0.1690213917645062,long_only
0.07693355744250853,0.11337657504716347,long_only
0.09252996186620441,0.13967053987762468,long_only
0.06753195710989908,0.0705871656943058,long_only
0.0788028393669605,0.12933453981348647,long_only
0.0867500706240194,0.1470885199655158,long_only
0.10174335961977576,0.16509207711292292,long_only
0.08696704634501316,0.16681282463820932,long_only
0.08151679034182502,0.12194766640727786,long_only
0.08161311678432481,0.149345208350498,long_only
0.09372220472652233,0.153109694236365,long_only
0.0856014977148234,0.1463516971809146,long_only
0.08947198209794135,0.14776729471755443,long_only
0.07621307310729608,0.12125987878962355,long_only
0.08231431689441004,0.14892674144944043,long_only
0.07390952420400149,0.10357372059967168,long_only
0.08396606928246392,0.1241507802699169,long_only
0.06264666310370536,0.06804829556291267,long_only
0.054678894235972435,0.05483100234464696,long_only
0.08532198505007664,0.14553027246068156,long_only
0.0901073557935474,0.15307690190709472,long_only
0.09302753172296475,0.14035937883258148,long_only
0.08472573345936048,0.11487043799516934,long_only
0.08961781650744087,0.12246023217579108,long_only
0.08625537123464246,0.1272365654673173,long_only
0.06619556805047057,0.07836698672887812,long_only
0.08968023226889249,0.1354085499908465,long_only
0.09646813803016545,0.15932943278940268,long_only
0.09581600839339834,0.1947390620152562,long_only
0.09599295241078057,0.15708328525467888,long_only
0.08214045662268694,0.12742921268010113,long_only
0.0855873124032041,0.12846019276525053,long_only
0.07425977878492675,0.1201271485260323,long_only
0.0648191362778221,0.07314658580544921,long_only
0.07634534031885043,0.10533875272233108,long_only
0.07315623805846774,0.10744958613038871,long_only
0.08445013964304787,0.11450645480417938,long_only
0.05846656207270604,0.062492977176102416,long_only
0.07092048931702671,0.09840847222348506,long_only
0.08767229834609182,0.13120065440716874,long_only
0.08744277676817536,0.1263057604634651,long_only
0.08237791468956468,0.12331691930843516,long_only
0.07614364670680573,0.10967642939088004,long_only
0.07237519416480218,0.07812874684042898,long_only
0.06867729689284603,0.09433401018604158,long_only
0.0894775046392944,0.1580652978291716,long_only
0.07086593184282643,0.10284328585910223,long_only
0.09120651368460783,0.16374684364543982,long_only
0.08417903872528062,0.11726285791149997,long_only
0.07766641135999006,0.09438681705787885,long_only
0.08335271277511085,0.11828121899570244,long_only
0.09814232383204043,0.1581505165381721,long_only
0.07561496536323656,0.10826506433396124,long_only
0.08363746412951091,0.14965429465049115,long_only
0.10075041038519564,0.15295940725412466,long_only
0.0933317382322339,0.170836759192832,long_only
0.07831097443514658,0.10743179224367295,long_only
0.0891096894159447,0.1661395871971763,long_only
0.07771588087721357,0.11471405852320717,long_only
0.08173366899853154,0.1384430046669645,long_only
0.07763174292937701,0.1251416142641767,long_only
0.07145552063321008,0.08433050945284529,long_only
0.08848384417435219,0.15079458371380766,long_only
0.09323611312112787,0.196156671662384,long_only
0.08104993606942619,0.12310989110459751,long_only
0.08711389004640747,0.12836943655728003,long_only
0.08644409045616314,0.1671395713105163,long_only
0.09273431715836798,0.14861614759999806,long_only
0.08700188779475823,0.15811182343098715,long_only
0.08493669062083932,0.12691539469978816,long_only
0.07868077132437548,0.11629641259153974,long_only
0.098955492382895,0.14740331146539234,long_only
0.09222137594591621,0.16480509493621923,long_only
0.09454775743561826,0.1508824804626984,long_only
0.06538169217921753,0.07600697714673278,long_only
0.07051966685879685,0.10862320040209436,long_only
0.08004032038940037,0.13454370405132823,long_only
0.0910093092551593,0.16331263962763934,long_only
0.09694154074234079,0.14468254822040694,long_only
0.09726463147139953,0.15863895118641888,long_only
0.09029197270147153,0.13478478931035992,long_only
0.09369506515773153,0.1914973319757917,long_only
0.09055587850427504,0.1819589744523778,long_only
0.059203398262085316,0.06764384737993955,long_only
0.08800534460035205,0.1292419455194753,long_only
0.09010466136981836,0.13590364529114096,long_only
0.08987927453367474,0.15365223225685992,long_only
0.0712719464293231,0.10603315483266892,long_only
0.08440553214331804,0.14467705370666456,long_only
0.09009678983016225,0.14197646318429782,long_only
0.08686266711396198,0.13471272211163704,long_only
0.09181492013782054,0.1668860480913299,long_only
0.09112978159184006,0.1298901023477918,long_only
0.08488988475999275,0.15430589002157732,long_only
0.0956010723425314,0.20034268032118605,long_only
0.08906760638368864,0.13178700241442048,long_only
0.09236657425332435,0.17663972664589814,long_only
0.09062908891686436,0.15317358832089253,long_only
0.07729605615513822,0.11698663466088825,long_only
0.0916485757532558,0.14018485402081948,long_only
0.08271697733185149,0.14324655492952057,long_only
0.08463347401832134,0.13673522088846687,long_only
0.0903879511236708,0.1690008520466302,long_only
0.07658998177630773,0.10595843391946638,long_only
0.0850251318765959,0.1120422735446922,long_only
0.07788992893093544,0.1160251222442364,long_only
0.07070863263478212,0.09634976878763142,long_only
0.09519432834292822,0.16757377170573462,long_only
0.07574597854779935,0.11749360830352534,long_only
0.07428666211334879,0.12759631374648125,long_only
0.08048476871828864,0.10855641956366727,long_only
0.07366004632456077,0.10171814506512775,long_only
0.08428254074869228,0.10454177200194022,long_only
0.07823707174484001,0.12812875997739775,long_only
0.09998244464436927,0.16557260840700752,long_only
0.07947687502257114,0.13412097412255855,long_only
0.07353418586071546,0.08020726593907677,long_only
0.08936266246588948,0.14984966250521506,long_only
0.08987578534592229,0.13431874352668108,long_only
0.08006326085057683,0.12003154017010606,long_only
0.07686831933035267,0.11582723282482454,long_only
0.06742179336379965,0.08992750213673736,long_only
0.07592951223492116,0.11656881247686927,long_only
0.09659158729076199,0.16524718853540044,long_only
0.09280578190846818,0.1539998002365305,long_only
0.08369159767777065,0.11077805705692884,long_only
0.07720847510310637,0.12564544785314827,long_only
0.08875384888899526,0.14962925252529524,long_only
0.08159901735767104,0.13669300591022393,long_only
0.08392565447596413,0.12084598608119733,long_only
0.09266005073355821,0.15695990603485133,long_only
0.10364469665484217,0.1688861712443643,long_only
0.09918375768640963,0.21762029573230113,long_only
0.08216732417876224,0.11540798013386687,long_only
0.08318491952792113,0.1347804076399185,long_only
0.06938508995809392,0.10424754128793574,long_only
0.08823857069662669,0.11648871775721226,long_only
0.07917708867256461,0.13954126452290908,long_only
0.058979519282467814,0.06717254845050452,long_only
0.06706985212562297,0.07377243208247633,long_only
0.08969377713278122,0.15255438472804908,long_only
0.08529918235021287,0.153618148978514,long_only
0.0939590719089141,0.16346838753643944,long_only
0.07570884146090308,0.0915112726389653,long_only
0.08644303757253259,0.16334455392841365,long_only
0.10063928362294788,0.15386584382806312,long_only
0.0993904091820934,0.15161916398478328,long_only
0.09548066222191046,0.19575105856389785,long_only
0.08563196470836974,0.12108149141229209,long_only
0.07425827478126018,0.09681791201277913,long_only
0.07793413219232048,0.10656435425320401,long_only
0.07437554854383463,0.10301681604142957,long_only
0.08739840575419373,0.14222925132586967,long_only
0.0816901545500676,0.125192475649741,long_only
0.08197896074083875,0.13014210066624876,long_only
0.08749500879693836,0.1531602887007291,long_only
0.08905059900570554,0.1690116724269527,long_only
0.08550848828201218,0.12093714044535696,long_only
0.08492888666942078,0.13714213536611536,long_only
0.06940250433277739,0.07894965307407058,long_only
0.08591515757257165,0.1567810442364623,long_only
0.09179215121874969,0.12928435711441308,long_only
0.09182478122541025,0.15406808909556255,long_only
0.09584258684825549,0.15587198191752152,long_only
0.08157164713010082,0.13651128559271183,long_only
0.0955494396400561,0.15555245996983075,long_only
0.09827420274791189,0.1631027867142303,long_only
0.09515795457270962,0.15140922235390272,long_only
0.09840945517777906,0.16582350162826548,long_only
0.07965404493192438,0.12271643812215621,long_only
0.08537329682364223,0.12276619269254326,long_only
0.07821796349271692,0.10767028602956966,long_only
0.09085520158174251,0.16855053951369725,long_only
0.07776854897171598,0.1309067189746823,long_only
0.08730926705091302,0.16971384257387234,long_only
0.06583580515205001,0.09906211583185841,long_only
0.08192173249128022,0.13476394473705874,long_only
0.061465149433354606,0.05394149593613569,long_only
0.08491970736890053,0.1558739196225378,long_only
0.06789816917545419,0.07599025724754631,long_only
0.09346722443734123,0.18019548884563447,long_only
0.09621889016152299,0.15664610119671304,long_only
0.08217122231204978,0.11053948650255929,long_only
0.08663426046507712,0.16309581764290687,long_only
0.06764695055446612,0.07645291423847216,long_only
0.07809114747092555,0.11652292943348114,long_only
0.061044547562338194,0.05809490392285768,long_only
0.08204191888622495,0.10691489168627222,long_only
0.09662236100767425,0.16773885748648032,long_only
0.08736535315740102,0.1659447241668654,long_only
0.07284321096313251,0.09229464959446809,long_only
0.08790037750861393,0.15153786925576518,long_only
0.07101872496974364,0.07389520214318564,long_only
0.07069635869833824,0.08774116812868786,long_only
0.08915564072217688,0.1600128576641329,long_only
0.0857663332819971,0.12096169449858003,long_only
0.09186441590861112,0.15497726079466387,long_only
0.08264985895142177,0.12962157478826683,long_only
0.08749431119369759,0.155241846004704,long_only
0.07177712596699815,0.09369179719166268,long_only
0.06895633455338276,0.08098667825540586,long_only
0.0767495727825508,0.10751145596277095,long_only
0.09453048493109512,0.1376050927781646,long_only
0.08923179051816278,0.15884559736116757,long_only
0.08553948745638772,0.1285539884680125,long_only
0.0844018195624469,0.1271011218215912,long_only
0.07887838816130785,0.12780378284685348,long_only
0.08173982967726784,0.11603143304923974,long_only
0.09350594272642047,0.18854709109819545,long_only
0.08003133198141742,0.12509295579141083,long_only
0.07722696896363655,0.1188123813035676,long_only
0.08085774064573141,0.1387918395272249,long_only
0.09429509677832455,0.18275841038475119,long_only
0.08759980216910829,0.16939047987117814,long_only
0.09115749880047715,0.1765105820612723,long_only
0.06943995226950443,0.0889635271755263,long_only
0.08115543115807741,0.13351869165149244,long_only
0.08578507502218614,0.14338286105182443,long_only
0.08881294957471812,0.14769350935541245,long_only
0.06125359035737439,0.06925344702839348,long_only
0.0979295287985836,0.15586162431909076,long_only
0.08755770886447274,0.13652251085828246,long_only
0.09288243912136385,0.15512968558647794,long_only
0.08771727755653384,0.16769807101970066,long_only
0.08184877270652001,0.14134759787229567,long_only
0.08062265641040667,0.13859690487660592,long_only
0.07855978384057,0.11464685367274564,long_only
0.09768783646798548,0.18120265063504706,long_only
0.09079014831640254,0.1497562968491974,long_only
0.08423271732895167,0.1504203605091823,long_only
0.08827494405416009,0.1366019765749076,long_only
0.10061898013240922,0.16240452549075723,long_only
0.08051947695723963,0.11493655398439694,long_only
0.07893819691642646,0.12327769827931757,long_only
0.0740895469564702,0.10905185800798675,long_only
0.07294080263813511,0.10096097627173874,long_only
0.06873236989054549,0.07448484761073725,long_only
0.07630396448684484,0.09504115197281261,long_only
0.08786793565525096,0.1324631183433718,long_only
0.0823863455114755,0.12543161503609862,long_only
0.06163299553409046,0.06357865842057266,long_only
0.0936166403009766,0.1507605350488604,long_only
0.09356051823964708,0.20032391721501963,long_only
0.05985933002695253,0.05722327977879396,long_only
0.056521996338292156,0.05232369540428383,long_only
0.09320882816735039,0.19581395241425267,long_only
0.0763081980218112,0.10641315912087092,long_only
0.07971512927990984,0.1260668106769419,long_only
0.08633062101670494,0.1464430243993099,long_only
0.09384368843394414,0.18600869890648908,long_only
0.08738860632993427,0.1329929634927838,long_only
0.0960437971703681,0.20730485462777867,long_only
0.07867613560454824,0.13570057851951153,long_only
0.08092506707804803,0.13117551397876082,long_only
0.06438874024570852,0.07037261837294762,long_only
0.09553516678829697,0.1529475214742022,long_only
0.08516179055362481,0.14316640691776686,long_only
0.08389586490731347,0.1407956622458469,long_only
0.05804057354010617,0.05342960508184223,long_only
0.08983193546726548,0.13750652411175288,long_only
0.0922464876974939,0.1553850358128118,long_only
0.07591897987149644,0.10581973741876965,long_only
0.07321624995812646,0.10029038999063439,long_only
0.07915048446491099,0.10753299760031859,long_only
0.0979786351054884,0.16056884343431424,long_only
0.09044840276650369,0.1742293638810136,long_only
0.08714309104175852,0.13626423483486946,long_only
0.07172222264925507,0.10969082246056494,long_only
0.07524173643498185,0.11785864874631001,long_only
0.0758159087539462,0.11492279887217756,long_only
0.08788115263486558,0.14111433154069863,long_only
0.08246562747427247,0.13079792840495433,long_only
0.08998272403558089,0.17183745428133762,long_only
0.09556661756378411,0.1633064769079217,long_only
0.07896168715790065,0.12808596091818647,long_only
0.09115768107512179,0.13015876104843768,long_only
0.07851738416781491,0.11106293259100374,long_only
0.08842571791480466,0.15872212128022983,long_only
0.09695098516960399,0.14771354925565233,long_only
0.05982449053117224,0.06095179776667071,long_only
0.06316211657820293,0.06513715079879014,long_only
0.07045034147152907,0.07998975285511813,long_only
0.10511844966093929,0.17724429978408116,long_only
0.08629864997937448,0.13601848303894395,long_only
0.08053632341659132,0.11681552799668167,long_only
0.06245559638234323,0.06286309801189381,long_only
0.0712893213602457,0.07974597870886331,long_only
0.08356814532525902,0.1475496393407304,long_only
0.07104180303913325,0.07357592912138584,long_only
0.08756943415186022,0.15126330208946293,long_only
0.08340396331015187,0.1380508231817499,long_only
0.07246665494829664,0.10226803677416473,long_only
0.07400879255049912,0.1161672398969862,long_only
0.08384779220838465,0.14718458891123265,long_only
0.0838989758016043,0.11824051253686563,long_only
0.07708483476146862,0.11216861106422966,long_only
0.08002034642159553,0.095851488519238,long_only
0.08254912531781347,0.12545652603083177,long_only
0.07237556328691626,0.09317226890614093,long_only
0.07847766548410093,0.10298592768218116,long_only
0.08926084697685661,0.12105704377848803,long_only
0.09328987886058915,0.14056319615534163,long_only
0.09084193432026842,0.15030708067451826,long_only
0.07840261295094772,0.1031383167940082,long_only
0.08790337371236238,0.15969194095427816,long_only
0.10399764541126273,0.1713025575559248,long_only
0.08037696755920513,0.10359173448563588,long_only
0.07804465571817465,0.12672639729763843,long_only
0.07286856991161754,0.07877316457418264,long_only
0.09248407362951588,0.14278685816057257,long_only
0.08138998215464018,0.10381620104342268,long_only
0.08238874446234436,0.12834630742619368,long_only
0.1051445052055109,0.16712894792427546,long_only
0.08009739288486441,0.1364410318208008,long_only
0.08468412242523343,0.15401970176051072,long_only
0.06912816253082668,0.07467939926416224,long_only
0.10284083581564453,0.16009351545417566,long_only
0.08076621757476869,0.11724993214171331,long_only
0.08834417573256785,0.1582881699944946,long_only
0.08752191075515901,0.14569943771288374,long_only
0.09160401037075759,0.16401753117644072,long_only
0.05928397286553168,0.05201916588934152,long_only
0.0741437499058563,0.10813160664875252,long_only
0.06984270827339188,0.08234916460290358,long_only
0.06825232015428269,0.0779477782190021,long_only
0.09927931822052281,0.1480486184699583,long_only
0.07988499012063244,0.10819561437327532,long_only
0.08150553055996568,0.1228742258357823,long_only
0.07721254379094476,0.10073861573687375,long_only
0.08841909627064848,0.12521656117230903,long_only
0.09242420984191557,0.1758335397137252,long_only
0.09803423495534806,0.1688129070397347,long_only
0.07497835197951792,0.10595389774988816,long_only
0.0665863737528513,0.07634027016401525,long_only
0.0986740709306079,0.15692161557576823,long_only
0.05615674601623067,0.060297819500687196,long_only
0.07301987970355384,0.10650655957208877,long_only
0.0828670397469386,0.11983158739925355,long_only
0.09052896380504313,0.16824137857757462,long_only
0.08320428371252077,0.1160185175416615,long_only
0.09741475496638786,0.1807020861172407,long_only
0.08216924289544437,0.1365143773582835,long_only
0.09800509422057495,0.15909435875600367,long_only
0.06725109987647812,0.07870199639532162,long_only
0.09813500541648694,0.1560563529032215,long_only
0.080816411264792,0.09551960348499454,long_only
0.0859187748562771,0.15734124859947524,long_only
0.08267150542396894,0.12497840337866585,long_only
0.08971194404387169,0.16168152141794828,long_only
0.09484165042387765,0.1858372142159653,long_only
0.08053419824061907,0.10493696619193574,long_only
0.07205857429680143,0.09421746447480252,long_only
0.06281269782563151,0.0676806628836672,long_only
0.08888315585251624,0.16870528431638462,long_only
0.0792701396805579,0.1228694948605617,long_only
0.0873867612623445,0.13749923013228157,long_only
0.09159192929691451,0.1538685559028351,long_only
0.06860251757542364,0.09445300434917586,long_only
0.07836953931839853,0.12890604969115246,long_only
0.07435352800240785,0.10567523452125518,long_only
0.07502278371271369,0.09980687646222672,long_only
0.08530874922131326,0.1577833445654286,long_only
0.08163581751786746,0.11883649778134861,long_only
0.09065819903610361,0.14971816083074854,long_only
0.0908736371510032,0.14615776062404318,long_only
0.08889055391009408,0.13800856225454225,long_only
0.08372188870352823,0.1269410847276308,long_only
0.0723491402417953,0.10882730734101852,long_only
0.09269906227351389,0.16189917965646072,long_only
0.07414965944502587,0.11817672244509611,long_only
0.09403835273808743,0.14914396234331623,long_only
0.08124841708076438,0.13012292040612763,long_only
0.0905015059792905,0.1675882709079483,long_only
0.08884776941436758,0.14804448739369488,long_only
0.09179704284778022,0.1459287996558234,long_only
0.08410122814928696,0.1511902952192546,long_only
0.08402646118641936,0.11846438959219523,long_only
0.086485040106443,0.1396468683184874,long_only
0.07248907386493275,0.1028651205029834,long_only
0.08777365583758111,0.1440774350567137,long_only
0.08500079982752094,0.12729754007064079,long_only
0.09625593764394258,0.13957596829387756,long_only
0.08090172433490178,0.1348880902987007,long_only
0.07390162218516022,0.11911004604546101,long_only
0.08121286355372916,0.14025799899336552,long_only
0.08199940685089278,0.14003851497011532,long_only
0.08856319700901176,0.12102103738160672,long_only
0.0982494110597652,0.17104773484903749,long_only
0.07882082914150922,0.10003200230108886,long_only
0.092984584857381,0.18955274401874403,long_only
0.09353093086064325,0.1401944992841623,long_only
0.09132062459949888,0.1493778743215139,long_only
0.074323475181268,0.11073682849404809,long_only
0.08989604330867053,0.13775296619694327,long_only
0.08772424558882069,0.12617086665784277,long_only
0.07569351049216083,0.13058921977250074,long_only
0.08570898660364862,0.13566617759531394,long_only
0.07913829268640689,0.13142824274524226,long_only
0.07274046320242496,0.08296036932130502,long_only
0.09819014739158552,0.1440681015868929,long_only
0.09470496120840381,0.16042769090080644,long_only
0.06982582319619308,0.09896760999833651,long_only
0.0818372980548923,0.1046701059304407,long_only
0.07604316892930271,0.11408061611172293,long_only
0.0811906059165003,0.13207957659273317,long_only
0.08906509744983614,0.15357028676047746,long_only
0.08898327198124162,0.15861199547235103,long_only
0.0759998509113038,0.10458544029314246,long_only
0.09526316142514381,0.16428311492149975,long_only
0.06718576871156355,0.08530439979492317,long_only
0.08207621851120296,0.1295754381122611,long_only
0.08465401231621453,0.11615527175517222,long_only
0.07695516499819183,0.12717919359416516,long_only
0.0865943386159491,0.16041801802179417,long_only
0.08899935436339887,0.13753596130713547,long_only
0.07397764538897318,0.11909444241756195,long_only
0.09593794511315178,0.17718893733321422,long_only
0.06257406661049589,0.0738983406391484,long_only
0.07067028987773784,0.09576525568348108,long_only
0.09741652614959996,0.1642597797232053,long_only
0.0915032127598794,0.15518944538668336,long_only
0.06708232915837402,0.06412284568584244,long_only
0.07997575751602945,0.11314237980400735,long_only
0.07133417633164285,0.09456549421745332,long_only
0.0921887376230038,0.17087421324385021,long_only
0.06740639150245473,0.08519335287331846,long_only
0.0753958517053972,0.1081652682423824,long_only
0.06690991702562651,0.08893105666183042,long_only
0.077936090207025,0.10440918276937317,long_only
0.08427904309363352,0.1415153713759206,long_only
0.09413761499131172,0.15107382224514482,long_only
0.08827268507847244,0.15977116179936948,long_only
0.08652023210487796,0.15697291274091468,long_only
0.07797552840196394,0.12787834467897163,long_only
0.07280843031173712,0.09098748879056642,long_only
0.07388492220556543,0.11047445659918062,long_only
0.08665957663828669,0.15339847655531236,long_only
0.09042155381659457,0.1264749020509876,long_only
0.09741729227863066,0.15978111103270992,long_only
0.07597246190876339,0.11845611218524366,long_only
0.08901036576646917,0.15611544815412418,long_only
0.08797761857093583,0.16175440828018006,long_only
0.10119921342007837,0.1539829021695284,long_only
0.07510894518334602,0.09687165962094049,long_only
0.08691660070405015,0.13054632508546962,long_only
0.08665530526223127,0.132925884501481,long_only
0.09332119489140174,0.16934536470080586,long_only
0.08844222371347758,0.13562686419603268,long_only
0.08210043268881098,0.130231622504231,long_only
0.09325563703967273,0.14444315858483353,long_only
0.08832846646924047,0.13796173295249076,long_only
0.08607626320445425,0.1540369249225484,long_only
0.061880630911050616,0.07547796069529568,long_only
0.055058173576831154,0.0529843685518504,long_only
0.09591252629871007,0.14235679012407784,long_only
0.08665855355876113,0.16762839686547118,long_only
0.09745535913580378,0.1463761284365366,long_only
0.08357916521912762,0.1482314994743956,long_only
0.1003817850623705,0.20990868028930112,long_only
0.0774120838792959,0.1254914943714542,long_only
0.05920751297963142,0.05671219217934212,long_only
0.0952178218696512,0.16064538924622807,long_only
0.06772504766451413,0.09132857071830956,long_only
0.07240271467268024,0.08524231180748106,long_only
0.05997485856635317,0.057535476690802015,long_only
0.08763655053687577,0.13887990642536763,long_only
0.07826369202941699,0.13260292770026869,long_only
0.08227788265888628,0.14115468746465734,long_only
0.08386801014172071,0.12363535269207138,long_only
0.10001447528799397,0.16933723530832812,long_only
0.08561391949859708,0.1417520097700449,long_only
0.09227784738525249,0.15655816244769508,long_only
0.07759083597837652,0.109092120206697,long_only
0.06828921842865612,0.09142205002214447,long_only
0.09500954071928691,0.19415777018413125,long_only
0.0744539278953335,0.11185852523664612,long_only
0.09497373437163638,0.17232307480115003,long_only
0.07781247274521674,0.12264454182927276,long_only
0.08155961325070592,0.1400873835572428,long_only
0.0825745514236119,0.14427765735600623,long_only
0.08314618697685434,0.12985998432084392,long_only
0.07606545914210075,0.09215412124320754,long_only
0.08458313491480737,0.14908009169156838,long_only
0.09960630563052923,0.21142799359925588,long_only
0.09029053445897672,0.1353726221800991,long_only
0.10472268891197402,0.17190837755287164,long_only
0.09361319188615125,0.1580463317885248,long_only
0.0815185678698187,0.12691236777526238,long_only
0.09651093114948489,0.14141805793650714,long_only
0.08321629019967844,0.13635136930222264,long_only
0.07993197871760341,0.13102241451005292,long_only
0.09169911705788508,0.1573910721727903,long_only
0.07585699755872699,0.1069014482492546,long_only
0.07312225295309473,0.09007487165010768,long_only
0.0876861153434078,0.12445037631928636,long_only
0.09375177368670995,0.14044424436027442,long_only
0.09259060904000176,0.13281936006463144,long_only
0.08952631087173243,0.14255140942140582,long_only
0.0895255249075664,0.1788567524188116,long_only
0.08073350688686992,0.12815783449145665,long_only
0.060172210751137344,0.05703567664382251,long_only
0.08694456848815602,0.1301152728802363,long_only
0.05150439421033726,0.05003041044136159,long_only
0.08674577269693164,0.13055332709317855,long_only
0.08798230395188615,0.15060030798588495,long_only
0.09837629479492453,0.19214454064939684,long_only
0.09181763181122522,0.14364547711780845,long_only
0.0885064241190685,0.16023752488593027,long_only
0.09523529566826018,0.20283713401561373,long_only
0.06746093810197497,0.0750608181958696,long_only
0.08235588917050116,0.1332764757957397,long_only
0.08151497595825583,0.11593741363849097,long_only
0.09236555015834483,0.1927900221438776,long_only
0.0828287880217987,0.1471754019204589,long_only
0.08372537917280265,0.1424967237576363,long_only
0.0770213298765189,0.10117520290585862,long_only
0.08935207828680657,0.1576358465107126,long_only
0.0857484502446637,0.14290201026693403,long_only
0.0955992499627761,0.19088381978341898,long_only
0.07163015489010642,0.09175146315597052,long_only
0.09426753026626096,0.14060943299587658,long_only
0.0856301716010009,0.147646565311969,long_only
0.09218180726397819,0.14940699032019475,long_only
0.07477201625470224,0.09774749518363225,long_only
0.08195528733540423,0.12733591276638298,long_only
0.09612658721583543,0.1684516737989106,long_only
0.09486912146539947,0.15413250837296907,long_only
0.07919697292107686,0.12789736165711446,long_only
0.08251397319596776,0.13605393530761964,long_only
0.08854551907016181,0.12580284927431445,long_only
0.08872649834531525,0.1381759627696657,long_only
0.09070842283607451,0.14881376453528455,long_only
0.0841565783622251,0.1283237017216938,long_only
0.08958673557449744,0.1728531608335725,long_only
0.07078817290897768,0.11068696118917215,long_only
0.08238677823548379,0.14392378526660354,long_only
0.08746410842607304,0.15802901217540052,long_only
0.09036859483993184,0.17962352671357076,long_only
0.08708048548884509,0.13536999114923823,long_only
0.08316855945097555,0.12068449682781009,long_only
0.08043205665269827,0.13231659331284595,long_only
0.08752758437721454,0.13745750956072114,long_only
0.06939377977615985,0.08659345122057473,long_only
0.0668059978115263,0.0773671877005521,long_only
0.06702353277889812,0.08109116075815999,long_only
0.08734120640112537,0.16536476262507527,long_only
0.0951271289457068,0.13931726227439786,long_only
0.0764239198971762,0.11358837102405306,long_only
0.08257615399338032,0.14336887103454085,long_only
0.09344728766403644,0.15780515096159606,long_only
0.09528378222111024,0.13831475035738575,long_only
0.08291336868077143,0.14289750177766775,long_only
0.09675623961564053,0.1488547757852834,long_only
0.08459774347597925,0.1470658068468701,long_only
0.08915125446725168,0.15035314239430278,long_only
0.09815819142470053,0.16707951886234945,long_only
0.08338447548426088,0.12686113297384818,long_only
0.07738366498666226,0.09679476947623813,long_only
0.09775735186865392,0.20416797033659778,long_only
0.07725040663421227,0.1080327146995127,long_only
0.08805944124899044,0.12766330773429288,long_only
0.08907772648250227,0.14939341392904637,long_only
0.07963462806981703,0.1389629017476377,long_only
0.07759348754952643,0.11417053650363511,long_only
0.07450605639871417,0.1273518450352338,long_only
0.08907389958454769,0.15351390639403076,long_only
0.07891418834783241,0.1220576379117424,long_only
0.08334587589943616,0.15279573100993774,long_only
0.08086298575970396,0.1280015679216691,long_only
0.08972460588052988,0.17530354941722037,long_only
0.0912070554815997,0.18687483913531114,long_only
0.08565707497086765,0.11722356344812004,long_only
0.0732923202618201,0.10528808311362724,long_only
0.08891243939727524,0.15310078197405017,long_only
0.07125797554982433,0.10203057552876654,long_only
0.08913168891763458,0.16208294966826678,long_only
0.09738042433440738,0.19019998209350653,long_only
0.08825154972126206,0.12318824062062313,long_only
0.06926500242900879,0.08544175381418266,long_only
0.06985396048105251,0.10555951855361788,long_only
0.07948778616015123,0.13983099295973117,long_only
0.0778879665153659,0.11118184563735703,long_only
0.07885182018168137,0.12859191016014454,long_only
0.08738229702799188,0.1509657101962325,long_only
0.0832909030065255,0.1513015485408918,long_only
0.09067278079248704,0.1251373476092429,long_only
0.0724550384319418,0.1021157245247445,long_only
0.0791032368365714,0.12590034045699006,long_only
0.06213353714092094,0.06008299407374101,long_only
0.08277772552970701,0.14226609204627452,long_only
0.07073579082135124,0.07822580743799523,long_only
0.07711631130625374,0.11385468523233143,long_only
0.07458450008807849,0.08736193474752892,long_only
0.07694834498995465,0.09487908333721623,long_only
0.08303022186356607,0.13335477469237766,long_only
0.09077562444426679,0.1612371528659254,long_only
0.09536588789809844,0.17734426239801945,long_only
0.10047557742744725,0.1606856718437087,long_only
0.07602505383137294,0.11231837827747884,long_only
0.0822056741679393,0.1466476798789471,long_only
0.09566887776459052,0.1817011661693526,long_only
0.08260151084807484,0.1283408971613627,long_only
0.08943835700817412,0.16348669443408742,long_only
0.0818906974025581,0.10375415826251454,long_only
0.09526595973269407,0.16553434839394562,long_only
0.06913816947834538,0.0739125443144598,long_only
0.0872150679142403,0.15528793333484217,long_only
0.08832361385530099,0.15020066781887353,long_only
0.08203905239901148,0.13052225808793672,long_only
0.06858200025122883,0.0931484653618307,long_only
0.051232088750611825,0.04986147203321049,long_only
0.08062039829057202,0.13444723548570686,long_only
0.09491400489844597,0.15559623049942684,long_only
0.08624118490631891,0.1527647869141673,long_only
0.07935874709868004,0.11955084416427761,long_only
0.08375752924508252,0.13583377520554848,long_only
0.08114021602328989,0.1253168983916222,long_only
0.10010561495941879,0.15573833600617845,long_only
0.07722851748288756,0.10801542970605893,long_only
0.06966686235709589,0.09635744450387373,long_only
0.06858566906520967,0.07961956914577459,long_only
0.09087908001191738,0.17967969830544486,long_only
0.08944399126570497,0.17476405570027406,long_only
0.0894380371246695,0.13061075525808472,long_only
0.0733131094108389,0.12878174498672876,long_only
0.08857000898432303,0.12666658423237384,long_only
0.07041742460107901,0.08483059013495924,long_only
0.09028985050279023,0.12492971841054695,long_only
0.07846185550313724,0.12548905642837563,long_only
0.08483367836260859,0.11681107724448014,long_only
0.09636301511376201,0.1725348929397211,long_only
0.08188610652093184,0.11106053179801711,long_only
0.08252743702534639,0.13322620529772194,long_only
0.06792466956914234,0.07916166062082619,long_only
0.09488985379755781,0.16454234655208771,long_only
0.06744909348694786,0.08419095701847222,long_only
0.09816951959215173,0.1459399967509674,long_only
0.08581613866687621,0.15189427348135628,long_only
0.09056832770954006,0.15143564907132792,long_only
0.06918328777088888,0.06740012637010372,long_only
0.059954056026995876,0.05651256812663533,long_only
0.05438334212487066,0.04914267054938772,long_only
0.08444930861972129,0.1508581459490142,long_only
0.06631325837719171,0.08138508248856434,long_only
0.08898802488898581,0.17213781062922623,long_only
0.0989341411020654,0.15018557238886726,long_only
0.09738073782511175,0.15898857837912106,long_only
0.07657456159961101,0.11896969875655508,long_only
0.08004997457758822,0.11801435596949819,long_only
0.07700734827477324,0.10933556615691058,long_only
0.09776283266960621,0.15150081421996647,long_only
0.08315287888205344,0.11856665927408769,long_only
0.07250690379904823,0.11936027127797076,long_only
0.0689519529297636,0.07497716187853079,long_only
0.08687354071363944,0.1167262512447206,long_only
0.09364606892958274,0.1603884575762929,long_only
0.07653141873626267,0.08794598150567777,long_only
0.07972197230461671,0.12439970424947881,long_only
0.07233671462478511,0.07893997730906094,long_only
0.07274930412127328,0.10605879018902188,long_only
0.0800569985005723,0.10898077967609221,long_only
0.06213329297968409,0.06852970741508223,long_only
0.08843673205401423,0.14398915618741917,long_only
0.07703748021376354,0.11189846544328186,long_only
0.0675917128194827,0.08235413274255834,long_only
0.05540486067178913,0.05420079135519322,long_only
0.08717177071997481,0.1232021808374549,long_only
0.08252728435513688,0.1325876869763173,long_only
0.068103502625642,0.09144971300732987,long_only
0.0830066398849022,0.11530906421632,long_only
0.08433259928703328,0.13856988099982584,long_only
0.09311585775399547,0.18253999642526855,long_only
0.09345538486016862,0.20206323113085858,long_only
0.08596534157100391,0.1230060184492015,long_only
0.08100418415533639,0.11240090249660278,long_only
0.0938914250458093,0.15427630421510527,long_only
0.055466451760809554,0.054297639342779015,long_only
0.07487075123859446,0.10897048384381616,long_only
0.07744636230859989,0.13350267458561219,long_only
0.07204865414090329,0.0779661176394801,long_only
0.08909163715652114,0.1633488545974112,long_only
0.06896948313026197,0.09029688339403945,long_only
0.09088384309345174,0.16269028381577585,long_only
0.07635519126150835,0.1254637458941682,long_only
0.07796652859250831,0.12425171533960093,long_only
0.090252139942001,0.1383231105490846,long_only
0.06353766049023817,0.07059350839802421,long_only
0.07019042909254257,0.0808573420517241,long_only
0.08980337425846331,0.1284638385570875,long_only
0.08844508410416331,0.13377044811570118,long_only
0.06770851386414171,0.08032880037240478,long_only
0.09487358076646071,0.15741452687745486,long_only
0.07808850879943662,0.1188940008398646,long_only
0.07164052239947176,0.09705930959966493,long_only
0.08801219797078166,0.12008474140359426,long_only
0.09404385710268003,0.15004995115665323,long_only
0.08033402519691973,0.12450881978753021,long_only
0.07595580557465435,0.1098130437767629,long_only
0.08724953075997673,0.12976615393875612,long_only
0.07508812551818993,0.08530430598863156,long_only
0.07215785217757087,0.09046001363646262,long_only
0.06661784883455604,0.08051922887026786,long_only
0.09734507487188605,0.1696698492023522,long_only
0.08642709816094554,0.12343971061811237,long_only
0.08347094107893477,0.1607754572885418,long_only
0.08067409758017086,0.09739929477312535,long_only
0.09275025166334648,0.14637285508333542,long_only
0.09250571292332625,0.13766068068429524,long_only
0.06851126453543263,0.09117681799084812,long_only
0.06656445775532925,0.07703678698228325,long_only
0.0781931724866098,0.0924101073010047,long_only
0.07324307396674247,0.11408935398918062,long_only
0.08951075375788946,0.1743405499472172,long_only
0.0925827652403512,0.14528726583659204,long_only
0.07545829749420867,0.08750122216295948,long_only
0.09787984561388215,0.15764591907043043,long_only
0.10097847497352369,0.19300794903769156,long_only
0.10272949005045649,0.16971847290594141,long_only
0.06418108626517424,0.07928456107909822,long_only
0.08518963275614537,0.1505939441804838,long_only
0.09460779788140378,0.14791207256242364,long_only
0.08723120882285898,0.15834715765791976,long_only
0.06304000832893558,0.07172170689069776,long_only
0.07923547306182684,0.12981863203610786,long_only
0.0960578450982943,0.19679808527618595,long_only
0.09221019612076449,0.16596730407766114,long_only
0.0642061446771682,0.06923238461502733,long_only
0.08689091751975209,0.13891822452322164,long_only
0.08254361281493951,0.12985446953522872,long_only
0.09434413736838598,0.1683358826058616,long_only
0.08877197009956193,0.12653037900228073,long_only
0.07593182003902865,0.08610842382679575,long_only
0.0980300568729249,0.1776210113153803,long_only
0.07805987750752798,0.1155900296687262,long_only
0.08096523152198455,0.12803181801252436,long_only
0.08614351011473415,0.11607027893273238,long_only
0.08259703620098764,0.11423147772888119,long_only
0.0625671607190489,0.0601956087980758,long_only
0.08385979712428426,0.13556998749780538,long_only
0.07875664625472735,0.13115799831241962,long_only
0.09208886519247203,0.171334844089748,long_only
0.0817658316145918,0.13305990656451933,long_only
0.07512864715142797,0.12296928551488105,long_only
0.09167325271233341,0.15150092466438686,long_only
0.08159396833672761,0.11455741011311697,long_only
0.08014298342040187,0.10783931884939754,long_only
0.09096098260941461,0.1730365051544145,long_only
0.07857952631420699,0.09869284846730834,long_only
0.0905616772688304,0.14633694126622732,long_only
0.08926408744941007,0.14603917537231373,long_only
0.0848392457154077,0.12849892798404677,long_only
0.08113973090313051,0.1151217095948512,long_only
0.091077256273298,0.14538674524113257,long_only
0.06460763473563336,0.06982521471584388,long_only
0.06510137846190082,0.07424068827375628,long_only
0.09135617768779657,0.15383516544800205,long_only
0.07645174116989012,0.09879663647251799,long_only
0.09466174443750648,0.13889259348085903,long_only
0.08914328901042586,0.17124943878582985,long_only
0.0514366936125814,0.05002667706543375,long_only
0.09823902077254464,0.22190374507612565,long_only
0.08757589622997831,0.159703335648541,long_only
0.08551691107363368,0.1456411689218446,long_only
0.07829928879628176,0.09717495520326828,long_only
0.09546761392604719,0.16724255080702638,long_only
0.07896322083606039,0.12826592150573693,long_only
0.08748238544896529,0.16168650200343648,long_only
0.08344021043179477,0.1447131203720255,long_only
0.07782785708186665,0.1131876926088247,long_only
0.08313770222395418,0.11666652058147642,long_only
0.0644258602066892,0.06872550143216306,long_only
0.08553443841376807,0.10925541567174082,long_only
0.09404420799494746,0.1436061253599634,long_only
0.08687592871165156,0.14963380279115476,long_only
0.09093767679116639,0.13091111797996782,long_only
0.07746018339913581,0.1114501194881861,long_only
0.09291640663944516,0.148986343067074,long_only
0.0820345771226613,0.12773574016889352,long_only
0.06769207900286373,0.09146980513564665,long_only
0.08282302933151293,0.11765919690877902,long_only
0.08822424173694678,0.16145196056401367,long_only
0.08482987284547899,0.13430028705364916,long_only
0.07762729846886895,0.1225879756459137,long_only
0.10507660485323071,0.16623283707232783,long_only
0.08847950260415488,0.1426379699833584,long_only
0.08178161254474134,0.14037952827666547,long_only
0.08634211623759235,0.14470162951777982,long_only
0.08058705500312599,0.1049131796028357,long_only
0.09093229973658802,0.15757613216513447,long_only
0.07512584530968835,0.11099108656631744,long_only
0.08161342367784068,0.14384610035890882,long_only
0.06308708663672444,0.08162174965689412,long_only
0.09464225934312268,0.14401158501686898,long_only
0.09068318477391886,0.13032530776624246,long_only
0.08834868790358696,0.13183297708928715,long_only
0.08567214639977834,0.15242015090767042,long_only
0.09018199673389185,0.12538967650845304,long_only
0.09267568847358758,0.15678565858559007,long_only
0.08844509466030787,0.1556653291420602,long_only
0.08580650451848994,0.1666970023286638,long_only
0.08924377003825523,0.1531639046899132,long_only
0.08162447186537437,0.13436605670689208,long_only
0.09560366519070436,0.14760422345066435,long_only
0.08863858798595228,0.17113031862917494,long_only
0.07081581294424624,0.09279389957104982,long_only
0.08818960620139489,0.15152797044398272,long_only
0.07551288991161159,0.11533606043298725,long_only
0.09101372788452797,0.18298437707672405,long_only
0.08172499068492108,0.1119227255368494,long_only
0.09561072289506127,0.17517364649459888,long_only
0.07326973401171169,0.10196927994712535,long_only
0.08022628360152359,0.13469843035499066,long_only
0.06641950595638399,0.08964495380735757,long_only
0.07921235245104949,0.1008223197120184,long_only
0.08555576447412923,0.12825262350330682,long_only
0.07249747171268504,0.09682969112175864,long_only
0.0767042489081228,0.0942120501357455,long_only
0.09387108373245695,0.15617451712605823,long_only
0.07996286536510694,0.14243602901861832,long_only
0.07107110023457289,0.07612541683324497,long_only
0.09374675275964399,0.14602646911157327,long_only
0.07204415672467868,0.08962114090906556,long_only
0.08697997407787667,0.12166531859572435,long_only
0.08716382178665022,0.12738515714245804,long_only
0.0909577473150497,0.16048037208015964,long_only
0.08017669782804569,0.11740927092720566,long_only
0.06475545471307578,0.07608875637816069,long_only
0.07258193829286534,0.09234877979441611,long_only
0.08638424513460777,0.15202474380741168,long_only
0.09180058175145663,0.1693975829739933,long_only
0.08645493755703357,0.1442898860657019,long_only
0.08841970695406519,0.12795085655103983,long_only
0.08109804400176657,0.12821454840694066,long_only
0.08681812609937653,0.13470114837349173,long_only
0.07737705551894988,0.09639378134784957,long_only
0.09208560832639574,0.18525390099755504,long_only
0.08998274140169461,0.13763988931772222,long_only
0.08462801464521529,0.11244410200258186,long_only
0.08325642944236583,0.12069932175144855,long_only
0.06590286498750618,0.0777760286010843,long_only
0.08747091219670342,0.16025931002893004,long_only
0.09502985098619214,0.1433174764456379,long_only
0.06487934100928075,0.06947608436080627,long_only
0.0928588451894095,0.15712013542226563,long_only
0.07745618844769993,0.12027887148815482,long_only
0.0944122394621134,0.2045662405528503,long_only
0.09459309614243318,0.14164599181840434,long_only
0.0733389253239468,0.09568086957502356,long_only
0.09592254770498668,0.14789197412099994,long_only
0.08810857477315978,0.11725759990321018,long_only
0.08723297694986036,0.15307069025675482,long_only
0.0971728326663461,0.17686126997661106,long_only
0.09051845351872297,0.16133608040179467,long_only
0.07206474455004545,0.1013619894076673,long_only
0.09368519775945723,0.1448658629859419,long_only
0.08393068796243115,0.11962001478390719,long_only
0.094421328114238,0.18224832820347175,long_only
0.07281506905637264,0.1063612527904023,long_only
0.07247768785233247,0.10917432960852268,long_only
0.06911605164624458,0.09932623887808663,long_only
0.09581394705357076,0.1421468901934664,long_only
0.08572483920648663,0.12475861400900076,long_only
0.08047923034483848,0.13133597237361266,long_only
0.07558759602120524,0.09470453614281259,long_only
0.08308515533743929,0.1462707837257937,long_only
0.09694378972232383,0.2022254325481655,long_only
0.08889545344580475,0.1570052615605812,long_only
0.07031480090198519,0.08082528110523436,long_only
0.07221711303469967,0.09385749553961438,long_only
0.06914486244273231,0.0880266491368579,long_only
0.07797889874488476,0.10974819146167929,long_only
0.0827522815609019,0.1493620491385927,long_only
0.08143385435598686,0.13981692719478298,long_only
0.057884692071754236,0.0638266601315737,long_only
0.09258967377163672,0.19236156048601113,long_only
0.08496969644340761,0.12999954530510008,long_only
0.0964892226809196,0.14597970678140776,long_only
0.083881764304775,0.1154251635109906,long_only
0.07223704104856603,0.10854368874728507,long_only
0.09426898374930673,0.15004535957836038,long_only
0.09112216786650715,0.18034248885286464,long_only
0.08490849808936476,0.12884338901466424,long_only
0.08006074982998637,0.12156268604330121,long_only
0.09130574602650413,0.15349271637932957,long_only
0.09678284529627372,0.16041904161343185,long_only
0.09347597193115038,0.1905604819354394,long_only
0.08380078098970868,0.1243636555115907,long_only
0.09028700716673752,0.17081874623866317,long_only
0.0824446929902855,0.15102103514820256,long_only
0.08452996116917762,0.15085744934470188,long_only
0.08286832766178903,0.11535272071460619,long_only
0.0890295471709892,0.1540784703862466,long_only
0.08776950990773562,0.1718738644763747,long_only
0.08122613101666352,0.09976863839370721,long_only
0.09181823908471577,0.12963346940104048,long_only
0.09594579072894734,0.1880335134450138,long_only
0.08983146587279277,0.16529830989560387,long_only
0.08873173601992308,0.16254257475976214,long_only
0.089374419905106,0.16166674165436004,long_only
0.0873388869651235,0.17192473857337365,long_only
0.0997220753121097,0.16386868183966657,long_only
0.08518831039978052,0.1385990211996595,long_only
0.08787141888382638,0.1477263974167527,long_only
0.08263256211979138,0.13461516694274553,long_only
0.07782414540404226,0.10347547598327927,long_only
0.09110505521068835,0.1464274976924987,long_only
0.08241953710161172,0.12488605724167728,long_only
0.07537462866462209,0.11197757669625885,long_only
0.0880068928130588,0.15557205397722212,long_only
0.0684199401772162,0.08228370918093972,long_only
0.07957397865586745,0.1129083632833219,long_only
0.09174090477311482,0.16553326583040365,long_only
0.0906472255879807,0.1692838230509108,long_only
0.07884765089499333,0.0973602812283067,long_only
0.09177495308196539,0.15581638458489866,long_only
0.09409210844913381,0.16572620588951054,long_only
0.06345311509510733,0.07121812749174575,long_only
0.08997874496444501,0.1717931723205049,long_only
0.07444956817751468,0.09843698967087595,long_only
0.08681420257136838,0.16270147151392458,long_only
0.09730019687166239,0.15919684741927081,long_only
0.07708153560291392,0.1215172980291735,long_only
0.08605714359886457,0.11690572884723341,long_only
0.08626933440608488,0.160089235217121,long_only
0.06554913439483971,0.06108694599363354,long_only
0.08646607768081477,0.12810433345180117,long_only
0.06329070721122643,0.06020905606011109,long_only
0.07692946578076719,0.09799039687406792,long_only
0.09030367785757674,0.1541383335499494,long_only
0.08582230741379478,0.12559077504541902,long_only
0.0711402666485032,0.07621267209123521,long_only
0.07695342671026634,0.11798859166426966,long_only
0.09966991508440763,0.16384064792830944,long_only
0.0829650061504965,0.15449664260943888,long_only
0.09759278017904371,0.1712170653759017,long_only
0.09088557460944134,0.16115653523477816,long_only
0.08782959546281743,0.17392213830537917,long_only
0.09746709961951402,0.14319633588562589,long_only
0.0858660649054124,0.16654806518060894,long_only
0.09487256181819013,0.1965757314169995,long_only
0.07808842185620238,0.09474986007069598,long_only
0.10028919487038644,0.1571026826531654,long_only
0.09748775661288973,0.16324912873226577,long_only
0.07680482172812535,0.1309050599225168,long_only
0.07842661145760006,0.13775485657085557,long_only
0.09716589039188836,0.1555304189225845,long_only
0.06554831401410689,0.0741887529968357,long_only
0.08463855685070755,0.14028536214249512,long_only
0.0870766383812042,0.15637778700689065,long_only
0.08414943470976229,0.14860028350812193,long_only
0.06917373681322819,0.08431118884913953,long_only
0.06566679724579809,0.07261958761775629,long_only
0.09095539225532429,0.13616131989980526,long_only
0.07491793046625697,0.12231469379855128,long_only
0.0904023524859737,0.1849248546392645,long_only
0.08992396454605368,0.1616782964891817,long_only
0.08327543224538267,0.13613470429107324,long_only
0.06525117500409491,0.06516812233835712,long_only
0.08654328843372022,0.13999794838665522,long_only
0.09057782593029265,0.14922368631894067,long_only
0.09895386521259833,0.16207764379376052,long_only
0.0898300347020705,0.14080994496289193,long_only
0.08944090099399445,0.14276506629006008,long_only
0.08822575615261793,0.13371720737181722,long_only
0.0894073974573534,0.16205848828568195,long_only
0.0791271859980823,0.12881010603544518,long_only
0.07903729369042486,0.1335693879169905,long_only
0.08235165144148919,0.11526816843768915,long_only
0.0823797330157181,0.12333809712830951,long_only
0.05640583477039539,0.054397680626985245,long_only
0.09280361806016242,0.13983508595471925,long_only
0.08151899881384718,0.11998202664205593,long_only
0.09045662206520559,0.12824059802226231,long_only
0.08338776617307526,0.12574411359048035,long_only
0.09045751963203538,0.1671591988384978,long_only
0.0751213441707044,0.08649989317198165,long_only
0.07294751290210896,0.107688061716009,long_only
0.06916734271208251,0.07752486367993476,long_only
0.08989206238983097,0.1601751327679276,long_only
0.09139561993385364,0.1808799755634534,long_only
0.06823133687066592,0.08413796873625008,long_only
0.07591021956203202,0.12310747606138851,long_only
0.08365628455138738,0.12521197690915503,long_only
0.09489718401926948,0.20533203757783217,long_only
0.08497288797502218,0.12851432583872235,long_only
0.08308021553497288,0.14759566225007842,long_only
0.09647466089223453,0.17677404741450772,long_only
0.08641405266248475,0.14488335873972513,long_only
0.08113353460700876,0.12109647109491134,long_only
0.07989743745813248,0.14022463240944158,long_only
0.09033097140825076,0.15929484840374,long_only
0.08223002677720714,0.10040926188269231,long_only
0.08328384948103656,0.10757838962430306,long_only
0.07422977443749681,0.11248187873219764,long_only
0.09900393796815458,0.21209449728839133,long_only
0.09867295710288805,0.14592435935562406,long_only
0.0702814667820407,0.10712510402784199,long_only
0.07879363907387252,0.12493212143997257,long_only
0.07694991329826843,0.10113086002960667,long_only
0.09131242078703551,0.15317139269661528,long_only
0.0892090624079718,0.16130261311139785,long_only
0.08172758320385094,0.12783344285310447,long_only
0.08369973020573897,0.13716767679802197,long_only
0.08292758521500203,0.13881952027957603,long_only
0.0708269478543731,0.0975627497106693,long_only
0.08033056786270887,0.1328782560812451,long_only
0.07413649886554628,0.10895927404902145,long_only
0.0778902052651118,0.09650005319263438,long_only
0.08651520614056497,0.13490102123164635,long_only
0.08026526437243803,0.1409016339702711,long_only
0.10163704877566652,0.18270469007613596,long_only
0.062185121281343785,0.06361990111476135,long_only
0.08869677980195423,0.1481509594371052,long_only
0.08550211895171807,0.14345386571645968,long_only
0.0835584802330957,0.13640676230086732,long_only
0.09583553842212422,0.15611437151211915,long_only
0.0803227600229588,0.11249710180866689,long_only
0.09658948664579074,0.14475432765702378,long_only
0.08014970307250954,0.14309099775668602,long_only
0.07485330039892057,0.11900982853979752,long_only
0.09626865746188473,0.14677634705203507,long_only
0.08414605599844588,0.1551878741106702,long_only
0.08765323392564835,0.1647683073641585,long_only
0.07853187466484149,0.11614782051536389,long_only
0.0942283565599351,0.18124805284473983,long_only
0.07794788040923173,0.11115885657286963,long_only
0.09365284300562993,0.16430037366592656,long_only
0.08756690983553718,0.178398417480505,long_only
0.08460153148203543,0.14610870975761714,long_only
0.08663929238697161,0.12143191842804588,long_only
0.07195977702948764,0.08584277542594751,long_only
0.07985841849042488,0.1346183237783435,long_only
0.08282846316430875,0.13734125124282298,long_only
0.08171355375953994,0.13688116598116004,long_only
0.09799860380406251,0.15775224767674312,long_only
0.08173143433150667,0.12794339800494123,long_only
0.08968339306183652,0.13411572496043545,long_only
0.08734695503078937,0.13614939532036358,long_only
0.07114629355895319,0.10162093448746268,long_only
0.08675946392769994,0.16250734283608195,long_only
0.08288907930005637,0.10670115603775529,long_only
0.07910242938039393,0.11699782193318946,long_only
0.08415890207066841,0.12038041231798448,long_only
0.07574223761445326,0.09494723797871255,long_only
0.07550847489379277,0.11994957064670474,long_only
0.08129940410470812,0.1359812880111442,long_only
0.09030259422658217,0.12641593851804947,long_only
0.08638106902996687,0.13336753249584138,long_only
0.061076692681696486,0.060179110846448614,long_only
0.07441478128992576,0.10566194730527077,long_only
0.08577964022677213,0.14910949889001762,long_only
0.07652852503390882,0.10693349864204821,long_only
0.08956826216754951,0.1716389567636765,long_only
0.08897424811133339,0.13221236844088308,long_only
0.07882500285109069,0.11298676673245132,long_only
0.07613944403782026,0.0988983652639866,long_only
0.06983459366658008,0.06948195319186846,long_only
0.0988930955042713,0.17574205902734724,long_only
0.08929150251448903,0.12946507160451406,long_only
0.0881644179809638,0.14777633163833523,long_only
0.07821283073710164,0.10218758839815725,long_only
0.08420093561728838,0.12340902967842494,long_only
0.08453796092630045,0.12102289476315478,long_only
0.08305778443388306,0.1448017955804382,long_only
0.0847645332546867,0.1160529545897354,long_only
0.07138957845618724,0.108836106813761,long_only
0.07776893807910973,0.11186057147185309,long_only
0.09381144338368298,0.15355782441703364,long_only
0.07835627690676412,0.12701193952262343,long_only
0.08792347818867281,0.17231948595098823,long_only
0.09797821476060216,0.1932644967062141,long_only
0.08044175497486401,0.09753240402133907,long_only
0.08016543301554827,0.1082004806288132,long_only
0.09465850523570142,0.15101616638372892,long_only
0.08313197164416265,0.1184655879857859,long_only
0.09048849633214755,0.14171580896298863,long_only
0.09164649106299444,0.15299826597766858,long_only
0.08233417226276385,0.12603426448050084,long_only
0.08727980024262377,0.13829463733840305,long_only
0.08338672050386459,0.1302888082466377,long_only
0.09436406280986062,0.15367277435746513,long_only
0.07876112716799967,0.13048367595521335,long_only
0.08784108883888957,0.15125472464380899,long_only
0.07577028106769386,0.1269229396822943,long_only
0.06927018453350178,0.07264932762243223,long_only
0.07781889141393017,0.10445446499659455,long_only
0.08251745804776665,0.1183557623403467,long_only
0.09791168543294307,0.15634351975175692,long_only
0.07671565399149087,0.11524639812166708,long_only
0.08031849474050798,0.1303927617075868,long_only
0.08397936811414644,0.12499448067276442,long_only
0.09860586577647105,0.18202580414340497,long_only
0.09711932750684507,0.14819728683389963,long_only
0.09843444656122965,0.16352096245606287,long_only
0.08839582374205102,0.16095174288383873,long_only
0.08207495792818591,0.14001498603504037,long_only
0.08242734874786513,0.14438351467514995,long_only
0.08197788573574265,0.1058124145922207,long_only
0.08965020229067377,0.1352713198018818,long_only
0.08714976650807228,0.13627542869005138,long_only
0.09705074142202096,0.18051045827111334,long_only
0.08284541899586967,0.1418395484371749,long_only
0.07538821529905217,0.09246351024329762,long_only
0.0973727483214253,0.17926644207853057,long_only
0.08561822840852053,0.14753075194616713,long_only
0.07899096461596056,0.11407136721404382,long_only
0.07200049282043676,0.10265673812365637,long_only
0.07551606417008747,0.09514722983467222,long_only
0.08192839729602826,0.12308274780377754,long_only
0.07200592244738403,0.09642047009552325,long_only
0.07127258012026054,0.09603548888148998,long_only
0.08063937593527426,0.13584028035869083,long_only
0.07431795612483925,0.10573422994360145,long_only
0.0879066829423043,0.15234774884690555,long_only
0.06666484177843768,0.07639649440297519,long_only
0.07610030150675007,0.11627309057437199,long_only
0.07061685171433736,0.10529165166237625,long_only
0.07890436474313854,0.13318309029054684,long_only
0.08314872374833097,0.13521553436059378,long_only
0.08546067827901742,0.1149672281421353,long_only
0.08445211188321583,0.14698363406855772,long_only
0.09701197049811448,0.1561978701796036,long_only
0.08490969988289017,0.12244058835412056,long_only
0.0778233934271269,0.11026399835032172,long_only
0.07758643363272542,0.11146190182684072,long_only
0.08571823381190699,0.13701034631384887,long_only
0.06323367157948272,0.08295390279708116,long_only
0.0780871500347652,0.12661304884628471,long_only
0.09007106961419709,0.15241819313284363,long_only
0.0964603510002831,0.1714583792265599,long_only
0.07018609262220524,0.09274370571964699,long_only
0.07380254923452606,0.0910043745832062,long_only
0.08441111487354583,0.16062360632646858,long_only
0.09604190786568625,0.16266818914916048,long_only
0.08648798463820898,0.13059053430771203,long_only
0.06458004348705221,0.08114616457644923,long_only
0.07662218888809885,0.12798054899330408,long_only
0.07491234073734457,0.10137301602213476,long_only
0.07207154222995132,0.08106123514256713,long_only
0.08414989218703392,0.1178786634379518,long_only
0.08406979436115511,0.12428942222181023,long_only
0.08519196972473575,0.1175315982617212,long_only
0.09256020704035804,0.16914158775244073,long_only
0.08266159248458937,0.1419391487171322,long_only
0.0893758204980928,0.14924109793977727,long_only
0.061603280361528186,0.06685886992982644,long_only
0.09158018769605394,0.14225651091526037,long_only
0.07821903608652331,0.092767267008164,long_only
0.09183373647852497,0.1562252424859293,long_only
0.07444008611349438,0.10496798663493191,long_only
0.0753905537344376,0.11196634650727633,long_only
0.08983021490199398,0.14089249783712082,long_only
0.09252145093856376,0.14677415260071153,long_only
0.09096365197598101,0.1340043113177793,long_only
0.0732320486696708,0.08731838512027913,long_only
0.09587298223494031,0.14156220602690178,long_only
0.081315752350443,0.1277764097857111,long_only
0.09075560234369061,0.18405121063779198,long_only
0.08163771659576324,0.13155822638089137,long_only
0.09726799798380414,0.1456967077374561,long_only
0.09633036883374536,0.14315454986115284,long_only
0.06355750170560794,0.06876799678249786,long_only
0.07464883149506364,0.1257804076651858,long_only
0.06763270297978863,0.0891340561029222,long_only
0.07654471563384672,0.10469699293507644,long_only
0.08545680372765407,0.16057650740179388,long_only
0.06406001558915514,0.06904960147479423,long_only
0.07927750027799428,0.13372715642895316,long_only
0.08032581491957276,0.11464795352087875,long_only
0.08364405517733317,0.12485825506117688,long_only
0.083946817173855,0.15245335249358824,long_only
0.06371652800313636,0.06984645935873514,long_only
0.08108522399667979,0.1134088157558352,long_only
0.09035264069138532,0.15100134615643557,long_only
0.08094368249207778,0.12093331696234944,long_only
0.0810651720501724,0.13238311171007397,long_only
0.10020827464165909,0.16506337926235545,long_only
0.08841147745080796,0.13211146988326997,long_only
0.06569375671238953,0.07594451994686265,long_only
0.08819488962295567,0.1537418297227913,long_only
0.09222471179914288,0.1436770903727684,long_only
0.07691924643113858,0.10216011213079092,long_only
0.0950587265515829,0.16423431254940826,long_only
0.07990678263765212,0.12089640644995318,long_only
0.08776625398952201,0.1309437609268239,long_only
0.09143529378714875,0.15067469347453769,long_only
0.0922617599585548,0.18968075605777948,long_only
0.0869271925575674,0.17745464723335738,long_only
0.09228170375178259,0.13329002662707082,long_only
0.07704424076912225,0.10616514465326408,long_only
0.08946808481478077,0.14293956276055916,long_only
0.08501445389998934,0.13762547616760157,long_only
0.08044981376905669,0.11383777568742613,long_only
0.07660762993547673,0.12010764123258653,long_only
0.07387689359776055,0.0873386342790797,long_only
0.08119081355167879,0.11843887056974192,long_only
0.0784461513503452,0.0988660027830242,long_only
0.07986127610414576,0.1331178458357949,long_only
0.07922792714167977,0.12326074847677987,long_only
0.08697833321047853,0.13459381149650115,long_only
0.08769479200287458,0.15244973538193993,long_only
0.07669255537109966,0.11126484878454376,long_only
0.09225684156846131,0.18655118767246617,long_only
0.08373758316133469,0.14514664116566256,long_only
0.07851045136420509,0.11916898497236872,long_only
0.08980077727136454,0.18263087325790767,long_only
0.08740707370454871,0.16175781529702501,long_only
0.0872760530343077,0.17021717547682388,long_only
0.08696052310634961,0.12861634449034953,long_only
0.06191412750788733,0.06976648875726939,long_only
0.08354815875875266,0.13261443488396496,long_only
0.07986185983353092,0.1276452322349565,long_only
0.08414669268520565,0.15168445120294513,long_only
0.08800049430579672,0.14764970691129128,long_only
0.08379269122327106,0.1456736909331766,long_only
0.0755732299543707,0.11050585597295871,long_only
0.07900799544003494,0.13780871230213704,long_only
0.07665867230715755,0.12690145782951268,long_only
0.07711876704219756,0.11680884246426919,long_only
0.0829486490523834,0.14820680282173015,long_only
0.09129289521392242,0.151056498686661,long_only
0.07536819578070175,0.09759565663487942,long_only
0.0808748475725883,0.13358882412440948,long_only
0.06771115704151669,0.08533358329627842,long_only
0.0920561108277991,0.1804236787138797,long_only
0.07686696769112868,0.11842129081674078,long_only
0.08408929727403512,0.1193776966199962,long_only
0.0673154794876041,0.08879702075659102,long_only
0.06928153564033,0.0968897419609371,long_only
0.08837595957633906,0.1420593960693221,long_only
0.08603657224346467,0.12528703123470833,long_only
0.09747568913226155,0.20120669076335584,long_only
0.07195501453557174,0.10722764720896648,long_only
0.09894840884107427,0.16526857038579446,long_only
0.09393038740985621,0.14003994447864393,long_only
0.07263276059994624,0.09534292450268497,long_only
0.09747308709723602,0.15646942945566447,long_only
0.09347616505618439,0.16591634601781396,long_only
0.08788551416409686,0.15570228854849572,long_only
0.06049845126206908,0.06050604456840063,long_only
0.07740375386709704,0.08650333824920857,long_only
0.08000578314175265,0.10955271772041737,long_only
0.07780748168805807,0.10348351293051557,long_only
0.08023869910144601,0.13028523111387744,long_only
0.0922706415640961,0.15521870983962488,long_only
0.09171819711569404,0.185469190049372,long_only
0.07568111667202779,0.11821138717964803,long_only
0.09718492207194541,0.14400298066004766,long_only
0.06646368016056148,0.07430110765710235,long_only
0.08815174311589771,0.13240680071454422,long_only
0.059885507852570026,0.05690645853179541,long_only
0.10394334027687133,0.1682783897846472,long_only
0.08619556927560672,0.15482817042797373,long_only
0.08669416575438722,0.12295377805780307,long_only
0.09226624716189591,0.13550266983193393,long_only
0.08963746321539452,0.15958983098498988,long_only
0.07729190368301278,0.09658436360794083,long_only
0.08875651778009494,0.1359570340245682,long_only
0.05937411903580683,0.07160084515083029,long_only
0.07759648849834337,0.13262645482653435,long_only
0.09081396044485351,0.12951097296392303,long_only
0.0737663601198368,0.10349147916530875,long_only
0.09107411398287933,0.14823593205051888,long_only
0.0875942816945359,0.13270122981898427,long_only
0.07508079538651073,0.08695534915948694,long_only
0.08718831031823915,0.15098593334144378,long_only
0.0840927657940458,0.15439156037728918,long_only
0.09256608926674278,0.14308706920524009,long_only
0.0842316217434984,0.1211335672079441,long_only
0.09444460505301149,0.1726849486638898,long_only
0.08183000183597723,0.13112198804469652,long_only
0.07574196110475861,0.09287729816470496,long_only
0.08356454618245393,0.12672267490339004,long_only
0.08711196544134966,0.1559009343798256,long_only
0.09251298867370643,0.17988334921653337,long_only
0.08108138571680154,0.14033150678640807,long_only
0.09471088986227708,0.16024883839950263,long_only
0.08186164325096197,0.12536978623771508,long_only
0.07050465014118766,0.09972116791119538,long_only
0.08436416044943038,0.12772027340365463,long_only
0.08135828252329279,0.1322605882328645,long_only
0.07866158827693788,0.11174860319537223,long_only
0.0803163140867632,0.11147102522795392,long_only
0.08481398625942149,0.14408899602597172,long_only
0.0921295181439103,0.17785589115501094,long_only
0.07820501161183016,0.10575134248580946,long_only
0.09513742491577129,0.17719203924923935,long_only
0.08019810613813724,0.11572919593413172,long_only
0.08987906994011544,0.18002219192627528,long_only
0.09439718064949867,0.16039132510658863,long_only
0.07387979219626356,0.1181798198332083,long_only
0.09972937562047964,0.16667347374777228,long_only
0.06299104762812138,0.060859983704662744,long_only
0.08021552274733416,0.12808527718302914,long_only
0.09153866904962794,0.17998870256244814,long_only
0.09508983802134698,0.18248463391134878,long_only
0.0919191659554865,0.14337773296650708,long_only
0.0844824918499636,0.1507819084335795,long_only
0.08534277869522769,0.15733969862278524,long_only
0.09342452884974088,0.14834767965965212,long_only
0.09949062731891564,0.1605769945949514,long_only
0.08761819711046208,0.15660117144091554,long_only
0.08646410196747606,0.15016539286969124,long_only
0.06637881827970257,0.06472994821461432,long_only
0.06960237159218358,0.0770493294567036,long_only
0.077156297232812,0.09111746374565784,long_only
0.08033248391978852,0.1053873879981224,long_only
0.061175539247547914,0.07217545385749576,long_only
0.07790921774573474,0.11339497288168923,long_only
0.08422440775306297,0.1454597547706165,long_only
0.08869968992803902,0.16097990310385718,long_only
0.07158327402782068,0.09016802036879454,long_only
0.09528188053100352,0.15156084586585913,long_only
0.060671063669015785,0.06877687156738928,long_only
0.07525873228118794,0.12204655735696743,long_only
0.09254179208279108,0.14439641606362763,long_only
0.055584186070161586,0.057641923422867815,long_only
0.0805817259016724,0.13771267818922558,long_only
0.08305326043572069,0.10914469216145453,long_only
0.06954325400926127,0.09479212482845262,long_only
0.06933897976801853,0.07925790806682337,long_only
0.09399087086778501,0.13749196902359367,long_only
0.07637275342562287,0.12507886811356592,long_only
0.07259753097289445,0.10344913059912397,long_only
0.0778124367437913,0.11837846632862976,long_only
0.08522895185688473,0.13558930525671378,long_only
0.07446299808900333,0.12326430727232769,long_only
0.07990983036480225,0.09697309864993924,long_only
0.09490588641206864,0.14446388937299431,long_only
0.09315566358946552,0.16754681800311053,long_only
0.07587600894056964,0.11093121922409512,long_only
0.08058210988666822,0.11406600287215225,long_only
0.06932106030973316,0.08366202499601975,long_only
0.0820382475706444,0.13768469883115964,long_only
0.08015047173166495,0.10126236284190265,long_only
0.08104120732478333,0.12039601208306044,long_only
0.09814652309425989,0.14602633182300362,long_only
0.06926289893138729,0.08090968673097843,long_only
0.06316510094126576,0.07175016042452873,long_only
0.07576941384677227,0.08353384338585876,long_only
0.07449589355057651,0.09374785416094653,long_only
0.07532563673538387,0.11450768135989337,long_only
0.0779660305191739,0.1048642280150097,long_only
0.08341556047462222,0.1385642788139641,long_only
0.0783756317850944,0.08859016430748168,long_only
0.07389363639010106,0.10794181744711134,long_only
0.08432043423188657,0.14211407023925085,long_only
0.08946667741721152,0.15149985199160512,long_only
0.08679989111370962,0.11888014912488651,long_only
0.08526118963878912,0.11611741278733538,long_only
0.06256689582641337,0.06965965977552595,long_only
0.09122978437087745,0.13996249667573968,long_only
0.08857973600118361,0.16583803548845305,long_only
0.09981880127264223,0.18010762753814438,long_only
0.09534875191050911,0.1564857820929371,long_only
0.08609743940742969,0.15190381753649337,long_only
0.08148102675993611,0.10763466859096814,long_only
0.0629159949210817,0.05564274817452772,long_only
0.07326392311147889,0.102252385738159,long_only
0.0954312189919482,0.1724344673514169,long_only
0.07798466093770924,0.13011872654167664,long_only
0.08600458604118924,0.141469208120522,long_only
0.10019776988814233,0.1711128562661384,long_only
0.09356566187109672,0.1381035572037885,long_only
0.07366619183216733,0.11700347017947899,long_only
0.07823220445733085,0.12176014480579067,long_only
0.0884579056366339,0.13601482232926773,long_only
0.08309457754047223,0.11173108088827911,long_only
0.08689406559744497,0.12521563874459424,long_only
0.07303741577102199,0.08865139835640276,long_only
0.08466113331320595,0.11779663452139172,long_only
0.08075024593891446,0.12212116274075258,long_only
0.08355850792462986,0.13657701794555327,long_only
0.09391051713521299,0.14337024215119576,long_only
0.07539585021027437,0.10786669673637032,long_only
0.09833988816460287,0.15110359343979196,long_only
0.0783770866891371,0.1272951389331338,long_only
0.08528975598398808,0.1590858936464816,long_only
0.07792426311015202,0.10690582151001328,long_only
0.08079085344302235,0.09868060127477647,long_only
0.08205303855898634,0.10184736267813382,long_only
0.07523194347443093,0.12371521779388245,long_only
0.0709812626229889,0.08967620799691241,long_only
0.0805781246502183,0.10353362220679667,long_only
0.09281660162010373,0.1807347531236956,long_only
0.0717740708755619,0.10379738534608701,long_only
0.09179106646575937,0.1833516768518633,long_only
0.09334463594067062,0.16214198090878318,long_only
0.08527593089654942,0.12187925125866833,long_only
0.09180731477985271,0.15209094346208918,long_only
0.08232250365941032,0.1395702758844768,long_only
0.08287879073319064,0.14524438978840606,long_only
0.06569681684821649,0.09515815008781525,long_only
0.09420137117022673,0.13730759981901822,long_only
0.09122734163675777,0.17543985154979339,long_only
0.08452738307781217,0.14278082585572408,long_only
0.07703342742081506,0.09860648790196741,long_only
0.08027910838414887,0.12167989359407584,long_only
0.0825846627234495,0.14238197798531066,long_only
0.05360841963151196,0.04916049506973178,long_only
0.09190639350371073,0.19244464105633555,long_only
0.09231334771372944,0.16698846631576764,long_only
0.07871889507863102,0.11108651136298445,long_only
0.08665013638756103,0.14995271610204436,long_only
0.07371675883097412,0.09353206670714113,long_only
0.08419222532852068,0.1313885765864458,long_only
0.09333106551889632,0.17935296986364235,long_only
0.09355433730599207,0.15165166024574903,long_only
0.07430529902983145,0.11402920605375592,long_only
0.08476807563846496,0.11493242345548488,long_only
0.07594429933562345,0.12153925498887815,long_only
0.09236339644672413,0.1322438443145081,long_only
0.06829969150870649,0.08216215625831882,long_only
0.06653926529854644,0.07318859400311134,long_only
0.09182463065763784,0.16984136578595418,long_only
0.07676988524999029,0.11527575376725367,long_only
0.0754748622264568,0.08469835787495061,long_only
0.07851721028491251,0.1331563129981397,long_only
0.08929667752680834,0.12621242195279048,long_only
0.06857996938931432,0.11972587680230974,long_only
0.0901966651741912,0.15118793697117996,long_only
0.0833234349010764,0.1397787043624908,long_only
0.09332661399814672,0.1706649018226542,long_only
0.08999393806754499,0.13841996631213827,long_only
0.061218699551755615,0.06751477339163864,long_only
0.08805631230256623,0.13912624177303887,long_only
0.09412005260600534,0.1950537889034845,long_only
0.08160509098470224,0.11749554577779359,long_only
0.09863212120575685,0.15734964157662365,long_only
0.07880775845050074,0.12162004382375126,long_only
0.08377814324444112,0.10943221851545748,long_only
0.08976613189440051,0.1477141771053899,long_only
0.0705043070231857,0.07728416224515622,long_only
0.07594468320371768,0.12374615993678643,long_only
0.07925922852613392,0.11663458390361636,long_only
0.06636811390470125,0.07431207044412518,long_only
0.08930162618317329,0.17224814680520026,long_only
0.08317574774297781,0.1332835561525338,long_only
0.08730223221945617,0.1370999183319372,long_only
0.0640414756856892,0.06575313158718048,long_only
0.0920735038120859,0.15465286671522005,long_only
0.09424905012079506,0.1832138331023979,long_only
0.08329421139805616,0.10615645968736864,long_only
0.08852583311955273,0.13101183862540322,long_only
0.087380073139823,0.16616154456762092,long_only
0.05291827330211281,0.04893110626430626,long_only
0.09611757363755233,0.16084453324744336,long_only
0.10308965039458837,0.1695700378312673,long_only
0.06713795049067678,0.0781579743180109,long_only
0.08764422855639331,0.16154141481678277,long_only
0.08711791650380266,0.1445673934626499,long_only
0.07956821699846559,0.13273613341712232,long_only
0.08829161146163446,0.1734576601236303,long_only
0.06856356799259652,0.0948963424971942,long_only
0.08324941962306102,0.13659721539437153,long_only
0.08453110753188117,0.1320637058635083,long_only
0.06768312089498833,0.0724779559225256,long_only
0.09077559816017733,0.16247015011296884,long_only
0.0794572165990396,0.1284924598277751,long_only
0.06848088773233843,0.10245058168036274,long_only
0.07906538865646809,0.1298159915007469,long_only
0.0952284342305232,0.160679987488819,long_only
0.09566323913031922,0.18298482616748563,long_only
0.07659458604931517,0.11464153507505619,long_only
0.09407575253289978,0.18719059356668258,long_only
0.09086143351945694,0.16872353645827445,long_only
0.08356281655079806,0.13965202785309963,long_only
0.09324304820511374,0.17147274014726935,long_only
0.07491453526823219,0.09024070831323958,long_only
0.08237146387168462,0.1399622599336056,long_only
0.07657349408465687,0.11037448215784114,long_only
0.09362744060128757,0.17438279918331712,long_only
0.09665101147889607,0.14094601124223505,long_only
0.08249495272922626,0.1387649090835934,long_only
0.07213340847952636,0.10427261150065667,long_only
0.08330123845399087,0.14852582108711107,long_only
0.09457526110100965,0.1377404083598968,long_only
0.09307706616481391,0.15775531435560533,long_only
0.07366003853258658,0.10198910689774227,long_only
0.08971451473243311,0.1776289641776766,long_only
0.06736449648193787,0.0909593072765811,long_only
0.08486034915581972,0.1568361068261456,long_only
0.07326320528800047,0.10737496192112139,long_only
0.09154624158057417,0.14741303604523487,long_only
0.08627406190924847,0.14866828781103475,long_only
0.09883659612888764,0.14805667047555932,long_only
0.08682925594552199,0.14057964849296437,long_only
0.07224080320469321,0.1001964947868361,long_only
0.06362432730771607,0.06593515501648546,long_only
0.08656174902972086,0.13156759722900058,long_only
0.08923064999625661,0.12224395081677712,long_only
0.07144143595989624,0.10794522166883375,long_only
0.08657378578050838,0.1206572349079208,long_only
0.07866649550270036,0.12295341239650769,long_only
0.07702602263700815,0.13208633674043754,long_only
0.08828324134285609,0.12811755158660737,long_only
0.07795877866248768,0.09000291240051288,long_only
0.09569822916024437,0.18186873970648298,long_only
0.08253385263860728,0.14185836054719933,long_only
0.07221011029175187,0.10114508004962004,long_only
0.0789739697362385,0.132280027458028,long_only
0.08230344173019484,0.1395255893699254,long_only
0.06889153683877683,0.0928371671004724,long_only
0.08487716495197155,0.12012847475625692,long_only
0.07808213229716013,0.10247492522037695,long_only
0.08475943849463727,0.14927677656992086,long_only
0.0663183309262159,0.09666415609396613,long_only
0.08238791006180297,0.1207422143124117,long_only
0.08167634956319637,0.11868407943854578,long_only
0.07153729695069161,0.09630600989401925,long_only
0.0910805856786089,0.16221178588764132,long_only
0.0980391796933373,0.16634169982870062,long_only
0.0808399430954717,0.13793680972674408,long_only
0.07341931208708007,0.10727559329746546,long_only
0.07905185263293085,0.1318126305274953,long_only
0.09410596097410374,0.15389001155908238,long_only
0.08909318798185167,0.1453039563858573,long_only
0.07888427682231315,0.12237351170829845,long_only
0.07117277095472212,0.07463739278592674,long_only
0.0776254798366618,0.11849175009411597,long_only
0.0744151681827454,0.1011392203953632,long_only
0.08418292671466913,0.15200631966211517,long_only
0.08072964470066618,0.1348406386888242,long_only
0.08863028286760566,0.14964764110913947,long_only
0.06988620875118033,0.0806977860868218,long_only
0.07484972849237882,0.08729188762953156,long_only
0.06446075721140986,0.08190288684839148,long_only
0.08591599167668704,0.14840290956153668,long_only
0.08392148872307749,0.12849534105677257,long_only
0.08129765793228874,0.11252458656781435,long_only
0.09956237825582916,0.16156451548886136,long_only
0.07050382443736496,0.08319544089975871,long_only
0.09730635371060117,0.1751376499879503,long_only
0.07508019035140841,0.10641016458543959,long_only
0.0817711895007778,0.13981561199287657,long_only
0.09088469639176658,0.1627368621910812,long_only
0.08640260149532684,0.15548617741035226,long_only
0.07745305630509478,0.12633099596932418,long_only
0.058448493741168096,0.0629703475097457,long_only
0.10076863462357696,0.15574025661589283,long_only
0.08857489585021974,0.1592924283811278,long_only
0.06535324099679854,0.07256560469440629,long_only
0.08032196051208206,0.1371022569655272,long_only
0.08713470017461762,0.139479648782171,long_only
0.07027394434459376,0.08914169471536211,long_only
0.07972019514888694,0.1346192774793649,long_only
0.08347814741553326,0.12456745757380083,long_only
0.08771897799382969,0.11867048172261983,long_only
0.08502422459378658,0.11962658664351138,long_only
0.08616017362923226,0.12408044584004049,long_only
0.07587787198671812,0.10448424170633465,long_only
0.08565004779783465,0.1651033416144464,long_only
0.0856213640191609,0.15880142665698965,long_only
0.08510615095808366,0.1257115619957381,long_only
0.08304488564718093,0.11967034649449027,long_only
0.08882103589232786,0.14828757438512788,long_only
0.07903840678864835,0.13031336843455157,long_only
0.05657241537140253,0.04944976178655292,long_only
0.0838458514907956,0.12908308877707242,long_only
0.09629238760162037,0.1414616545365969,long_only
0.061392688271282046,0.07070254240902055,long_only
0.07010071769092652,0.09082570571887451,long_only
0.08303631868024518,0.12857031765511828,long_only
0.08162599005029686,0.12783401220176233,long_only
0.0776238273244085,0.11234672434060408,long_only
0.0774101560845675,0.09182195978213148,long_only
0.07988461902013226,0.12499102238152708,long_only
0.07754775313824266,0.10607790145704407,long_only
0.09110034173028854,0.18062946232370483,long_only
0.0785187076595278,0.11819944483978351,long_only
0.07938909019215216,0.13884808366735854,long_only
0.07072838059657659,0.09828373768285027,long_only
0.08976020991365558,0.13352387837294058,long_only
0.08572958415079625,0.1383516180973282,long_only
0.07449886062469757,0.13423999131617423,long_only
0.09773442002789491,0.14933955708352661,long_only
0.09420822175146605,0.1348539253111833,long_only
0.08923082138491521,0.13415747142128068,long_only
0.0794486641653544,0.11587430465065011,long_only
0.09642365176749848,0.15268597735110429,long_only
0.09718493520376674,0.18492963110242466,long_only
0.10363847328047171,0.16167129701721294,long_only
0.065645425790232,0.0680926828861231,long_only
0.07797687618320603,0.11960533340380035,long_only
0.07867589073010145,0.1303554586233909,long_only
0.08655573553694655,0.1484906211103998,long_only
0.07763818866803447,0.1222732447909645,long_only
0.0742391750209037,0.11569086807444508,long_only
0.07296390727433044,0.09652611315586053,long_only
0.08511326984468227,0.1286315381661941,long_only
0.07299036383052587,0.1053666580895951,long_only
0.08347862748088553,0.13825936346184362,long_only
0.08069186772163195,0.0990570989207122,long_only
0.09106351626589025,0.16863229750870026,long_only
0.07642461217737942,0.11686621944916444,long_only
0.09503112518174964,0.1463469497155154,long_only
0.09020868228360197,0.12587347195768278,long_only
0.09317397014505377,0.1425190140193172,long_only
0.07854761903450484,0.12733648978551892,long_only
0.0750559823163032,0.10275464400296615,long_only
0.08158809945310433,0.1303304656754651,long_only
0.08060228935116834,0.11239123684924104,long_only
0.06823543097144716,0.06810369446361551,long_only
0.061224996798063945,0.06563688763771224,long_only
0.08341888214127328,0.1341040287615725,long_only
0.08736872001653731,0.16558770467917566,long_only
0.08856720984286384,0.17852721967636487,long_only
0.08232601974775909,0.11710736689668425,long_only
0.09114474373245832,0.17659956769183774,long_only
0.08238959480788709,0.13004000284880898,long_only
0.09437673576087857,0.19712386746382032,long_only
0.07730225046995004,0.12735288208548426,long_only
0.08128049388449862,0.12976274234412047,long_only
0.0932344320561765,0.13435275495896526,long_only
0.0715904505577769,0.09299263647414693,long_only
0.06469677602348203,0.07896629947486422,long_only
0.0726205960397392,0.09734457891331,long_only
0.08261422657623414,0.1329259789887476,long_only
0.09960346881506237,0.15889691790363092,long_only
0.07549145424030401,0.08939142787353212,long_only
0.09286140549887024,0.15375136926157468,long_only
0.08576581889372406,0.1564996855336512,long_only
0.0924768730023737,0.16665130857074212,long_only
0.08325002880327319,0.13401659579226244,long_only
0.09381916363589195,0.13703800474721867,long_only
0.0774864633618553,0.11052750302011784,long_only
0.06680979071684194,0.07257349841530161,long_only
0.09764213243193214,0.14373429124399234,long_only
0.08743551465398801,0.17122212803969802,long_only
0.07681682119460807,0.10764495827579289,long_only
0.07057777289314171,0.07269812440075554,long_only
0.08315705031064674,0.15188504173985173,long_only
0.09158014550595327,0.19606539103728424,long_only
0.08621635108491059,0.14363155974505235,long_only
0.08352812914670484,0.14790548837324818,long_only
0.07696325142541413,0.12233543932630675,long_only
0.08041913275673147,0.13192380644612994,long_only
0.08420014071833021,0.14214537386209897,long_only
0.0733387724064595,0.10554063492115026,long_only
0.06949222838014146,0.10816174892241483,long_only
0.09149084179955104,0.16745137559679898,long_only
0.09858657279369276,0.17373465342242508,long_only
0.08631611440376,0.13248980297699878,long_only
0.09033122981428285,0.16475704437843858,long_only
0.08110362162327886,0.12156338256778075,long_only
0.08534047215005372,0.12348842111289786,long_only
0.09902426982307856,0.1569002984075693,long_only
0.091929098018481,0.129750858373842,long_only
0.09139814724102725,0.1537603203033655,long_only
0.07521016810409487,0.09710725487612513,long_only
0.08750142752912594,0.16293512636442006,long_only
0.08489890230120534,0.1324636238490342,long_only
0.08053806737027834,0.14367439186174116,long_only
0.07492285966469836,0.10768408438706478,long_only
0.09632784762022606,0.17069868477614683,long_only
0.09576553991171646,0.13829453429408747,long_only
0.08691983586892094,0.1612041041713137,long_only
0.09128899149510042,0.15213316740247293,long_only
0.08474229763426938,0.1347593334887277,long_only
0.09340686702735079,0.13082807730575904,long_only
0.08093803673702,0.14139047900789092,long_only
0.07297600007029596,0.09881843223592066,long_only
0.08989372245389117,0.1656845891718432,long_only
0.07705229135197697,0.10408152729625615,long_only
0.08723214663642337,0.1303951862568217,long_only
0.09703311792925198,0.17327018545881123,long_only
0.08208596642974052,0.12600468514667448,long_only
0.07358044255055587,0.0898023493348463,long_only
0.0824297203485015,0.1376581483072216,long_only
0.08290670461533736,0.13147162331144674,long_only
0.08814276904469562,0.1447908029253922,long_only
0.07795658772899722,0.12271150118549141,long_only
0.07972254295157896,0.10798569299061407,long_only
0.0795300078023493,0.10876928159444728,long_only
0.09056627064542344,0.14636359673426666,long_only
0.08063263441829228,0.13615421822661772,long_only
0.0876491422962314,0.17515450767752216,long_only
0.08205151963429755,0.11950237846270302,long_only
0.07834541019426451,0.0991349025403006,long_only
0.0632060961158347,0.07679674069801685,long_only
0.08362279928327797,0.11663568294742309,long_only
0.07107999380496825,0.08426385297659679,long_only
0.08842284751677458,0.13361938887096905,long_only
0.0748427923322126,0.11039338791318969,long_only
0.07636848619614767,0.11659836119802283,long_only
0.0843469398979194,0.13932327281364604,long_only
0.09276359203022225,0.18533410656146526,long_only
0.09239066531362741,0.14321621250424316,long_only
0.0747001919474909,0.10464484782784736,long_only
0.08799373852537232,0.14891274925019943,long_only
0.09730049192401052,0.15579177609723158,long_only
0.09211165891675782,0.15775639973160518,long_only
0.07125941684280566,0.08535356605313607,long_only
0.07993737761352422,0.10283807434652838,long_only
0.08572447708589272,0.13739671572842,long_only
0.0910791733122522,0.13688138547704226,long_only
0.09700641687217337,0.16682950543102656,long_only
0.08383452862405706,0.13359470974354878,long_only
0.09747199061028153,0.19208943196454967,long_only
0.08510132016036906,0.13503827259128762,long_only
0.0896689465322332,0.14121059199288255,long_only
0.07566878121063168,0.12155142109147041,long_only
0.07750784522956101,0.11866141879197184,long_only
0.08265890525527743,0.14721980797542406,long_only
0.08417846578285985,0.14890164238375836,long_only
0.0831806334752674,0.10274720286237493,long_only
0.07396946526954179,0.10264568881715148,long_only
0.080545893128594,0.13630856066453426,long_only
0.09343529751315413,0.1733563618187838,long_only
0.0864910565900704,0.15703903076049044,long_only
0.06873402107762903,0.0871290724198477,long_only
0.08952364838015507,0.1371417311704079,long_only
0.07969680480105783,0.10062817912412542,long_only
0.07655057780583528,0.09777870435645572,long_only
0.08073558929541888,0.1262559628728,long_only
0.08358937828672132,0.12578749869659117,long_only
0.0746337345928557,0.11117495366884349,long_only
0.056149870651699664,0.05075436639166982,long_only
0.08086216035063175,0.09911060143660841,long_only
0.08013695238152142,0.13548863539534703,long_only
0.08894299331530214,0.13856019957558344,long_only
0.09468429989912787,0.149611862329777,long_only
0.07449479993099577,0.11644257222042141,long_only
0.07858002566997055,0.12078408065212368,long_only
0.08500819848812459,0.13539410735160282,long_only
0.07937048494392357,0.12387202534422902,long_only
0.07838082791030031,0.12029964590097837,long_only
0.06641447951668256,0.09004762220180604,long_only
0.09006826509820624,0.16829449857445428,long_only
0.08256431668722784,0.13194910672526597,long_only
0.06622400778676561,0.08444036454995074,long_only
0.09462954706328908,0.1432258895532482,long_only
0.08194080917473157,0.14449803614480963,long_only
0.062083996980557075,0.06533303853127256,long_only
0.07533549545516435,0.09777861063901229,long_only
0.06978789400334003,0.09876954291196285,long_only
0.08911462446788083,0.1351369491002251,long_only
0.08088389119539247,0.14096051969309437,long_only
0.08749677656374524,0.14889464474603792,long_only
0.0729269865902718,0.09864723147322624,long_only
0.09520495840149817,0.19864017384866925,long_only
0.08355103545715938,0.14941748121999676,long_only
0.08114228202522668,0.14164403989745641,long_only
0.09090130576060068,0.17402459285928895,long_only
0.07312838236809958,0.1058728876522062,long_only
0.08615782327958857,0.11759281035595005,long_only
0.08155971137474725,0.11561831393853338,long_only
0.07986650754638987,0.10930818732887765,long_only
0.093420446714348,0.16561614176235562,long_only
0.09519003452814427,0.17909905522858796,long_only
0.08355562994816283,0.15360294450900194,long_only
0.08177281654828032,0.1335343937302882,long_only
0.06967590274928097,0.07427336718086203,long_only
0.07827728873087801,0.10433168668711106,long_only
0.08925793574511683,0.15825659981125093,long_only
0.06335120502132695,0.07194062914012056,long_only
0.08315690948850148,0.11149596910018086,long_only
0.08797764628618718,0.15717520953250022,long_only
0.07776366340251648,0.12117882443674474,long_only
0.09731158135189727,0.18347747944973572,long_only
0.07887700580287647,0.13094921646918692,long_only
0.07826844856418051,0.12322639610598296,long_only
0.08972787508315529,0.1406091065264869,long_only
0.09553112709250572,0.20288249673654707,long_only
0.07619903317888077,0.10054427966753675,long_only
0.08831433192964805,0.16030778896420433,long_only
0.08844280930344532,0.15935881267398772,long_only
0.0748518289300222,0.08400067102313097,long_only
0.07998236582409571,0.11173029360011721,long_only
0.06679747753689794,0.07678984774191351,long_only
0.08652423678340024,0.16636488034606192,long_only
0.09351385418633304,0.16024443478629788,long_only
0.08236721908061151,0.13255057857549904,long_only
0.0927913702877348,0.18833233551155404,long_only
0.08799546038206806,0.13890415658431665,long_only
0.08588666612660266,0.1363886403819401,long_only
0.08105499904730203,0.13844742517558364,long_only
0.07907526348450299,0.1262854428536896,long_only
0.09386244941297028,0.14244518958731375,long_only
0.08728189252468467,0.12913949111058012,long_only
0.07303702301596889,0.10182013739255559,long_only
0.07090217836821675,0.09117417454011241,long_only
0.09326525642215248,0.18653581383221038,long_only
0.07557347216458334,0.114266517413648,long_only
0.0783568369270647,0.12248940592836825,long_only
0.08601465326599457,0.1425357637312606,long_only
0.10232732737049563,0.1638434773897035,long_only
0.08220567061668897,0.14077825230307245,long_only
0.063197436186896,0.07269901196741158,long_only
0.08614594396306924,0.12257178104808336,long_only
0.09731081547349352,0.1621988712632346,long_only
0.08078494549857877,0.11707572266599943,long_only
0.08236247790035398,0.1484196057704979,long_only
0.07628287567289983,0.0965138541510237,long_only
0.06420401347524093,0.08131536550417315,long_only
0.08154135593112466,0.1371674203376102,long_only
0.09115868725431503,0.12652055767174825,long_only
0.0939575540120869,0.17217951751517516,long_only
0.09534602353720105,0.15021686320101996,long_only
0.06997468953066754,0.08959776837076874,long_only
0.09016414089872642,0.14960275593311714,long_only
0.0661306005947964,0.10620043885129224,long_only
0.06260803583095251,0.06731514359948651,long_only
0.08770172067381111,0.16148814401208528,long_only
0.08680277461865091,0.15421960135421364,long_only
0.08294701511282097,0.13727701135046483,long_only
0.06204982434798617,0.060711684259953234,long_only
0.07822283095905903,0.11216186720420748,long_only
0.08505594905467391,0.14862988262265855,long_only
0.089293933405665,0.15015779882087132,long_only
0.09889499231959503,0.1617433499297779,long_only
0.0764423532945274,0.09267415582009533,long_only
0.09285979057335328,0.18419487493073375,long_only
0.08847102068208088,0.16703255660348434,long_only
0.08761194348768939,0.1393349239855308,long_only
0.09460893880250919,0.14833940045287683,long_only
0.09149852478665389,0.17924545696703426,long_only
0.07992811914968055,0.12794994985179203,long_only
0.10101280306967803,0.15247855704539337,long_only
0.07699040231407522,0.09129295406834129,long_only
0.08738784821351103,0.17358465667731365,long_only
0.07161097960767922,0.12152638419862433,long_only
0.09450865083600628,0.174441465536105,long_only
0.08682477619629497,0.1653582870700224,long_only
0.06675747869824891,0.0862936228568502,long_only
0.08410370994764176,0.12442071549829431,long_only
0.08286583510120914,0.1169231417873892,long_only
0.07932890925015143,0.10883831316620479,long_only
0.08014023000775142,0.10592761105358489,long_only
0.0912601921090636,0.13114694207066563,long_only
0.07146587270624621,0.08190246123297974,long_only
0.0873503449849139,0.12181339999763552,long_only
0.09289043254367227,0.1468574181801371,long_only
0.09721537668425705,0.15213880000816765,long_only
0.08811674556869956,0.14214561902780695,long_only
0.08448300071225229,0.14369095193568535,long_only
0.07544698094315785,0.11455322838263884,long_only
0.0784394557816807,0.12439437320936504,long_only
0.08522912712910378,0.11929416469352078,long_only
0.08154896947329225,0.13389393793341478,long_only
0.08672278091728121,0.1270621065310774,long_only
0.08575665410674732,0.14206726346210782,long_only
0.08433921378072579,0.13452863631951895,long_only
0.09336080096372684,0.18374874800519508,long_only
0.09111402701270348,0.15858415593287037,long_only
0.09035452936053245,0.17616461240176975,long_only
0.08110029535505853,0.12142138672793754,long_only
0.07355774225315058,0.08978178915482513,long_only
0.08727272593518003,0.1320189273229248,long_only
0.09046966935338292,0.16398350976085785,long_only
0.07861862463329049,0.1085253904150018,long_only
0.08596202299100954,0.14786690601040461,long_only
0.08750521689324273,0.1521253683989359,long_only
0.08366253610251302,0.15661731516363092,long_only
0.0839646510822734,0.1321725360542439,long_only
0.08650809175553548,0.11459502344434708,long_only
0.09170943746402356,0.15931237621239489,long_only
0.07278046464328841,0.1074884525138067,long_only
0.08155936130875005,0.1187721922623641,long_only
0.07141572429168419,0.10305852569662866,long_only
0.09099138318930088,0.15093586816682694,long_only
0.08411764737262378,0.1607103773809501,long_only
0.07575994188836176,0.11277041605744445,long_only
0.09465075628999213,0.1948294310079991,long_only
0.06927021029262743,0.08968099175650023,long_only
0.08306904387685975,0.11428253353218938,long_only
0.07313529306988535,0.113339264756223,long_only
0.08263759860052518,0.11103716928705948,long_only
0.07738559478940996,0.11469688647724759,long_only
0.08266202164419582,0.14812074676206474,long_only
0.08561169037920781,0.13371313042623384,long_only
0.08301648141451679,0.12143296741336249,long_only
0.0860200022637116,0.16069567566059853,long_only
0.07977784940934901,0.12893110628485516,long_only
0.06564483266600671,0.08107688437788574,long_only
0.06891435692243593,0.0888552033334855,long_only
0.08568051062290183,0.1347392603499559,long_only
0.09425166401014531,0.16348930875690731,long_only
0.08881695484209323,0.1707207736526006,long_only
0.09509623543690669,0.14488425373116529,long_only
0.07288329525903517,0.1009050428140339,long_only
0.08385385057149931,0.13266892024461338,long_only
0.08896427130064795,0.14177481446376775,long_only
0.07842333278213996,0.12044610336752752,long_only
0.09200380819413306,0.13913457944717464,long_only
0.07345710733284178,0.0949454949183098,long_only
0.08033689988328645,0.11581984526211146,long_only
0.09989216615301456,0.16185557926323135,long_only
0.08262574701057873,0.14647602352374042,long_only
0.09085405168052356,0.15934527808770477,long_only
0.08690337511618826,0.15199971915202123,long_only
0.0968359775787771,0.1483363842090346,long_only
0.09473975248794364,0.15955327299357308,long_only
0.08038167608474726,0.12206056699356807,long_only
0.07628689121751947,0.11519845182879268,long_only
0.07512224181327502,0.1126395152957206,long_only
0.08965482388395803,0.17725083175360176,long_only
0.08439453024955106,0.10945162897257216,long_only
0.07419310274722862,0.09855035052129084,long_only
0.07607322834159579,0.08701694037154037,long_only
0.08340875109644605,0.14907486231476555,long_only
0.06243993641104543,0.06881744898347888,long_only
0.0912977286926481,0.1810078756372815,long_only
0.09310273846128153,0.14366273098388743,long_only
0.08766160014842658,0.16176296741821233,long_only
0.08907766580295766,0.17806421955182927,long_only
0.08846303432220237,0.17740550460776838,long_only
0.0942384305911551,0.17954308496366697,long_only
0.08621805200001625,0.12369407121307933,long_only
0.07976167456210967,0.11854388154180198,long_only
0.08266508220518695,0.13918757674246812,long_only
0.06786032055765404,0.07345991018487995,long_only
0.07908193431422963,0.10964834342508904,long_only
0.07657598317380773,0.0977446894899202,long_only
0.08359771517199116,0.12518616268570154,long_only
0.07384586520095676,0.11212955860788362,long_only
0.08094396545954738,0.12987310989393108,long_only
0.08387339686059214,0.13531083354063297,long_only
0.07064419268301715,0.11074537983086584,long_only
0.08479836415276992,0.13945383622533944,long_only
0.0846475065763343,0.12237187547447931,long_only
0.07731799459031677,0.12037653322787965,long_only
0.07905248215312267,0.12208521247054718,long_only
0.08159266828528655,0.13867814285534388,long_only
0.09459638950104199,0.1784891156276131,long_only
0.06966626724588555,0.08924360386225592,long_only
0.05707301010263309,0.05248389967638701,long_only
0.08434446584685742,0.14316092233820066,long_only
0.07399511016129691,0.0969824861980056,long_only
0.0871192832730121,0.14657290544335805,long_only
0.1002074073096315,0.19815589281642454,long_only
0.08471349237685594,0.15440925723492618,long_only
0.09444070576022502,0.15161692958595263,long_only
0.07679477684836904,0.09565121464611062,long_only
0.08603637904083358,0.15898508845151932,long_only
0.07867371842781355,0.10799470112828775,long_only
0.0908250181324614,0.15823452253704695,long_only
0.08688557960690757,0.13944630711719208,long_only
0.08316695862633859,0.10847221636017298,long_only
0.07839925481588217,0.09713659789972758,long_only
0.08804560282270787,0.1265194310683565,long_only
0.08717950279402135,0.1667476281368615,long_only
0.07553724961824437,0.1282249365081602,long_only
0.07733967966931882,0.11936657875635116,long_only
0.08925859630520071,0.1558661970738686,long_only
0.07271498126456367,0.07740176909132568,long_only
0.10268239344529961,0.16712867786153263,long_only
0.1042192827658328,0.1615397211079624,long_only
0.08304446303749016,0.15538398980638976,long_only
0.08891777065296781,0.14298420424199662,long_only
0.08005838053592312,0.13105281521949053,long_only
0.08820225016443234,0.1719094063542559,long_only
0.08537040232220976,0.13275801698172032,long_only
0.09956864876596963,0.16192359708705337,long_only
0.06486244864488781,0.08008365775395664,long_only
0.085857095709622,0.15876813674531906,long_only
0.08198988908885808,0.1348316870952537,long_only
0.08968787423947959,0.12286966230377,long_only
0.07520873486386459,0.10537559049260649,long_only
0.0835356602385141,0.12107082514640126,long_only
0.08526767796503025,0.13705075060932553,long_only
0.06322680111458794,0.06467717420590709,long_only
0.08888999372218953,0.1289370634806303,long_only
0.09041951644127687,0.1817070350577865,long_only
0.08661927673511466,0.13801349498032905,long_only
0.08198645892854962,0.10700065265693381,long_only
0.09072879777783102,0.15750430288934444,long_only
0.07737550457839236,0.12644656135984333,long_only
0.08426966694557353,0.12806738662166378,long_only
0.07811285832616012,0.1250128979056203,long_only
0.08933719809159571,0.1550819319677786,long_only
0.08956684744579599,0.1639073875612509,long_only
0.06179692258508988,0.0651577421110841,long_only
0.08832173111794675,0.14463234234663266,long_only
0.0943115628454843,0.1564679068445828,long_only
0.06376251311901857,0.07224071698373571,long_only
0.08913801988461068,0.14793810336663568,long_only
0.07036479015470531,0.08875115536319972,long_only
0.07727491197259287,0.10820815588616986,long_only
0.09863854442286857,0.15984175126887373,long_only
0.08426653162463531,0.12652567659899305,long_only
0.07945268706323795,0.13224777853643663,long_only
0.0895842035257331,0.1293081054889984,long_only
0.06546831715894555,0.06882772877029557,long_only
0.07785387622034362,0.11524901889688757,long_only
0.08725450334275528,0.16874732219104352,long_only
0.08901466515502988,0.17793227728953115,long_only
0.09285990378730517,0.18656494527772813,long_only
0.07929436843520739,0.12761602756329524,long_only
0.09297573614670344,0.14222876933696102,long_only
0.1002289270586347,0.1590005946032323,long_only
0.067366593960643,0.0814260018813949,long_only
0.10172033712874252,0.15955449756463655,long_only
0.08915695346772523,0.1343603298451847,long_only
0.09538482489873078,0.17702976567470943,long_only
0.08835680783707493,0.1382258513197343,long_only
0.07504842881846266,0.12104504328514447,long_only
0.08395525675264703,0.13524559025504682,long_only
0.08275397409361221,0.13107675011618225,long_only
0.08984405175864608,0.1382386873389916,long_only
0.07237848433680663,0.08826706532153926,long_only
0.0966027206637517,0.15401723330632408,long_only
0.07810899193331551,0.11738024775121106,long_only
0.08604265511748815,0.144253684309075,long_only
0.07507539304484312,0.09682430457595391,long_only
0.08154695349791577,0.13302305071384948,long_only
0.0827481178242103,0.1349877901022523,long_only
0.0910160581200384,0.1496642506231121,long_only
0.09201959665084133,0.15084847160216036,long_only
0.1023091852143879,0.16155991202283512,long_only
0.09120184240572182,0.13633779982066324,long_only
0.0837857742521657,0.14933742259180904,long_only
0.09093212284517602,0.18108914347784696,long_only
0.06879526344356715,0.09588776618202441,long_only
0.0801926355955518,0.12647662122285633,long_only
0.07928838812703326,0.1289317045334243,long_only
0.09185528610767771,0.14394372971003525,long_only
0.07488012183656041,0.09848686066177442,long_only
0.08140077114365368,0.13514610303166683,long_only
0.09884757369891832,0.17775079009192155,long_only
0.09622635694542989,0.1546628292791331,long_only
0.07925552632581484,0.11789940549366172,long_only
0.08335881367243025,0.1445652576072164,long_only
0.0919717970082744,0.15886668736064938,long_only
0.08862741094636505,0.1349122327444271,long_only
0.07544157457403132,0.13375739355663632,long_only
0.09411431751472962,0.17531689608308412,long_only
0.07679614373760767,0.11861603749705028,long_only
0.08790194339187604,0.132017844807024,long_only
0.08441521063903863,0.1295482220813979,long_only
0.07752416678186627,0.12294413034302341,long_only
0.10160226825789527,0.17836323376535906,long_only
0.08495338019160607,0.15967411909799462,long_only
0.09772212910603939,0.15414555214736397,long_only
0.09502732930522406,0.20104697983734635,long_only
0.059281669405319225,0.05813647168829562,long_only
0.08859092797969033,0.1394568018938246,long_only
0.06285309533757205,0.07281957313352924,long_only
0.08211750931563051,0.14587076572492658,long_only
0.0877554176296546,0.1816632562367958,long_only
0.08107068957702342,0.13662709532260625,long_only
0.08087468195617897,0.11612194740500956,long_only
0.0735828433378242,0.08600878902270083,long_only
0.08709754528659687,0.15900130305522203,long_only
0.08268354369570835,0.1207511805815338,long_only
0.0899531124047855,0.16878367543800035,long_only
0.07858394637303746,0.10060203181215267,long_only
0.07233989129398849,0.11109053627243531,long_only
0.08307981575121655,0.15137720633251583,long_only
0.09353356445785349,0.16182478680207305,long_only
0.08268530651373665,0.13864744518713862,long_only
0.07260567108784619,0.0960594533374721,long_only
0.0876089891415479,0.16663713918879747,long_only
0.05611563543095023,0.054858734737094926,long_only
0.08048895362480099,0.12582590904505783,long_only
0.0950331193662858,0.16388658043453122,long_only
0.09697859626952691,0.16302628018217807,long_only
0.09149106341889614,0.19152999883902536,long_only
0.08443667143600773,0.11791090995336605,long_only
0.07887566777793209,0.11097222019458722,long_only
0.0693815245925964,0.08302990595807007,long_only
0.10124224246774438,0.1614530362636561,long_only
0.08123539119691067,0.13925568681860437,long_only
0.0972636044785876,0.18923079894559716,long_only
0.08541046249079028,0.13617760182100117,long_only
0.07890091971953588,0.11991933638193879,long_only
0.07971736295786856,0.13037119394138336,long_only
0.06534179248961595,0.07986431092361013,long_only
0.08068934170922076,0.11277640096873003,long_only
0.09115672670052194,0.15379274881618843,long_only
0.09689566324015692,0.16244908194758556,long_only
0.0793669690650302,0.09756835896926525,long_only
0.08035432568168005,0.13199650909606064,long_only
0.0746232451563474,0.11361271265828415,long_only
0.08371730165116811,0.13323816068781047,long_only
0.09279034286462154,0.1383739851555639,long_only
0.07215864784892662,0.07478195300113956,long_only
0.09450976160386623,0.13825798361711764,long_only
0.07504662361426392,0.10293182770268175,long_only
0.07590340027259773,0.09283971215391396,long_only
0.08344123402139925,0.1131871624879254,long_only
0.08192876071911985,0.1314825583478568,long_only
0.09531207589364728,0.16815503706640764,long_only
0.08789483626870202,0.15338224104288262,long_only
0.076860642010422,0.12225933254249638,long_only
0.06776396991375049,0.08287064746411825,long_only
0.08646248021779779,0.15285642849971545,long_only
0.10391949967988162,0.16038178661321054,long_only
0.08417598365459689,0.12144594315157509,long_only
0.08323713832399449,0.1307703973657548,long_only
0.08297328348832002,0.13316055277430305,long_only
0.09080542412266938,0.16085723273544886,long_only
0.08741987169248071,0.12585924193268141,long_only
0.06854574104407593,0.06832446622502941,long_only
0.07917015138958214,0.11860613698005074,long_only
0.08435417659888916,0.1339543509504114,long_only
0.0773158633257363,0.11231901395407826,long_only
0.08145480963885675,0.1385105537610606,long_only
0.09355817073156315,0.1387703416812206,long_only
0.07778839406418624,0.12247026921035417,long_only
0.07848493224973734,0.12114163374452686,long_only
0.0641894023431576,0.07451394612195651,long_only
0.08363505113976401,0.1461890645274154,long_only
0.0880679047221475,0.1697981274683705,long_only
0.09763636696320309,0.223581243669379,long_only
0.08031534936686911,0.13364124432489607,long_only
0.07950541544911184,0.11487221543185457,long_only
0.0933811284876811,0.14196119073975094,long_only
0.08232981519839054,0.13663581269387112,long_only
0.05934772670880041,0.06060160413748988,long_only
0.06905864276943705,0.07999105459235704,long_only
0.08176875768983213,0.12679357744978137,long_only
0.08002754886734495,0.11042026855243252,long_only
0.0851749502128086,0.11013909794641444,long_only
0.07909316014145958,0.10862323885384587,long_only
0.07285158459537155,0.10756826646390436,long_only
0.09031666367622164,0.16309786729074316,long_only
0.0844065215468877,0.1359233402840054,long_only
0.08669709766529299,0.15059071688300252,long_only
0.07866829750815776,0.11655292362289082,long_only
0.07864073666924438,0.10340492269006299,long_only
0.09940476758669525,0.16383316939489545,long_only
0.0824396167342864,0.14717470439102562,long_only
0.09159426179381712,0.13692526359245405,long_only
0.07689388264009231,0.1086321350755445,long_only
0.08904093364571411,0.168541049776468,long_only
0.09221078480751738,0.17052781687492932,long_only
0.0773769991236867,0.11536086531231839,long_only
0.07020778041630919,0.10262800950909311,long_only
0.0757836115394273,0.12671035612383733,long_only
0.08581313227428121,0.15225704198248102,long_only
0.08722711414756062,0.14695144766152068,long_only
0.07392071347367771,0.09786733743196441,long_only
0.08191704367112553,0.12564447310818852,long_only
0.05810345733963788,0.05381301243993164,long_only
0.08550842736601241,0.13678829676077534,long_only
0.07806683151714466,0.11665679175066587,long_only
0.09451832328430373,0.1796210179662593,long_only
0.0874114898307085,0.12000007365016736,long_only
0.07980863408428349,0.09826559010964364,long_only
0.09003327168372936,0.15109918429840094,long_only
0.0835883470551669,0.15478622258418853,long_only
0.07428221187695562,0.10735352151930005,long_only
0.08044038760011955,0.12473288072336346,long_only
0.0945932376194467,0.15688698645672072,long_only
0.09122899158185119,0.15522310499692504,long_only
0.08228616300526131,0.11993871328091602,long_only
0.08774431826039512,0.12436156196213366,long_only
0.07808391422537493,0.09461546757536737,long_only
0.09630879115363421,0.14150496154240738,long_only
0.07230790353028843,0.08545295134116752,long_only
0.09146965989137021,0.1364011554808052,long_only
0.05764077621052018,0.05744406487370414,long_only
0.08937926857742144,0.1468180825736699,long_only
0.09427912069127323,0.1455206312777467,long_only
0.07013241230156064,0.08574727973466793,long_only
0.08077224262768384,0.1392299492251697,long_only
0.08255768708689673,0.11705120298962071,long_only
0.0926385408503928,0.15323026073241225,long_only
0.09264120101216657,0.18368675682102223,long_only
0.0697575196373272,0.0967835659129483,long_only
0.07590504161570986,0.1180269682745522,long_only
0.0711919343448694,0.08092229601469739,long_only
0.07084284481560377,0.09733092348379235,long_only
0.07939869809465769,0.11976022996933867,long_only
0.0720749094238178,0.08319735265123014,long_only
0.0745791430499853,0.10805676108235775,long_only
0.0804025506392273,0.12311634968061819,long_only
0.08426678903947783,0.13938455790906806,long_only
0.06380654629974823,0.07910198816585144,long_only
0.08723971192334719,0.14313595442697855,long_only
0.07907946530482829,0.10236409829016145,long_only
0.07233927397018408,0.08231071806267977,long_only
0.07243895596640941,0.10585141381752065,long_only
0.08402309557737836,0.12828809826901397,long_only
0.07977262736452578,0.11131453541043923,long_only
0.08931923185038945,0.170551188031544,long_only
0.06757568092513741,0.0713763934958198,long_only
0.08182276686132853,0.11573039711932073,long_only
0.069264129617032,0.08639047114375706,long_only
0.10345431609022614,0.17008894992598914,long_only
0.08609638036136975,0.12374976592408676,long_only
0.08570374017443293,0.12520614302805189,long_only
0.08080204220635016,0.13498573751132698,long_only
0.0935016351876465,0.1718494605255858,long_only
0.0905214492170441,0.1803384556371973,long_only
0.08470020916976234,0.14908323957947725,long_only
0.0891815623486108,0.16575714007352463,long_only
0.07735613546996527,0.12985132776233277,long_only
0.06953284451890811,0.10107302451043143,long_only
0.09605907391891437,0.1962256918793054,long_only
0.08056303969761054,0.13593953657381364,long_only
0.08213596488636317,0.1079740524494549,long_only
0.07469451301238374,0.12803746934169533,long_only
0.08015533885495396,0.11432908807499513,long_only
0.06563911621648885,0.0614477580420732,long_only
0.09059009815890512,0.1833536691187601,long_only
0.08970069054482224,0.1649410503528702,long_only
0.08354485764328728,0.15124870573501292,long_only
0.08861176042442123,0.12822560629032978,long_only
0.07925742971365583,0.09594097014381707,long_only
0.08816189361063805,0.1154206390145054,long_only
0.06736838526083579,0.07708411973238524,long_only
0.08734484218314391,0.1441335738531029,long_only
0.06778372741755768,0.08537660218818448,long_only
0.09082763654550513,0.13089993564057817,long_only
0.0938891967638514,0.1388621653490407,long_only
0.08155421802919113,0.13196862563030265,long_only
0.08177313108007475,0.12538504432279135,long_only
0.07651102221089139,0.1224086554949654,long_only
0.08099587940999108,0.10394933673160095,long_only
0.07681330129709987,0.10003258068161984,long_only
0.08496125645191462,0.13922221717001096,long_only
0.08897217657533982,0.17444544357207067,long_only
0.07329889107979984,0.11639103852134046,long_only
0.07862809354886366,0.13505394616427524,long_only
0.060859887929210744,0.0595813509292187,long_only
0.08316647120166602,0.14519585672588503,long_only
0.0859867947457657,0.14212152341299222,long_only
0.05790511808777114,0.05392339337688356,long_only
0.08851105904324377,0.17375874510972603,long_only
0.10701164873380066,0.17583636939177494,long_only
0.08866137912006597,0.15247476905637106,long_only
0.07324684814763255,0.09043260547747493,long_only
0.0780589797171294,0.1259535059557475,long_only
0.08986814800536061,0.17768003784213196,long_only
0.06831418813219436,0.07586601715912195,long_only
0.07706534425233409,0.10211758295824026,long_only
0.07857584369083309,0.10007888392294731,long_only
0.08085357489890321,0.13482113438828625,long_only
0.09833682815709968,0.16621080817198627,long_only
0.08929819242310418,0.14945916161464937,long_only
0.08635701085920014,0.15163600142093342,long_only
0.0824879105125142,0.13152022536777105,long_only
0.08066634994474285,0.14400508603335965,long_only
0.08874711649960831,0.12822801303415862,long_only
0.06986437037157746,0.0846207344475388,long_only
0.07745230172645902,0.11944726354063807,long_only
0.08829548146872139,0.1264217465288334,long_only
0.0693199354134748,0.07836932041507931,long_only
0.09725630537133276,0.15375498567492954,long_only
0.07687015489674454,0.1253213146556049,long_only
0.09272421702188849,0.17279219059001422,long_only
0.08968577678027988,0.15588925799401773,long_only
0.07767617674358011,0.11349808521890137,long_only
0.08511440867411219,0.1313639983521825,long_only
0.10145818905844846,0.16046046547164067,long_only
0.08248835414555655,0.13966165583743564,long_only
0.0871775444925917,0.14391974600361912,long_only
0.09413228328741584,0.1475351739722121,long_only
0.08742438804743168,0.11633558610243462,long_only
0.0821273142755055,0.1289370923996878,long_only
0.08505140463113456,0.13482367017045763,long_only
0.08301582805813966,0.14933551634169395,long_only
0.09438613144182365,0.13742153405842855,long_only
0.09487108699276152,0.185813053743867,long_only
0.0932326559330425,0.1526450732027341,long_only
0.0849921176942395,0.1484695700276421,long_only
0.07993760190919338,0.12733157787840296,long_only
0.08069365825579779,0.1262901038342157,long_only
0.08731376053571813,0.11773695146584578,long_only
0.0712875175508291,0.07793194356197024,long_only
0.08547435232013681,0.11698085430426947,long_only
0.0859691317722116,0.1444973230909087,long_only
0.08579383740665486,0.1336849909412274,long_only
0.08498454857506764,0.151072484629376,long_only
0.08727674020448113,0.13684422672626875,long_only
0.07835499917409633,0.10776065986016378,long_only
0.07956957008616111,0.1147009762381579,long_only
0.08835494915028919,0.16904142028000602,long_only
0.07436476631974064,0.12015054222519518,long_only
0.0838484394237074,0.13624050664239737,long_only
0.0826892370770934,0.12458927563627126,long_only
0.08241158809526722,0.10467398967944375,long_only
0.06516938996668425,0.08539051306639925,long_only
0.06075819593327801,0.06364600291229505,long_only
0.0794425580624294,0.14342858911149106,long_only
0.09834450082796779,0.14895448601298156,long_only
0.08899234652398443,0.14839535209006174,long_only
0.08874421394967157,0.17755362517829343,long_only
0.06805574223337657,0.08280599122016961,long_only
0.07350734194050072,0.0952541348217872,long_only
0.06878599851695624,0.0861272561519985,long_only
0.0731774037574774,0.10921081414349608,long_only
0.07919476893340496,0.1154496563052063,long_only
0.06821914087973496,0.09183989184934539,long_only
0.08413880055396071,0.1325987453369477,long_only
0.08968957023997991,0.1511052507580582,long_only
0.0790249820847913,0.09877624439359431,long_only
0.06044555967413526,0.06451929810158512,long_only
0.08164641177471367,0.12629481333276324,long_only
0.10097423737658433,0.17306287523714617,long_only
0.08248510556970541,0.15379910305199423,long_only
0.07600641716421719,0.135659728114975,long_only
0.07472729927582132,0.11159885621410785,long_only
0.10234689209724548,0.1772522568606727,long_only
0.08724427980438687,0.1402616406771127,long_only
0.07916597861331025,0.13130692367363936,long_only
0.08704082757860329,0.1223123290448486,long_only
0.0933546037657955,0.16729860936092827,long_only
0.09742441179295659,0.14969362467534292,long_only
0.09213482939605067,0.1358608544916657,long_only
0.0954099206703844,0.1474182048009881,long_only
0.07309917912725768,0.10344739343100637,long_only
0.08972656299730838,0.15003403739709426,long_only
0.09699073651541645,0.1654035363509125,long_only
0.08831526695406273,0.1716398284557816,long_only
0.08284825250371083,0.12837636617017273,long_only
0.09135357305515875,0.17992063570879846,long_only
0.0931909139716519,0.1650863396857146,long_only
0.08282507684199479,0.11009574292685702,long_only
0.08539821119248035,0.13324160774401994,long_only
0.09595074266714779,0.14987124351868358,long_only
0.08012244255890211,0.13642617175335342,long_only
0.0770755452941723,0.11859778455755218,long_only
0.0935760011063977,0.1461827237006363,long_only
0.08763963346905969,0.15724530463029032,long_only
0.09528459485759151,0.14857056879183203,long_only
0.09052389879329656,0.14244214702006208,long_only
0.07910246763337739,0.11314897787973427,long_only
0.09252569150244663,0.17088560066954442,long_only
0.09286365122901766,0.14959809126641813,long_only
0.07497412317470334,0.09408579822770878,long_only
0.1001394988122228,0.16251788426649683,long_only
0.08203726962073346,0.1516789440368017,long_only
0.09608588616304849,0.15372764160670427,long_only
0.0796142066120705,0.12195121776112004,long_only
0.07638224948297956,0.10927263690975104,long_only
0.07310679080691732,0.0908155690843731,long_only
0.08633626655172942,0.12459560185338464,long_only
0.07838630418932807,0.13017623648922252,long_only
0.09241504547299328,0.13464408508499542,long_only
0.07564711385160841,0.10631480334615492,long_only
0.08584003135346306,0.11977054257302966,long_only
0.07986706824480717,0.10998271484680278,long_only
0.08660126700553522,0.14126454480509304,long_only
0.07380940224524213,0.10058959113798911,long_only
0.07018782720836717,0.09746032109632727,long_only
0.08106298101391558,0.1306465114150834,long_only
0.08996450621421673,0.1209458830358905,long_only
0.0744998903335704,0.11149524397955085,long_only
0.09218950354739236,0.17909835371609992,long_only
0.07972553804145284,0.11684968439734561,long_only
0.1026089316356591,0.16607130651780438,long_only
0.08713839985925952,0.12127419679776309,long_only
0.06595659184806608,0.0705997887877776,long_only
0.08579466103626125,0.15183026204102312,long_only
0.0786069308065127,0.11177364787784029,long_only
0.08024225481726306,0.14320856896274575,long_only
0.0977273868722955,0.15303315022198496,long_only
0.08990049146998387,0.12708371663907275,long_only
0.06720798865913627,0.07347195718967309,long_only
0.08025993742747042,0.12205586331017525,long_only
0.0854329521317782,0.15660198787132001,long_only
0.10039064239659123,0.17205444632359845,long_only
0.07153533551998596,0.09149008972919434,long_only
0.05596039483869533,0.055549087346228224,long_only
0.08241111715097979,0.14197003319581417,long_only
0.08556116352481818,0.12618918284400593,long_only
0.07543897064458444,0.12368112250800023,long_only
0.09286549383985815,0.1915980878078144,long_only
0.08812792684154984,0.1748837753856621,long_only
0.07364820936902484,0.09464416324282941,long_only
0.0774028311147199,0.09538453360595973,long_only
0.07246406806330684,0.10396081052137875,long_only
0.08137893614246779,0.11508048733699362,long_only
0.09220329122600361,0.18326850129912634,long_only
0.09245972238402608,0.18827941023532255,long_only
0.08918318086050384,0.15703156850687755,long_only
0.09273017580790399,0.15739634410964684,long_only
0.08546113654996194,0.14942159709564157,long_only
0.08178608910051438,0.12221646251223175,long_only
0.09162705771783039,0.14470014203561854,long_only
0.08275054088653515,0.13102279642278025,long_only
0.07569561113354789,0.11357792738023507,long_only
0.07765296276478234,0.10305185755555796,long_only
0.07074163861361747,0.10970677973484616,long_only
0.0942560207346433,0.15546792843803345,long_only
0.08487528057609435,0.10672427584431615,long_only
0.0785867086434526,0.11838457923432381,long_only
0.08803849782721719,0.16425318343577852,long_only
0.07830405577691053,0.09290535283351704,long_only
0.07624837338935257,0.1374038323263977,long_only
0.07774077135697852,0.11856829911947417,long_only
0.06546056701503264,0.07249999177694191,long_only
0.09500005694064068,0.15288413584881888,long_only
0.09005047076472451,0.15217838817552679,long_only
0.08921976500416878,0.14853524889532885,long_only
0.10327232018820738,0.16182417989571662,long_only
0.08115740070899162,0.11586822133750053,long_only
0.09207945402742933,0.1782720250964135,long_only
0.09100862565365471,0.1832915274982147,long_only
0.07712692445206647,0.0901094079789904,long_only
0.08684937764608193,0.135679285818048,long_only
0.0890446941598204,0.15012165393593488,long_only
0.09776595756997203,0.16183669246170004,long_only
0.0905224107122487,0.13811987483770818,long_only
0.07002790496718372,0.07977098693996856,long_only
0.07958473830942184,0.12997971443425627,long_only
0.08452241194369357,0.1324400208504917,long_only
0.07232297574382858,0.10072104889658792,long_only
0.08835497257312366,0.11911423562626428,long_only
0.09117536643623221,0.1427405585721004,long_only
0.08666079408515667,0.15734687135119946,long_only
0.08051705510461685,0.1461525210534067,long_only
0.08370970030003688,0.14690971965058877,long_only
0.06584203998660705,0.08645770244588682,long_only
0.08773690875194828,0.15194326502789238,long_only
0.09393876741449053,0.16061269637400677,long_only
0.060969562392964624,0.07211609065931796,long_only
0.0860254518163269,0.12898910018689308,long_only
0.0854010163614996,0.1605510661890584,long_only
0.08827169763966386,0.14374216490344002,long_only
0.09919231810717923,0.18170374838540748,long_only
0.08949724749155312,0.15052508837952341,long_only
0.09204240401988155,0.1444083305332117,long_only
0.0861651249383261,0.14425357996635402,long_only
0.08945838640804957,0.18321177139959655,long_only
0.0878891195978898,0.15341037192459828,long_only
0.08171284258607918,0.11039212289246945,long_only
0.07118269429507816,0.09920227454409006,long_only
0.0665706025807152,0.06722517130437303,long_only
0.09055329603412304,0.15969178504032358,long_only
0.07450972524531112,0.10327606622419976,long_only
0.0944269528731304,0.16977802119404684,long_only
0.0767834222334296,0.10498541945619509,long_only
0.0662213008323298,0.07570743983944887,long_only
0.08693864204014087,0.13963126757595307,long_only
0.0715127928869241,0.08738120296533808,long_only
0.08930209612003871,0.16643057319388524,long_only
0.07117177577061493,0.09518662648736119,long_only
0.07863765154372844,0.09278849492709552,long_only
0.0904924331618423,0.13946265937735605,long_only
0.08261273917399473,0.143037186803973,long_only
0.08539942593756064,0.15231416287946908,long_only
0.08333586575919616,0.1401446038996499,long_only
0.07100763301350474,0.09154312731544814,long_only
0.08433974127687045,0.14510676062541236,long_only
0.08782269005835082,0.14764817673548367,long_only
0.07759701252612264,0.11442551696241621,long_only
0.08280397922622998,0.14438848001830076,long_only
0.07927328987575877,0.12142054797275253,long_only
0.07819624327190118,0.10446124765457147,long_only
0.0717232590013474,0.09153931393361364,long_only
0.08971072585028074,0.17131191776287863,long_only
0.09407846743402261,0.1641810049206225,long_only
0.0782409092373926,0.12383618317748453,long_only
0.07422138012979745,0.13342417115780356,long_only
0.08243618479150137,0.11967773345521743,long_only
0.08974545206368849,0.13417668322302526,long_only
0.08245997814274768,0.11757670286954948,long_only
0.08168852665075774,0.10732948632045887,long_only
0.07164929994210575,0.09194685094287734,long_only
0.08509503614347595,0.11278993799980112,long_only
0.09002224937441373,0.13295950225914724,long_only
0.058013918840347206,0.05412024961664377,long_only
0.08865643226782859,0.1293469415328841,long_only
0.07431592343685142,0.09028792672156712,long_only
0.08754257204657995,0.13405886812717463,long_only
0.09727268496907958,0.1461619332798941,long_only
0.09472808830627479,0.13574175739547242,long_only
0.09176317941884868,0.157501675849332,long_only
0.08706761373257395,0.13757464859315022,long_only
0.09732618002156382,0.1853196305083737,long_only
0.08072779672507333,0.13609410403603925,long_only
0.06658167282135148,0.08428099551266766,long_only
0.08706135283845695,0.16193112228873888,long_only
0.08453905947081979,0.15283973766696243,long_only
0.09897064801576964,0.172549511098923,long_only
0.09150035172618717,0.15205171823414992,long_only
0.06920161494084286,0.07768345153362533,long_only
0.07544421547318561,0.10600148404406623,long_only
0.07167293195034334,0.0888026434041131,long_only
0.06446624924398729,0.07049608560101096,long_only
0.06658992672877659,0.10360004619736558,long_only
0.08621403357096485,0.14477819467389072,long_only
0.08018829734096533,0.12777907880131256,long_only
0.07465765147674303,0.09709834396860416,long_only
0.08233249825434985,0.12173439434565325,long_only
0.08396134089040519,0.12292613282256179,long_only
0.08361086097244715,0.11336429449826865,long_only
0.07326106131802416,0.12293291926183755,long_only
0.07004452696318557,0.09060006754462845,long_only
0.07505664206616391,0.11922565231164801,long_only
0.07818489903049801,0.1268167979975135,long_only
0.09286016622352074,0.14095999738588652,long_only
0.0675155370678937,0.08758427691048558,long_only
0.0634763824191067,0.07394621151311909,long_only
0.0898490579476625,0.13772013516666506,long_only
0.06979219212099415,0.10047780580085931,long_only
0.09506581355588765,0.14200608075773602,long_only
0.05893561962268673,0.05728737194920568,long_only
0.08759033076526616,0.1650091092713959,long_only
0.0886737507958407,0.1643475546567042,long_only
0.07393497977783703,0.10141865453738945,long_only
0.07697599940382992,0.08632744196867324,long_only
0.09812770012034533,0.15991688223193437,long_only
0.08417026934988153,0.15100413225304038,long_only
0.08866082635312583,0.1406844724868262,long_only
0.08034471142028986,0.124066388692535,long_only
0.08558269355337626,0.12223082258323242,long_only
0.08565665655974837,0.14438287395593533,long_only
0.08066961696926653,0.12069372414972296,long_only
0.0715880568281613,0.09260616164535104,long_only
0.07931763796875364,0.13150235342599703,long_only
0.08199566693331956,0.12080585972069237,long_only
0.06364923959246399,0.06624289466456199,long_only
0.10132022134857235,0.15474985742179623,long_only
0.0881939607671933,0.16267060882482842,long_only
0.06931388691860381,0.0823967987097,long_only
0.07459818967586825,0.11634558246222766,long_only
0.06961800387223661,0.0918493587470671,long_only
0.07132770239415222,0.09751388088609861,long_only
0.08221177444675072,0.12739600612893645,long_only
0.07664404230969872,0.104469849700192,long_only
0.06350486420920885,0.06808206546388255,long_only
0.08443974441049887,0.14973131434835457,long_only
0.07643520148831595,0.11534404977686635,long_only
0.07411527234295998,0.09168890085013794,long_only
0.07291656904998281,0.08067503575173796,long_only
0.07601465156762541,0.10929422052421446,long_only
0.07735093799121052,0.10855886716618368,long_only
0.06324496488412445,0.06253619290819644,long_only
0.08528351045603079,0.12354676569396067,long_only
0.09194247878037763,0.18060847090679247,long_only
0.07687984114302117,0.1176170896892931,long_only
0.09434423265109354,0.18583982726843618,long_only
0.0723362877551997,0.10310710686006724,long_only
0.0819862145977819,0.10926360740217743,long_only
0.08214815813379533,0.13735525576026272,long_only
0.07388812252847307,0.09424803759986228,long_only
0.0910709858555177,0.15350997362572166,long_only
0.10206670412376498,0.16049926220646954,long_only
0.09496618765369536,0.1526302730109298,long_only
0.08606535616105689,0.12237934734134584,long_only
0.07515066645568604,0.09030705939991161,long_only
0.09772992996229751,0.18879138161142694,long_only
0.0694782546122089,0.09172445965719184,long_only
0.09088679348562446,0.13634054309775595,long_only
0.08764274270284506,0.15209839972795147,long_only
0.09689118173285195,0.14587071981775646,long_only
0.08957465347816407,0.15416711844508169,long_only
0.08051346391978396,0.11340620573786447,long_only
0.07686765966619324,0.10375319260730274,long_only
0.07472998474984566,0.10182712589769537,long_only
0.07840577649253806,0.10911430049357848,long_only
0.09158725239574406,0.14828193004005194,long_only
0.07948214511085631,0.1337969305155938,long_only
0.09730691520573166,0.14976898117115467,long_only
0.08579667854725213,0.1217400131336743,long_only
0.09782028693238229,0.14793344415580945,long_only
0.07522953293951466,0.10068048679904996,long_only
0.08253972112949416,0.12527371046299576,long_only
0.0810246418657268,0.11502932336645093,long_only
0.07410158903275245,0.09260752632566108,long_only
0.0893457291607966,0.14231867974275497,long_only
0.08343871177381681,0.15416433987118094,long_only
0.0914640301068977,0.12816350586536224,long_only
0.0890566328771189,0.15593642541617994,long_only
0.10379000758218158,0.16681240836960357,long_only
0.08483938806543635,0.1150879855096015,long_only
0.08018379133381592,0.10506267859553967,long_only
0.07961984634959819,0.13092420102630384,long_only
0.09246665095340277,0.19153571264201688,long_only
0.07800772873231163,0.11915052577855564,long_only
0.08822078394868907,0.17400765004574828,long_only
0.08823320164790784,0.13231385675963922,long_only
0.08364867401544539,0.12364147821977022,long_only
0.08106461800213148,0.14615877021518456,long_only
0.07610413361189033,0.09661252611141277,long_only
0.0906170310904731,0.13691516996276476,long_only
0.08547574673244182,0.13456165506945192,long_only
0.08019401686815454,0.10301026791419468,long_only
0.07105560513472936,0.07310246569653844,long_only
0.08448163010388704,0.13788537160550457,long_only
0.08971294076507169,0.1298995934945305,long_only
0.08848757683900722,0.1650902274493759,long_only
0.07763520095399111,0.1156994102455125,long_only
0.08088948217483911,0.1325773390405131,long_only
0.0751337059608515,0.09246279988301934,long_only
0.07016138649328624,0.08475116260640064,long_only
0.08838399150238635,0.15034369461469907,long_only
0.08141993352724364,0.14493066207691538,long_only
0.09151284661226618,0.13265961290292397,long_only
0.08602265108629262,0.14258132449827488,long_only
0.07574683592037192,0.1223527958965814,long_only
0.07577028211253023,0.09641900601502404,long_only
0.07368290968747171,0.10947150037639361,long_only
0.082832117284494,0.13799534996473323,long_only
0.09230466848406124,0.17134572076132223,long_only
0.08954328127562786,0.14476120229765968,long_only
0.08574969390077708,0.11023899872059947,long_only
0.06776911453051314,0.08717841348527766,long_only
0.07171142382027207,0.11192649005470126,long_only
0.09361072998844128,0.1429468596053768,long_only
0.08277044909891304,0.13271543884259998,long_only
0.08387961950444534,0.1240615919139038,long_only
0.07693852214746953,0.1108562164050104,long_only
0.07640887187904268,0.10695852676682828,long_only
0.08930855592194374,0.12883682696513293,long_only
0.07482505114314728,0.10304654603515595,long_only
0.07071479450500043,0.08150462804811069,long_only
0.0772797040274427,0.12840912804069482,long_only
0.091969059051643,0.12779174549824254,long_only
0.08511341388548306,0.14286380607818502,long_only
0.08034448443807057,0.10353954009968358,long_only
0.07241699991549254,0.09194047909477363,long_only
0.08226282811744379,0.12153864274764453,long_only
0.09348450607294806,0.18766700310416487,long_only
0.0934675982495359,0.17182760479453835,long_only
0.08243214037284723,0.12868666203132118,long_only
0.07864158203594776,0.11672740265050237,long_only
0.08750516164357469,0.14195242921070828,long_only
0.0767727565674378,0.11020086559527051,long_only
0.09172724002501034,0.157828298140666,long_only
0.07151227425454984,0.09943233235909466,long_only
0.07975360912093742,0.10276099375857542,long_only
0.08593867665489645,0.11291325119758014,long_only
0.07178048586425023,0.09940871613964838,long_only
0.07159166459647476,0.09548413470389042,long_only
0.07956000052969929,0.10645896996204784,long_only
0.0806502198547759,0.11986958541636587,long_only
0.08401367335060456,0.13139294835000817,long_only
0.06924661032690711,0.08238074298552951,long_only
0.07577904993450137,0.08757435391425515,long_only
0.07801253107114606,0.10097594124928821,long_only
0.06410616329448661,0.07044441028196065,long_only
0.09184597338976103,0.16852456996722054,long_only
0.07776055534961014,0.0938163681545368,long_only
0.09409253548844597,0.14217289680461578,long_only
0.07702991638254102,0.09871628520118676,long_only
0.08160800189943096,0.1251749929503216,long_only
0.07983034080317936,0.12326164454162568,long_only
0.09422989894738482,0.1719916942287481,long_only
0.07391363886323436,0.08082490291765283,long_only
0.09126251258882749,0.1363157813896888,long_only
0.08430008489567628,0.14452348293608458,long_only
0.0896898807571217,0.16777277385099662,long_only
0.06907068974525257,0.09799359908945919,long_only
0.08421885902699827,0.15685925703716536,long_only
0.09384826217170313,0.14836130762432415,long_only
0.08019837301777603,0.11708531818807835,long_only
0.09244315179474775,0.132777999098152,long_only
0.08408468942537828,0.13760254756764065,long_only
0.07252780376765082,0.09368999506709581,long_only
0.06889977983848876,0.0932817580691651,long_only
0.08815504327444802,0.12959947129964927,long_only
0.0776616123375386,0.11857106649796702,long_only
0.08154922163948221,0.14301891694947558,long_only
0.07084067293682485,0.09563658539218674,long_only
0.070556667841286,0.0974757496703702,long_only
0.07659107139716356,0.11989260882027639,long_only
0.08625236416825091,0.17003391807623103,long_only
0.07318488132052516,0.08829067067615215,long_only
0.096244903829397,0.16956856646182858,long_only
0.08180044493762179,0.1407274008504605,long_only
0.0964112535626705,0.15066418781088084,long_only
0.08089454574382642,0.12371379113546062,long_only
0.08904188886343463,0.1481548998923304,long_only
0.0962473176595475,0.2157232489426432,long_only
0.08795381754825918,0.12769826215419022,long_only
0.0941837514185836,0.17601609362911036,long_only
0.07224301298724102,0.08493381736973889,long_only
0.07664081421949913,0.10058503966274474,long_only
0.07028922089797372,0.09516072850780562,long_only
0.09057187160482649,0.14035661249686818,long_only
0.08290562362233846,0.1334628212399831,long_only
0.08295581150682454,0.10962418744369416,long_only
0.08718337629910221,0.11605578136243816,long_only
0.07624363875187783,0.09736074206285765,long_only
0.08936313761540635,0.13283421251520072,long_only
0.0718479702849503,0.10473353984244137,long_only
0.07891132103904809,0.10901027590730819,long_only
0.09045907232018428,0.13441602195417324,long_only
0.07225826306326165,0.1152205334626099,long_only
0.08505623103416479,0.14487414321541728,long_only
0.08898414663563814,0.12311911314171403,long_only
0.09913028879487577,0.1509649105762523,long_only
0.059462064411844935,0.06692234356193631,long_only
0.07577509929429647,0.09922455163379468,long_only
0.09299762752804204,0.16900174263049786,long_only
0.09510971144239241,0.16235297423204195,long_only
0.07886385146803974,0.10235973923616125,long_only
0.08618683671873777,0.12702512365470342,long_only
0.08337357267215426,0.1198186057116936,long_only
0.05440061198234176,0.05122015140768977,long_only
0.09333952249919913,0.1967051994722259,long_only
0.08079286112813773,0.1321529094807403,long_only
0.0877506456321221,0.15830902404060213,long_only
0.06523477624718153,0.07700321513641299,long_only
0.06349678974176691,0.07721554483503235,long_only
0.08288047412085436,0.1385069511620601,long_only
0.08388648814600154,0.15204708212185838,long_only
0.0897818109877145,0.12584419437230907,long_only
0.07204112333415068,0.0951547044179692,long_only
0.07901621356889693,0.12429577886641553,long_only
0.09235236848463776,0.14701635195982116,long_only
0.06136834637850269,0.06735998167724165,long_only
0.07816991540480021,0.1171864573373415,long_only
0.08261730649007196,0.11211217265565937,long_only
0.08377900535065143,0.11890258409383939,long_only
0.07643492476453431,0.12119234441237939,long_only
0.07970808503162613,0.12189973816200975,long_only
0.09727606606361981,0.152256572905764,long_only
0.07909418260848694,0.10121937363376744,long_only
0.09894711525991401,0.16050991581777938,long_only
0.08607597854028601,0.15403064782543294,long_only
0.07576666046516828,0.13273348946768437,long_only
0.07978291449072263,0.125002223639838,long_only
0.08347789641254075,0.14816305836894575,long_only
0.07817640342978095,0.113797985999234,long_only
0.10330568187462955,0.174200385660615,long_only
0.0855948247105756,0.14676554251722143,long_only
0.06392310509782174,0.07039580977295214,long_only
0.09718990977725435,0.17062835316329214,long_only
0.0929914782661064,0.13305879569588083,long_only
0.09204490103453673,0.14564260814127167,long_only
0.08748379661753412,0.1498693678542438,long_only
0.08070518902152872,0.13883912226420966,long_only
0.05156512303631612,0.05295477122880641,long_only
0.07589666144569432,0.1107471423011338,long_only
0.08692638761549502,0.1604408126988093,long_only
0.08688378262546759,0.11829789486348707,long_only
0.05708395831269765,0.05207187814707203,long_only
0.08627739808616738,0.128231658932774,long_only
0.08059710308980847,0.12937809238494663,long_only
0.07090369435909405,0.08476598864842948,long_only
0.09584016055555218,0.15139172917669455,long_only
0.09480174301028683,0.18727704136838333,long_only
0.08825333542182319,0.1504523323657441,long_only
0.0843747053758229,0.14771203449146356,long_only
0.08776006678400396,0.14597340951733512,long_only
0.08059759226897396,0.14349024328293739,long_only
0.07868897980007142,0.1342596661770242,long_only
0.07690799995562106,0.1268832626160359,long_only
0.07910715565347053,0.10977960542551032,long_only
0.07765371031253616,0.1185698873258201,long_only
0.06864074452764687,0.08442264207065192,long_only
0.08275637792632497,0.14116432005739327,long_only
0.09927369380872533,0.14696210547196953,long_only
0.07779735070338835,0.08929969937179544,long_only
0.06716671254269667,0.08384318618048046,long_only
0.06638045020923478,0.07353378312626103,long_only
0.08581596264490914,0.16449980112303822,long_only
0.06946636489539725,0.08718986485177103,long_only
0.08122016000586073,0.12630285596570628,long_only
0.09255521324697022,0.1401615290831146,long_only
0.08105528322988541,0.12593081783537882,long_only
0.09866706097065711,0.15441326603223088,long_only
0.08213284140377725,0.1271111980212263,long_only
0.08093185920046968,0.12282843347884286,long_only
0.08628701187322592,0.1266795174522234,long_only
0.08114090102497838,0.10180488688003989,long_only
0.09054919413978547,0.1356759312835388,long_only
0.09015229260317675,0.1474680861372305,long_only
0.08862274902837922,0.16519233836008274,long_only
0.09992722242124538,0.15999372019007846,long_only
0.08917463664403254,0.16790856907119758,long_only
0.07848750033882593,0.13657298795395206,long_only
0.0949581878671671,0.16475698150136098,long_only
0.0671548688293151,0.07997436783943855,long_only
0.09724070451000882,0.1558031045651083,long_only
0.07428319576193793,0.11027846671234191,long_only
0.07826177475353219,0.1285458971412812,long_only
0.06760639051601952,0.07135307171495009,long_only
0.08053735869735512,0.1410566137102777,long_only
0.0820910025853233,0.1166776781437373,long_only
0.08997308282202264,0.13928175339323495,long_only
0.08049814021293948,0.13133258128907935,long_only
0.075141331450188,0.10776166239866786,long_only
0.08639468472748509,0.16525749495118353,long_only
0.08936879450574595,0.13908444743322523,long_only
0.07946735535453105,0.13647386212581267,long_only
0.08723905095146628,0.1359086701688652,long_only
0.0914478681876091,0.13742369946887914,long_only
0.08501100316615375,0.15494371684492877,long_only
0.09095742260441803,0.14077667067236893,long_only
0.0757919692706758,0.1163384781190342,long_only
0.08715547370002116,0.16064323789586227,long_only
0.07393345173394818,0.11397537231844705,long_only
0.09438603607627713,0.19279944129539178,long_only
0.08867031306456513,0.16290652156471738,long_only
0.08056763234144215,0.12178653779024551,long_only
0.07920102910468578,0.1253796204132826,long_only
0.07126333498746239,0.1019829763744967,long_only
0.08218967449455171,0.14529981835389003,long_only
0.0748522755026498,0.0811598942647059,long_only
0.08710319361443673,0.16029734235065096,long_only
0.09109882954402548,0.15998009180967,long_only
0.07960413618784035,0.11754574512672265,long_only
0.09273070250972436,0.13875577228632097,long_only
0.07924859127733257,0.12453118750234625,long_only
0.09093735042748863,0.15946958869562508,long_only
0.07752272698932569,0.11551690123542642,long_only
0.07767123444846195,0.10508679228342667,long_only
0.0794010522278053,0.12260000655980254,long_only
0.06938457752516984,0.0926004964512168,long_only
0.08578916901212989,0.14426199580212634,long_only
0.09888995866931907,0.16067034267544764,long_only
0.09405749463852327,0.17670615070531853,long_only
0.08878629216465492,0.12168774902669972,long_only
0.08902518050954888,0.16974119761529963,long_only
0.09398424673825463,0.14271393056681528,long_only
0.07524774254233102,0.0903137109824075,long_only
0.09248191951945653,0.18820960961542646,long_only
0.08899061548779041,0.14666333226607509,long_only
0.0929336618563128,0.15714499627954845,long_only
0.07912416723063921,0.13033890275495894,long_only
0.09290936462667736,0.14803453377127893,long_only
0.08965562706349652,0.1608600989621059,long_only
0.08088137570294732,0.14358644952031943,long_only
0.09389301371354497,0.1504395774996657,long_only
0.0842376978251375,0.13003169157678138,long_only
0.08323471943516372,0.14196406230276662,long_only
0.08512950578380732,0.11573573910751632,long_only
0.09216314576481775,0.1705229736549761,long_only
0.10054230998975153,0.1508251834355188,long_only
0.09235695403224288,0.1514551429853387,long_only
0.09581855219900504,0.19156167531152063,long_only
0.08633221330754731,0.1595426619535723,long_only
0.06572446016148056,0.0780800762975624,long_only
0.08193873665851079,0.12283804296824742,long_only
0.08057831008311032,0.11976185971648375,long_only
0.06788008845816841,0.09061619799892785,long_only
0.07398669579718575,0.09960032088620155,long_only
0.08507336689831183,0.1614957994054083,long_only
0.09396373962422147,0.18048415553974662,long_only
0.07877842657666136,0.12405205794025104,long_only
0.08456532337526124,0.11821209106457052,long_only
0.07000843944796657,0.09682671125232,long_only
0.08020547688257104,0.12434158645668848,long_only
0.07516906710017163,0.10736480285537121,long_only
0.08884788371948545,0.1390159667375263,long_only
0.09793869710560048,0.15342677438373972,long_only
0.08029120019452778,0.13842055449582905,long_only
0.08529893284347173,0.14339331970176858,long_only
0.09287723517047568,0.16568263379317494,long_only
0.08968797849038335,0.12064001923569759,long_only
0.0959787860967981,0.14620392033379354,long_only
0.09769118813069531,0.1657595466790515,long_only
0.06250271505744837,0.07003278817190106,long_only
0.0751537154506778,0.1036709482471972,long_only
0.09236607988767095,0.19536977548019097,long_only
0.08285008624844739,0.14200149460061814,long_only
0.07585182835001061,0.10558556372930941,long_only
0.07531039764160927,0.08586873767784296,long_only
0.09222974436788155,0.15935197804579,long_only
0.07427621765237669,0.09015693533670006,long_only
0.06924722298553819,0.06856789670558831,long_only
0.07626453294895097,0.08648603358121504,long_only
0.08707057176425488,0.1388892181926567,long_only
0.09534602510055633,0.15415510853433173,long_only
0.08269533182453515,0.1386588770346274,long_only
0.07437978801084807,0.10552494273475117,long_only
0.07901315860132678,0.12836402592251572,long_only
0.06838399496870741,0.08613844512434657,long_only
0.0880873667963966,0.1586150755589661,long_only
0.08885600472591745,0.167674491600126,long_only
0.09383724298104067,0.1468343425939961,long_only
0.09059030526501853,0.15161937790663318,long_only
0.05580519011332292,0.05115290423220786,long_only
0.09320581399884953,0.18640921679071712,long_only
0.07548116908179543,0.11817104736345861,long_only
0.07056912762358679,0.09521424638088771,long_only
0.07488945999415667,0.10156729435104994,long_only
0.08786430523884997,0.16468050832738185,long_only
0.09704631933747596,0.17143811720535557,long_only
0.08659112416080228,0.13486335527191867,long_only
0.07578318479801996,0.10656044773471537,long_only
0.0711546428214302,0.09936285967671246,long_only
0.08593257053660407,0.16452518832222887,long_only
0.09205458054764798,0.1516597190729885,long_only
0.10377553529669613,0.1638711087951879,long_only
0.09454826875733985,0.15472743395049463,long_only
0.08818291388961208,0.17310017870400668,long_only
0.08335818724968073,0.13293732433168765,long_only
0.06859041493737737,0.0850936450621895,long_only
0.09664086474045884,0.14397386184094246,long_only
0.09779535856326707,0.16382291277184924,long_only
0.09103045005403465,0.1813270044693752,long_only
0.0882321669960272,0.14283597962029784,long_only
0.08097565188537918,0.10507471925329702,long_only
0.08208618522225371,0.13546378112071958,long_only
0.09002300928029919,0.1514300232321956,long_only
0.08423589355681113,0.11937736906244678,long_only
0.09317148751889195,0.1451817288117467,long_only
0.09039947267655242,0.14181738054911405,long_only
0.09080812713746368,0.12810596718189265,long_only
0.09542448885859744,0.16665991943415512,long_only
0.10045126155887611,0.18593532192414114,long_only
0.08452448433827067,0.12555165087607212,long_only
0.08065192899650253,0.12490981496363672,long_only
0.08813243217071515,0.154711723105323,long_only
0.081894861898802,0.11337706321558887,long_only
0.09578225903316988,0.17417425395188577,long_only
0.06448032927256157,0.07773117787489009,long_only
0.08943800170725909,0.16159782588630003,long_only
0.0850821996180867,0.12927855361133422,long_only
0.08395304643582203,0.1205330736059089,long_only
0.08391933288566293,0.1383198152616749,long_only
0.09660320358316954,0.14131039838503964,long_only
0.0632564314469151,0.06673191209503537,long_only
0.0825631481153337,0.11541099782580809,long_only
0.08111844583880386,0.12122914820897787,long_only
0.08416431863691001,0.1163771075538593,long_only
0.0780332673409947,0.10788137073056726,long_only
0.06575296144731443,0.1049525189595885,long_only
0.08518693386514316,0.12207749396036646,long_only
0.08349246188577111,0.1272692468091441,long_only
0.09487426457489886,0.15655543531722274,long_only
0.0915337115544967,0.1425500747699544,long_only
0.08890258149802008,0.1306434753498933,long_only
0.0722327129661536,0.09586980272438113,long_only
0.09703739108187646,0.146544810268315,long_only
0.07252050552633411,0.0805978375631827,long_only
0.08093875875735379,0.12619948365564038,long_only
0.09957271410620462,0.20898872733482235,long_only
0.10555672523733456,0.17191907003213258,long_only
0.09587176743555066,0.1789683212842385,long_only
0.06312303741654576,0.07119936617965247,long_only
0.08166306041385989,0.14489237426014326,long_only
0.08960587194384295,0.12859174467873707,long_only
0.07988127221256516,0.11975227603236875,long_only
0.0897811916644865,0.13466930612819855,long_only
0.07718146132725097,0.09987362542758854,long_only
0.08054631917135849,0.13273904311199203,long_only
0.07707491533561002,0.12023595332103454,long_only
0.08050250263605153,0.11662193610719228,long_only
0.09012987794196477,0.1426589460289507,long_only
0.0732979910801339,0.11082858119976587,long_only
0.08853577456083207,0.1623953174050862,long_only
0.08575785108432697,0.12008947802656236,long_only
0.08363708089538428,0.11287611366756442,long_only
0.09558745288210027,0.17768869915098884,long_only
0.06784734724399498,0.09427332435109152,long_only
0.07401238282484328,0.10576560461618761,long_only
0.09597123940600696,0.17524704479232334,long_only
0.07543798201612802,0.08593893138616979,long_only
0.08407225462493599,0.14087664735254787,long_only
0.07648773499498805,0.13146377215572183,long_only
0.08137918726224184,0.1302360375290598,long_only
0.08826313978790117,0.15689596149639315,long_only
0.07571551984068749,0.1263606876014611,long_only
0.07579306467792428,0.09625416024051811,long_only
0.08546880169569582,0.13843911419749264,long_only
0.09717933348010874,0.1633519127003949,long_only
0.08321900686612525,0.1358661598077542,long_only
0.08101896460136991,0.13058483208480454,long_only
0.07116596965349065,0.09808872178995579,long_only
0.08167553529914287,0.13291995166271278,long_only
0.07081245981152497,0.08354402364248102,long_only
0.08805465060773582,0.1402283498423675,long_only
0.08118371694910101,0.12358621679909564,long_only
0.061223473961057435,0.061933940954926915,long_only
0.07616814089558736,0.11178768570722822,long_only
0.08955338998718608,0.1323132657765914,long_only
0.07928993943515157,0.11776367478726306,long_only
0.0747841487844297,0.11095832705199021,long_only
0.07274514757303856,0.12652641120383182,long_only
0.09418999242566113,0.13697277489800372,long_only
0.08567067227965691,0.13680580181377927,long_only
0.07711760808277901,0.10189856667056758,long_only
0.08821426317182311,0.1621254092495516,long_only
0.10048969590740568,0.15620895853158404,long_only
0.08550590686504522,0.11889276661858225,long_only
0.10256016281420537,0.16993034017139272,long_only
0.07814492644865333,0.11442631839663146,long_only
0.08913563834930464,0.12600576033587346,long_only
0.0697402811131165,0.08766359564209238,long_only
0.06375279075812883,0.06071318418177533,long_only
0.09059216509592675,0.18592718233509528,long_only
0.07966451952056411,0.13415984969937186,long_only
0.09068152282395187,0.14085365691586849,long_only
0.08659898768768906,0.11753304157459382,long_only
0.06099198098796923,0.06695525482392144,long_only
0.07794001673984458,0.12537082547310227,long_only
0.08734854083178695,0.12636259870894445,long_only
0.0838670464562734,0.1264223324352893,long_only
0.09110521937226604,0.17043340852982805,long_only
0.08619124463856805,0.1519574673297683,long_only
0.06901498035172678,0.07667681465728386,long_only
0.0727625230005092,0.09089130458142039,long_only
0.07563352266099581,0.12613131946231596,long_only
0.0671986685949681,0.0735139781934443,long_only
0.06777075635369664,0.07442014902220356,long_only
0.09583897467573943,0.15476866239129278,long_only
0.08728102369524605,0.1610554683792548,long_only
0.0866285036279511,0.15156822829840338,long_only
0.07552328114719041,0.11100987969598756,long_only
0.08637411579217359,0.1766803658279016,long_only
0.07573010708654075,0.09635520979757435,long_only
0.07015297661821061,0.09897594641042771,long_only
0.0954182147475193,0.1483354856394794,long_only
0.07345384103576838,0.11173332086468864,long_only
0.08264838285170951,0.10874046111595305,long_only
0.08650375547223386,0.12938022177104094,long_only
0.07926520719816835,0.11959508514423721,long_only
0.07482472979926502,0.10863526779243592,long_only
0.07569387587915799,0.12871496920034572,long_only
0.08220295439643922,0.12309401602196411,long_only
0.08353533965649544,0.12081804562201763,long_only
0.07238781278226168,0.08051722706915501,long_only
0.08054993650323938,0.11498057467778401,long_only
0.07626294508849192,0.11864219998343103,long_only
0.08405005881700817,0.15231017823265197,long_only
0.08427193505927055,0.10937433499664524,long_only
0.08041807986514192,0.11404038689395861,long_only
0.08722740551339102,0.1520597797183905,long_only
0.08078763916411645,0.1162153353837955,long_only
0.09203818485948659,0.16273503487548208,long_only
0.05965455817625524,0.06538114369340683,long_only
0.07803192336932858,0.1329390000552929,long_only
0.08215858812902621,0.12453646890555269,long_only
0.08317168731223276,0.1411115978036807,long_only
0.09302622731547933,0.16208774439284565,long_only
0.0810731939592719,0.1397757798016996,long_only
0.08435492617932422,0.15251922519452876,long_only
0.0831193509634093,0.10317260119025692,long_only
0.08235086497135906,0.13885704161438284,long_only
0.09340376389684218,0.17660623155754485,long_only
0.07061721654251235,0.08859988732621546,long_only
0.08358422288674511,0.14374885321370473,long_only
0.09708362751458044,0.15780343618359213,long_only
0.09647110756450789,0.20561413213056992,long_only
0.07575451874005662,0.13506970375485566,long_only
0.07672441008534733,0.09218765194584169,long_only
0.07673528317577627,0.13467271017873905,long_only
0.0812088614975765,0.1354977341898177,long_only
0.07876162664887706,0.10383530052032597,long_only
0.09066000006574369,0.13461426224678316,long_only
0.10028597594680222,0.15515490625836129,long_only
0.08525515096902339,0.1241254290331095,long_only
0.06801507267887107,0.08259688784093068,long_only
0.07495368564020427,0.12082636472970668,long_only
0.08774561815249396,0.1523012318960945,long_only
0.06650136686006167,0.08228421329378638,long_only
0.09147290994746184,0.17643187987973624,long_only
0.08565895420317624,0.12141102971840517,long_only
0.07288566338364316,0.1065788047315963,long_only
0.09595480636615386,0.157964589598975,long_only
0.08637042234737344,0.11663883301631654,long_only
0.07381875255959483,0.09188223367685631,long_only
0.08872939336169494,0.12094974455157732,long_only
0.07922859282885138,0.11499333023334428,long_only
0.08660517911917281,0.12204527369297291,long_only
0.06470386690430842,0.060899256097616566,long_only
0.08290423430959709,0.1529178570329453,long_only
0.08532086490689936,0.14830670897898127,long_only
0.08824567309800076,0.1290615652506351,long_only
0.07760823968675704,0.09635437074042943,long_only
0.08620258794353716,0.12307311581591147,long_only
0.08070792176715245,0.11485466348167851,long_only
0.07505770016699588,0.097811445506998,long_only
0.08101655782490184,0.11959969341119037,long_only
0.07307785524878359,0.10074927548115035,long_only
0.09522851998444914,0.19767103549207013,long_only
0.08381442521882955,0.11318004122942492,long_only
0.08125551190946821,0.13217808469586662,long_only
0.09706774265074385,0.17522144820350896,long_only
0.07754635475352095,0.09365603682902297,long_only
0.07829043404784414,0.10698590131251662,long_only
0.0740021123659809,0.08891341286174098,long_only
0.08920237659728794,0.1371824686491063,long_only
0.06062279234912197,0.06379467846934271,long_only
0.07654970262361357,0.11688215456279608,long_only
0.08173383791594326,0.13284002448655308,long_only
0.07459213393963163,0.11790368498445464,long_only
0.09662012541830327,0.14020749046446662,long_only
0.07128141446369861,0.11334511286169796,long_only
0.07665433774716222,0.128457579650028,long_only
0.07680698731868009,0.11613941047386285,long_only
0.0850413711959029,0.11407914892473135,long_only
0.08762090880450313,0.1299337082063764,long_only
0.08778591077734021,0.116586861238403,long_only
0.0867199540474792,0.12496950373340157,long_only
0.06778241849839252,0.08085330199228703,long_only
0.0947564521103175,0.15658095081657653,long_only
0.09898241054622496,0.1565740567925899,long_only
0.08072507722084887,0.1371443815586075,long_only
0.0876619928338312,0.13667705668864663,long_only
0.0862820945538123,0.13481671233253104,long_only
0.0849864583577657,0.14099557773566074,long_only
0.06761337864185957,0.10605146781722245,long_only
0.08995342669722738,0.13322972329554783,long_only
0.08571104235025777,0.1497999318341384,long_only
0.09553957374129896,0.18574740617213537,long_only
0.09249382702799414,0.17620989801151066,long_only
0.0974154963952712,0.14640986132900635,long_only
0.0804889154692,0.13729692338954583,long_only
0.08553296841579604,0.15609240868418356,long_only
0.07483756464811776,0.10730515983534848,long_only
0.08343697929328607,0.140753360552256,long_only
0.08541273576425416,0.14325250864198394,long_only
0.07915593490559326,0.10040765454677039,long_only
0.0832348438884341,0.1159924223350763,long_only
0.08786836132222292,0.11576618438817139,long_only
0.08346437170493969,0.11501188080405443,long_only
0.07714585304162007,0.11404262126319847,long_only
0.08828401485738217,0.12404827115065657,long_only
0.0909320136030156,0.142335105966679,long_only
0.09427897324469901,0.16602645245601055,long_only
0.09651850206377846,0.2069751343700685,long_only
0.08740807603895649,0.1613976302455234,long_only
0.08025237358185044,0.10127945968383989,long_only
0.08926692532515354,0.15624773087946547,long_only
0.07542240426858128,0.1079492548695377,long_only
0.0843969880083419,0.12321840414104428,long_only
0.0850355195376953,0.15089656254605813,long_only
0.08874573171330612,0.13057745108536542,long_only
0.08734899684272865,0.1653937841394093,long_only
0.07470752563964736,0.11658772871904499,long_only
0.08988592148290722,0.13929444068130928,long_only
0.08828773634315451,0.1651656483497678,long_only
0.08686858833227576,0.15392412214191933,long_only
0.08455811506537056,0.12536220047901386,long_only
0.08303755212043337,0.11936765989478484,long_only
0.07796713229828804,0.11305386632159882,long_only
0.08610258556448687,0.14904174636830161,long_only
0.08092833118259571,0.11893042325881241,long_only
0.08302150288433609,0.12615328695698935,long_only
0.08148601990207711,0.14027842128339696,long_only
0.08073404594595658,0.13637932528311564,long_only
0.09184279610247796,0.16741902785538934,long_only
0.07309912184174668,0.09790013281113522,long_only
0.08486057719980764,0.13375589778736055,long_only
0.0874935918697532,0.12735197973737564,long_only
0.09386615809865506,0.1478550802855952,long_only
0.07938590550134064,0.14364752261827926,long_only
0.06790549927632243,0.06789446238858078,long_only
0.06223216000272527,0.06880606595930654,long_only
0.09037822987319206,0.143517883038986,long_only
0.08318511199872822,0.1447455242598712,long_only
0.08488378390490738,0.15679962652596052,long_only
0.07560068743056615,0.09739578264669821,long_only
0.07645052371989121,0.11686512874603061,long_only
0.0835861426492677,0.11801653998085909,long_only
0.08872701228615289,0.1391672391439209,long_only
0.08550711148895213,0.1245459895168439,long_only
0.07907975225058361,0.11749950407830205,long_only
0.09617317031196533,0.1486078092848944,long_only
0.0915274292206169,0.13601137234870755,long_only
0.07787397610860324,0.12566993759828218,long_only
0.08888859918774596,0.1503884818864703,long_only
0.08098959669857794,0.12533304906850595,long_only
0.06872626910004855,0.09367656351365232,long_only
0.08176400609362795,0.10984056530294305,long_only
0.07763085116847238,0.13118905216155952,long_only
0.09549290133976344,0.14137357299901784,long_only
0.07602525629653911,0.0950831866271884,long_only
0.07227072547315663,0.07969583241145382,long_only
0.08811455147469642,0.14498526283145777,long_only
0.0856076676752232,0.1618863317760781,long_only
0.09514043435771431,0.15448664790685285,long_only
0.07015722445245585,0.07098218963527732,long_only
0.07424979156087051,0.10845416677228024,long_only
0.0945367122328915,0.17248554208594785,long_only
0.07579555283136205,0.11226394033712671,long_only
0.08182635852105417,0.11171310668925599,long_only
0.07676631526721461,0.12161257952549587,long_only
0.06776595396833573,0.10943251044150969,long_only
0.09131289865635588,0.13502436371503984,long_only
0.09350888814372159,0.16914012681511556,long_only
0.0905368540746771,0.16610502484158882,long_only
0.08179099958898589,0.13584421973062083,long_only
0.09353328210632114,0.18083241206301143,long_only
0.0822046263478478,0.1136869634959944,long_only
0.08423825208367137,0.13838083155408462,long_only
0.08486009252035485,0.13233558645357046,long_only
0.06999106357965265,0.07178883238444714,long_only
0.0809056841689434,0.10171514253187812,long_only
0.08433459920552809,0.1378444694739104,long_only
0.07752423013102418,0.09952810188133737,long_only
0.08682188006285861,0.15877998526609172,long_only
0.08265694087415784,0.10597617628676533,long_only
0.06845764750825499,0.08827957375261296,long_only
0.09455318860200378,0.16303781431558564,long_only
0.08400644218432944,0.1304874464377728,long_only
0.0831086034460777,0.12021784500749368,long_only
0.08249248423975997,0.12199664776541422,long_only
0.09450270458267909,0.16348767104329737,long_only
0.07862258698938589,0.1282762220133439,long_only
0.09443508667845998,0.1469474103390107,long_only
0.08702270568645745,0.16114887656784635,long_only
0.08006115646911036,0.12237244552750527,long_only
0.0685245328494264,0.0916263280090198,long_only
0.07969341209890965,0.11563972503676835,long_only
0.08247086411540885,0.13212006390809217,long_only
0.07764261892897875,0.12487762566995869,long_only
0.07672958626140035,0.12044670237765931,long_only
0.08073164582411563,0.11267103946440606,long_only
0.09340583683997732,0.18513448478038416,long_only
0.08099042822174585,0.12383807584326152,long_only
0.07163907708914383,0.0767003474055655,long_only
0.09187234052412648,0.17583891220433837,long_only
0.07951619450610332,0.1254594764199913,long_only
0.07802479060511675,0.1219076776855437,long_only
0.08343959190173837,0.1146772241529163,long_only
0.07936842061974186,0.10658329189122794,long_only
0.06548940140635465,0.07385950959057808,long_only
0.08549903926219628,0.13937381895540704,long_only
0.08364772421560615,0.15363901266463934,long_only
0.08929744626510372,0.1405475665440214,long_only
0.09019687575411352,0.13825360747128385,long_only
0.08160353473375073,0.1545227388579982,long_only
0.0853486839358148,0.12824354958478879,long_only
0.09422061119864376,0.14251364015091714,long_only
0.079643936939162,0.12533945255309656,long_only
0.08354124005825739,0.10849033599993818,long_only
0.07828566114484567,0.11946306983878353,long_only
0.07311809622580152,0.0870122109130884,long_only
0.07461874067082144,0.1202693618330775,long_only
0.07203435849375438,0.08670289859464614,long_only
0.08333972197469011,0.13354598903460868,long_only
0.0801637440383653,0.1247230268495693,long_only
0.09710840947082514,0.16073791310002045,long_only
0.0874981515244078,0.14160788495008172,long_only
0.08834383707519249,0.13640302890026557,long_only
0.0892603435268603,0.13706128935579256,long_only
0.08918155708157,0.1468179727635097,long_only
0.07682199160446544,0.10063925189067628,long_only
0.0874781114964114,0.15593288364549554,long_only
0.07928019968321265,0.13098970010088332,long_only
0.07760433868439325,0.1311576908616854,long_only
0.35614846465224365,1.232610333396097,shorts_ok
0.07266377201551234,0.09735598540132562,shorts_ok
0.10154672247093055,0.17062547830839875,shorts_ok
0.076546673224378,0.12164203140122576,shorts_ok
0.04907852296208103,0.291962769572766,shorts_ok
0.16249450578446784,0.3647498697940172,shorts_ok
0.051721922918908335,0.2511034208279771,shorts_ok
0.06140282952458845,0.14816797503146825,shorts_ok
-0.012731712752186077,0.35436228125727903,shorts_ok
0.0679476750855406,0.085964541600558,shorts_ok
0.0856425944440334,0.13408214773974633,shorts_ok
0.02688720527891534,0.18551036851065353,shorts_ok
0.07995081416560122,0.11257734769395922,shorts_ok
-0.7949164463872476,2.6044990608517633,shorts_ok
0.06603428129525653,1.2412757174531097,shorts_ok
0.02181817765732075,0.22633797354248478,shorts_ok
0.09159076788136139,0.1282851045565248,shorts_ok
0.09077783944834841,0.15172702066026533,shorts_ok
0.07869848826629781,0.15879925214931132,shorts_ok
-0.44696284397217034,1.737138353355994,shorts_ok
-29.94448637969901,242.29031129543037,shorts_ok
0.07454609616520186,0.11055641530190104,shorts_ok
0.0863539263711802,0.15030694589690483,shorts_ok
0.08603170557563307,0.11670336840973954,shorts_ok
0.06375875381204767,0.10562293369144875,shorts_ok
0.13137514730417107,0.3109505335522472,shorts_ok
0.0799906713978766,0.10092209460725061,shorts_ok
0.20901150509556055,0.6461398751323665,shorts_ok
0.015300136307089873,0.48466737011577665,shorts_ok
0.09892849892850072,0.1730140177710649,shorts_ok
0.09110976876319231,0.17153029951210474,shorts_ok
0.12050692790953646,0.26986437441765754,shorts_ok
0.09176472014067799,0.1720213871417046,shorts_ok
0.09062588398158518,0.32213589678813964,shorts_ok
0.030615240321790485,0.28470305153336933,shorts_ok
0.022293254308230145,0.30518345057079704,shorts_ok
0.10783963003325375,0.20402675373283594,shorts_ok
-0.026192377360780658,0.28333716848543355,shorts_ok
0.08400125598781621,0.16398519536082853,shorts_ok
0.10364274129833012,0.18960352440164205,shorts_ok
0.0816937745073283,0.1244492595221458,shorts_ok
0.08779034778127072,0.12927280036585803,shorts_ok
-0.09156588355234692,0.9167983728992435,shorts_ok
0.06752823725323581,0.08877115110697785,shorts_ok
0.09673784394647213,0.16004697695596157,shorts_ok
0.07520884840013452,0.1117516389353182,shorts_ok
0.07507276347731004,0.11927670918801364,shorts_ok
0.06138365699473994,0.1478814770676166,shorts_ok
0.15754614426615893,0.36905274808698174,shorts_ok
0.0919579535472433,0.5390426076900426,shorts_ok
0.10664452534225653,0.17768327208612142,shorts_ok
0.08263397003102779,0.41481742968536794,shorts_ok
0.10723264905637427,0.2647090671955927,shorts_ok
0.09892820380882272,0.20024857177519614,shorts_ok
0.08639633082677846,0.1514563567631927,shorts_ok
0.15967438239738688,0.8409136475559372,shorts_ok
0.10782150234280528,0.20741274172039845,shorts_ok
0.1027765805654065,0.2039579994808575,shorts_ok
0.40284920172753313,2.4745837586241977,shorts_ok
0.08656924729439326,0.179093581992581,shorts_ok
0.05488758480997303,0.1145498573133125,shorts_ok
0.05542648057852018,0.20931772368229748,shorts_ok
0.1231344407940965,0.37405641595236044,shorts_ok
0.12186631248816551,0.2554924159269846,shorts_ok
0.07716746542859249,0.08870268609682105,shorts_ok
0.11730230945897194,0.6515244494323029,shorts_ok
0.056430610797016355,0.09330921675672008,shorts_ok
0.07137028150131357,0.12068499957440548,shorts_ok
0.05480929687710359,0.2541982351434142,shorts_ok
-0.0050516335380661834,0.3429860487499936,shorts_ok
0.07441787953598651,0.15726860954177665,shorts_ok
0.26151572409416585,0.9855045516538429,shorts_ok
0.09012722888102363,0.14561727799789906,shorts_ok
0.06491125018345034,0.06642413836395053,shorts_ok
0.0007346676363381788,0.2054459451349838,shorts_ok
0.07598618823257625,0.1284574433460045,shorts_ok
0.08754015458491318,0.30503217032154656,shorts_ok
0.035765527137704804,0.22084898797171135,shorts_ok
0.2538839206688316,1.4797274079559006,shorts_ok
0.06033228172906573,0.284403642627997,shorts_ok
0.47657442910418785,1.875927368296267,shorts_ok
0.18849335237388096,0.630043994133389,shorts_ok
0.08958646089455065,0.22116137253318574,shorts_ok
0.0690109154131592,0.12757495853052936,shorts_ok
0.10127486098178931,0.29058313714539674,shorts_ok
0.00861957097040134,0.3235654343029828,shorts_ok
0.08287089047406143,0.1161847118309929,shorts_ok
0.07697566713010563,0.1267219288622892,shorts_ok
0.14790485905100278,0.3645416179112819,shorts_ok
0.0985910800844774,0.24671219973748404,shorts_ok
0.1436687411379101,0.5185861012062736,shorts_ok
0.09463296922896954,0.14294193688454776,shorts_ok
-0.0742704374271324,0.4671899603762462,shorts_ok
0.05525755105876769,0.2205665226680122,shorts_ok
0.07628650908714202,0.09073709168264175,shorts_ok
0.08193966594231543,0.14718121685470187,shorts_ok
0.12343551657251892,0.24217356442163115,shorts_ok
-0.611562651209237,3.2946179797260036,shorts_ok
0.25966488403863913,1.2429403338411522,shorts_ok
0.1335767232027541,0.28874156496912734,shorts_ok
-0.1509075559648691,0.8852248431948432,shorts_ok
0.04971204222591703,0.2156599192493888,shorts_ok
0.08957706362466604,0.17415033227974272,shorts_ok
0.2680599880498141,0.8668090857932095,shorts_ok
0.09494004145522131,0.16699561285752418,shorts_ok
0.026832459276787467,0.23318922630810326,shorts_ok
0.08627072192250725,4.623264868393961,shorts_ok
0.18643390441902483,1.5939627479192877,shorts_ok
0.6525042472253761,3.0798563574525346,shorts_ok
-0.005500209520702295,0.34983804599882623,shorts_ok
0.07257402617522393,0.10815080264923271,shorts_ok
0.07524481591264341,0.09735855125030476,shorts_ok
0.08625688463049078,0.13964878960277705,shorts_ok
0.07749580372834862,0.12017932041975031,shorts_ok
0.05980193515712609,0.2158888855166983,shorts_ok
0.10366625151887307,0.16491451303485974,shorts_ok
0.0404646350837991,0.10214153941544608,shorts_ok
0.11951615324263463,0.34212635308147,shorts_ok
0.19585471857463857,1.1699171422980004,shorts_ok
0.07375284810995535,0.2570868468159355,shorts_ok
-0.1725963256586835,0.767289500226635,shorts_ok
0.09142492222960319,0.18215328384757296,shorts_ok
0.4501793395724171,1.33942936102255,shorts_ok
0.13897376834624603,0.3745020817786154,shorts_ok
-0.05544942059196399,0.8108716655629719,shorts_ok
-0.05917957542322995,0.5377000779188249,shorts_ok
0.09332697900564486,0.18681248254088836,shorts_ok
0.028964368285175044,0.30309853064849523,shorts_ok
0.08348371894450243,0.1628932550600255,shorts_ok
0.0755293793998126,0.08161781632547035,shorts_ok
0.10324570150302348,0.28683501110587717,shorts_ok
0.06956962724008206,0.11969535409790454,shorts_ok
0.2252827000071637,0.6516576290034577,shorts_ok
0.08573516468514324,0.20286351942556924,shorts_ok
0.06456835336210844,0.2904282753663748,shorts_ok
-0.055051054644700004,0.4809265611558096,shorts_ok
0.07731802129006658,0.2114425947150672,shorts_ok
0.05862026334984994,0.06749075246524318,shorts_ok
0.0737250686064332,0.168378155471248,shorts_ok
0.09524065304590124,0.15941068813452455,shorts_ok
0.11048318662852362,0.1906479831518026,shorts_ok
0.06924733746461129,0.07975019039536826,shorts_ok
0.7016942209082131,2.8216146999216227,shorts_ok
0.09294839507211579,1.6457410244368478,shorts_ok
-0.08946616339699107,1.5602855140629974,shorts_ok
0.10095394805760466,0.2851443738206939,shorts_ok
0.03657639472500539,0.10549243366220323,shorts_ok
0.08074210477720811,0.14625616753521836,shorts_ok
0.8181502667788131,2.6294425943519477,shorts_ok
0.2100974161517811,0.7874460656273857,shorts_ok
0.12700323647819078,0.48464606402248894,shorts_ok
0.03302083575801941,0.12308008863452358,shorts_ok
-0.3498476893659111,1.4216412554298508,shorts_ok
0.07369328944198363,0.2132088567462716,shorts_ok
0.033969958060761314,1.3586705962745178,shorts_ok
0.07912345816289257,0.24734493209009945,shorts_ok
0.05571040040196655,0.10202473139771288,shorts_ok
0.07403577673563422,0.14045504362914962,shorts_ok
0.072829324356529,0.08713243374874254,shorts_ok
0.1707020784314446,0.3835846074220666,shorts_ok
0.07960022825462082,0.09369143747729215,shorts_ok
0.16353432899757003,0.4697033223709968,shorts_ok
0.06748547717151185,0.15666674247320977,shorts_ok
0.012018961036567475,0.17565289625624714,shorts_ok
0.07874838601315007,0.2062554096436259,shorts_ok
0.07136517500057234,0.10682723361718632,shorts_ok
0.036979520417447675,0.12304043039572968,shorts_ok
0.09823304664658224,0.16111640443820935,shorts_ok
0.06953036579958724,0.1070544346729615,shorts_ok
0.11418909210400419,0.23176319976609744,shorts_ok
0.13380808075235762,0.6019193007751058,shorts_ok
0.3026191809506651,1.8493646827763464,shorts_ok
0.14929691945668647,0.33300450940436627,shorts_ok
0.5160165412184681,1.8467511411211759,shorts_ok
-0.6588520209424921,2.5143870344029886,shorts_ok
0.12363086657346598,0.5280184513634442,shorts_ok
0.07885190289334079,0.13613910536947002,shorts_ok
-0.1691976516955105,0.7701863819127894,shorts_ok
0.07702821956432336,0.09501704343621138,shorts_ok
-0.05023118523098318,0.3949376578923663,shorts_ok
0.12805923727731872,3.8901502043026004,shorts_ok
-0.04047898945568639,1.0723360857252082,shorts_ok
0.12167054036785364,0.24236248262425772,shorts_ok
0.09671570595598124,0.257441026933126,shorts_ok
0.0709318670922296,0.29231835134165385,shorts_ok
0.07187715269574646,0.10949777508365761,shorts_ok
0.07315044496264267,0.15426026163826154,shorts_ok
0.07351293825364141,0.1262475642474811,shorts_ok
0.10330361899589363,0.1787126052398852,shorts_ok
0.09112767380622484,0.18538340991845523,shorts_ok
0.06771175243004686,0.40270431690420116,shorts_ok
0.26253297556404326,1.1615422004845413,shorts_ok
0.08783343578316007,0.1824240879984599,shorts_ok
0.08761327442510083,0.2006867433271651,shorts_ok
0.07080107506199523,0.0898529892173783,shorts_ok
0.07842885596265146,0.22726899302912354,shorts_ok
0.0805069429048953,0.13502357115711142,shorts_ok
0.016329650954371538,0.5034726194528542,shorts_ok
0.022633172240013048,0.41605641767943546,shorts_ok
0.12454632372767603,0.502594773003425,shorts_ok
0.09382284232458935,0.2558041749589303,shorts_ok
0.051785490619879325,0.11354687392362342,shorts_ok
0.10082998006235946,0.19711074534312875,shorts_ok
0.09351273124908407,0.20956532125480504,shorts_ok
0.043969621886716714,0.12910277022387293,shorts_ok
-0.8899357297022664,3.9016381522494985,shorts_ok
0.10698514630266956,0.21435047700823615,shorts_ok
0.03077800947457742,0.3280422242495742,shorts_ok
0.11312054328675536,0.3877870678830542,shorts_ok
0.11046892106217356,0.37556639190592384,shorts_ok
0.1156456951812176,0.5666305961094931,shorts_ok
0.10705322069915625,2.9759553183241696,shorts_ok
0.11754910362149411,0.22006738627319725,shorts_ok
0.3317551124994692,1.5967307586836659,shorts_ok
0.2244964539823615,2.126668043309069,shorts_ok
0.12340603374326664,0.243016455399093,shorts_ok
0.058364102358054386,0.18348530493903975,shorts_ok
0.10472485460721324,0.2298984894341667,shorts_ok
0.10592090256103863,0.2080501361884528,shorts_ok
0.16683522130623618,0.4889323841767667,shorts_ok
0.13356039614982346,0.3620129205558737,shorts_ok
0.17029685579759968,0.540087720642642,shorts_ok
0.13373887502451554,0.46343021136143564,shorts_ok
0.07450610035661315,0.11003304945906395,shorts_ok
0.08450568243984177,0.12848265249135501,shorts_ok
0.05626494644638744,0.1230309151648051,shorts_ok
0.0905835410479511,0.15819765765378993,shorts_ok
0.16291135118426017,0.37544304967806746,shorts_ok
0.0832123825748559,0.18106357968737433,shorts_ok
0.10436456988626534,0.19170576631523403,shorts_ok
0.10010475558178952,0.1903607973694037,shorts_ok
0.0683689490443869,0.11284800383072552,shorts_ok
0.0763584689993108,0.09354258123455926,shorts_ok
0.049117897758791315,0.0900703792752746,shorts_ok
-0.046358174047424525,0.9494553449990303,shorts_ok
0.04259716501334241,0.3035617602042647,shorts_ok
0.10497809211159329,0.21660710870333208,shorts_ok
0.08851893772777793,0.8635847564535568,shorts_ok
0.1725067185914726,0.432407551810679,shorts_ok
0.07559694469636224,0.12073937303237595,shorts_ok
0.09662054619830703,0.1482357658759476,shorts_ok
0.043478975258740594,0.28534543104320576,shorts_ok
0.008733267105286715,0.21860527309927152,shorts_ok
0.06229414002462341,0.0699619191401465,shorts_ok
0.07595027337113246,0.5575871578600126,shorts_ok
0.07536699255198391,0.14649640675141218,shorts_ok
0.08993769105774936,0.25006645841448877,shorts_ok
0.10737629929896383,0.20809436444917812,shorts_ok
0.09353699583355189,0.18029334322113783,shorts_ok
0.06260468165651525,0.3940067806224776,shorts_ok
0.04730197631660886,0.1958431967943361,shorts_ok
0.06415818132982226,0.2031051358650889,shorts_ok
0.18889303657302572,0.6412423839018044,shorts_ok
0.09180493934918618,0.210721740487651,shorts_ok
0.03912014618201384,0.1640327124825407,shorts_ok
0.08840133440501269,0.1450618306530337,shorts_ok
0.06984530358804768,0.0978946880466009,shorts_ok
0.05724201544815416,0.18930134298959853,shorts_ok
0.06911247440942882,0.12045220766019683,shorts_ok
0.10227791900988482,0.16071370484446068,shorts_ok
0.08970127114083128,0.17341442798931805,shorts_ok
0.07349119399491333,0.11925625375884927,shorts_ok
0.09014839276428914,0.12138616953666594,shorts_ok
0.1032728509691298,0.25060738018745393,shorts_ok
0.1030899237365002,0.2708006216752691,shorts_ok
0.18627877933477058,0.5899014947573242,shorts_ok
0.020761477336182194,0.40401383361130655,shorts_ok
0.07146916134935788,0.09134033308027767,shorts_ok
1.418164147961327,89.83232893174623,shorts_ok
-0.011106689615151393,0.513713750588312,shorts_ok
0.07308616193845696,0.1510869512367371,shorts_ok
0.11711042052153905,0.3321300477842943,shorts_ok
0.08237967513280818,0.16081806996087125,shorts_ok
0.07806984737085632,0.11671131171682352,shorts_ok
0.11273765759477737,0.22782987649000244,shorts_ok
0.12110120801946905,0.24315871140182055,shorts_ok
0.0787609009867333,0.11348400519904384,shorts_ok
0.21820714153295626,0.6186427012525024,shorts_ok
-0.05684722632230101,0.5104626829855613,shorts_ok
0.07781906494001134,0.1098149830085694,shorts_ok
0.06176017437406024,0.06705713477374994,shorts_ok
-0.13570036922055848,3.092548661953959,shorts_ok
0.03126668337456335,0.22740077597332142,shorts_ok
-0.06738499814400511,0.5610433245303369,shorts_ok
0.12137709211709766,0.34651702303033605,shorts_ok
0.08126604565237772,0.14818600502507281,shorts_ok
0.13006264595666647,0.36876538908704587,shorts_ok
0.09758650700951677,0.14702048430013842,shorts_ok
0.06308131718845995,0.11206057508349132,shorts_ok
0.04502838869443813,0.1188357367254881,shorts_ok
0.06253689217786453,0.15152181739589612,shorts_ok
0.1133874060051466,0.2347518784074482,shorts_ok
0.1603000218454092,1.3104528625435803,shorts_ok
0.09806007162572082,0.21296861779769796,shorts_ok
0.1172138460690457,0.2227343837037083,shorts_ok
0.030764225132784654,0.14812514030795318,shorts_ok
0.047819531087535186,0.13765371294491383,shorts_ok
0.0708654930196145,0.14978613717682773,shorts_ok
0.07533363175032724,0.10746202665413904,shorts_ok
0.09068762979870611,0.20772193527931518,shorts_ok
-0.2184786142324303,1.3137878660172984,shorts_ok
0.05137771689095816,0.2187011853948661,shorts_ok
0.0511051494210127,0.14992476773424057,shorts_ok
0.06305882634393756,0.0641180723202541,shorts_ok
0.0767063344428194,0.1312592326564934,shorts_ok
0.02252218213547005,0.19616433946629033,shorts_ok
0.06727239696220713,0.07611036498347347,shorts_ok
0.24041030166801824,0.758835926137614,shorts_ok
0.07008791301074392,0.1570100636676932,shorts_ok
0.12183918734367914,0.2777013317581172,shorts_ok
0.06846421809885603,0.9485150666427998,shorts_ok
-0.05554972228238383,0.7032624447692021,shorts_ok
0.14242483530382807,0.4028748897885668,shorts_ok
0.2552655470094663,0.6182887952063545,shorts_ok
0.07622594399448611,0.12918136067570357,shorts_ok
0.028456920569979758,0.43969197339072025,shorts_ok
0.08975289524667769,0.17217523575845228,shorts_ok
0.09278162328074863,0.17614709330718908,shorts_ok
0.1110294032022217,0.22205877382509648,shorts_ok
0.013184556314147632,0.21394172165477116,shorts_ok
0.057961021227767535,0.1408858859894016,shorts_ok
0.010727545471899382,0.15542621837365983,shorts_ok
0.07586601989580698,0.18748262922789888,shorts_ok
0.059106198885468496,0.0809266890686598,shorts_ok
0.17171550948311762,0.3673718396527555,shorts_ok
0.13051787496635342,0.33424676708850515,shorts_ok
0.09446874413838376,0.17797226569676583,shorts_ok
0.010365076351901804,0.40712928661319336,shorts_ok
0.09809535004320127,0.15450524333948076,shorts_ok
0.02439638454978325,0.20564100366835367,shorts_ok
-0.08185396020448489,0.4582130447316758,shorts_ok
0.07258333142136884,0.09822060115845094,shorts_ok
0.10636554779442002,0.21948579199256793,shorts_ok
0.12275069093462176,0.4291214595736268,shorts_ok
0.15581235460522344,0.4215393563353551,shorts_ok
0.13927100872873355,0.4642834604962813,shorts_ok
0.0770159494651076,0.11026790026116694,shorts_ok
0.07266482914416984,0.30234267874716664,shorts_ok
0.09388014720888126,0.17729498228383106,shorts_ok
0.0676296776804435,0.7457167634556384,shorts_ok
0.08742306439439589,0.12797162504503445,shorts_ok
-0.02254770684505443,0.256333459062457,shorts_ok
0.07070947516269319,0.08015827456713762,shorts_ok
0.012574413384582874,0.45469490823144515,shorts_ok
0.14852718785980226,0.4902687094990432,shorts_ok
-0.019154949541487692,0.5264873762444939,shorts_ok
0.07690915975145259,0.10273595850030022,shorts_ok
0.1733453966261169,0.8139046618643287,shorts_ok
0.07059727934531956,0.16798396951015426,shorts_ok
0.08610363401664742,0.1600414298077117,shorts_ok
0.10258783667761277,0.16396735799371254,shorts_ok
0.09107795565160613,0.13240583670249556,shorts_ok
0.020426359336992654,0.35115462891096666,shorts_ok
0.06171507611366457,0.12675373490567032,shorts_ok
0.10984931059304055,0.20699180103459422,shorts_ok
0.08575477428549065,0.11516505521459283,shorts_ok
0.09261080872340359,0.15628109667967016,shorts_ok
0.2827054214082283,4.123209973442179,shorts_ok
0.09021984113350451,0.16999690394306521,shorts_ok
0.08396518797682945,0.3593031864740893,shorts_ok
0.11516865496618965,0.21158511148367604,shorts_ok
0.09465522490467031,0.16913117372134157,shorts_ok
0.07059135063005133,0.1520506929960919,shorts_ok
0.08675638812604604,0.1405332768063838,shorts_ok
0.0855627858650469,0.268860127842027,shorts_ok
0.08345272600503001,0.16391198546271393,shorts_ok
0.047900991897459194,0.2863572991383332,shorts_ok
0.0793357698567156,0.10279119080057746,shorts_ok
0.15388143777127794,0.36825640093317785,shorts_ok
0.13035958338978387,0.26606211033655963,shorts_ok
0.04863064360622788,0.1896996982471205,shorts_ok
0.11523453373886063,0.2368527665426808,shorts_ok
0.09287167290192502,0.13450434419750656,shorts_ok
-0.1347393307627566,0.9404885189712471,shorts_ok
0.001733695474751714,0.7886211079437918,shorts_ok
0.09718629480475852,0.36370744257899174,shorts_ok
0.07241170015911758,0.09715496592655053,shorts_ok
8.040506240478631,26.36835671029753,shorts_ok
0.08695986266470603,0.13088711895433786,shorts_ok
0.08680125168778774,0.40279369660188064,shorts_ok
0.08199608000924259,0.11318844204800924,shorts_ok
0.120789053065031,0.28562623940409915,shorts_ok
0.18237038591162932,0.4331278890675411,shorts_ok
-0.051603949779970223,0.39040462048326374,shorts_ok
0.09782266861893492,0.15734977460946542,shorts_ok
0.011079078432425843,0.23046772167840476,shorts_ok
0.13556056392305016,0.4849407327998288,shorts_ok
0.07126506933441978,0.14750518625247758,shorts_ok
0.1336137247259021,0.5524846717250629,shorts_ok
-0.4649521486517424,2.051172630879706,shorts_ok
0.14972191743947685,0.35515793956743524,shorts_ok
0.08538650461793523,0.12271838259728325,shorts_ok
0.0825231686029204,0.13117300788256878,shorts_ok
-0.026887257175309626,0.7360741157715711,shorts_ok
0.1255676940838414,0.2543399330187103,shorts_ok
0.08818855013157113,0.152477483753044,shorts_ok
0.07646643541165146,0.1644958068218967,shorts_ok
0.09733329266187969,0.1651158378918502,shorts_ok
0.06674422464976121,0.10255626921994904,shorts_ok
0.2523965810840023,0.6935110411229101,shorts_ok
0.10016585843143797,0.1743179419938891,shorts_ok
0.10015204538653039,0.5610390291885937,shorts_ok
0.09077379353990728,0.9820974189766537,shorts_ok
0.15941571108642577,0.3499946721562147,shorts_ok
0.08698360477811617,0.1374921436793282,shorts_ok
-0.011951009733521879,0.43972948829581127,shorts_ok
0.04930274978700523,0.14124563814833851,shorts_ok
0.10639437067913848,0.24464562612900825,shorts_ok
0.05471215146584677,0.20364325977267936,shorts_ok
0.0537460184966492,0.4758259832481493,shorts_ok
0.09899228503922272,0.1684698208462891,shorts_ok
-0.0238560685191158,0.45587445180713815,shorts_ok
0.2426268336061524,0.8199698224951324,shorts_ok
0.3152635389224591,1.0806865556878804,shorts_ok
0.10116546277376796,0.19054265985843305,shorts_ok
0.06899518578340626,0.12045861482354225,shorts_ok
-0.0014185891795384753,0.42464230889274057,shorts_ok
0.08240951428174711,0.12044782413163936,shorts_ok
0.102080484457847,0.18076471880368716,shorts_ok
0.08863377457446704,0.16770443153506653,shorts_ok
0.10818168690586287,0.23654543834108105,shorts_ok
0.06613916882091392,0.11694137374799683,shorts_ok
0.15423821928118697,0.4379514363819467,shorts_ok
0.08689606115181285,0.11665371576970705,shorts_ok
-0.13543772669152238,1.1278435776209133,shorts_ok
0.04970411382443405,0.056202019959564364,shorts_ok
0.11806564767120598,0.3071047156700074,shorts_ok
0.08711829060665868,0.17691520818850495,shorts_ok
0.06811506547610462,0.16591347193993747,shorts_ok
0.09771560343390549,0.40928705452628256,shorts_ok
0.04167457043973229,0.07500276244389616,shorts_ok
0.19711525580783526,0.6325117534636789,shorts_ok
0.15303789798868547,10.240081016684314,shorts_ok
-1.9735283401658623,8.016216951678956,shorts_ok
0.11258167009325092,0.2262931677210601,shorts_ok
-0.08755858578647784,2.3197579992731883,shorts_ok
0.08695053895491998,0.14317781985158423,shorts_ok
0.09004385362275732,0.12972843501987605,shorts_ok
0.13462964488674098,0.327139306257167,shorts_ok
0.12113685748595014,0.22065871368016918,shorts_ok
0.0956732745595821,0.1764924854360207,shorts_ok
0.09644833587928765,0.7285670429666741,shorts_ok
0.10588066418544653,0.21382123348406412,shorts_ok
0.06371253221892849,0.08037893054799398,shorts_ok
0.10629741819783499,0.3332716116756405,shorts_ok
0.07793363172341827,0.14233009753944958,shorts_ok
0.06889986216332986,0.1084393788359918,shorts_ok
0.09097199664541783,0.1398526157245995,shorts_ok
0.08741849557937217,0.1208592208153265,shorts_ok
0.11094522261220248,0.21490124101860936,shorts_ok
0.02916127066335655,0.167367895269303,shorts_ok
0.04917237931308649,0.09614424295448455,shorts_ok
0.09498744534775817,0.2014706226978974,shorts_ok
0.0921629717005146,0.3327477900069166,shorts_ok
0.14408325354884333,0.3097240443548079,shorts_ok
0.09509278742523682,0.2523553187859676,shorts_ok
0.10800580926379379,0.31439232134494155,shorts_ok
0.1757375896563146,0.8630291698968859,shorts_ok
0.16834201870440624,0.39968162853708555,shorts_ok
0.08608182540671715,0.4009582389706243,shorts_ok
0.12164647804716064,0.2384316559813282,shorts_ok
0.11653629864122557,0.20850390839755664,shorts_ok
0.06035739279792399,0.12323723632923585,shorts_ok
0.08703717586504504,0.37190388526134976,shorts_ok
0.07273886517467278,0.09094133993950052,shorts_ok
0.15125297394018877,0.6586398813590929,shorts_ok
0.1001451569617816,0.19032899398694722,shorts_ok
0.06532315733734831,0.3627539579510036,shorts_ok
0.1280961425665361,0.25221541425629823,shorts_ok
0.11996996233872474,0.350571782487669,shorts_ok
0.07256179083438888,0.124060434415771,shorts_ok
0.04761243913801434,0.0796289352346565,shorts_ok
0.01080781358750521,0.5605822392273767,shorts_ok
-0.06088362366171714,3.6981441673968463,shorts_ok
0.09118337279174787,0.19358633915210455,shorts_ok
0.0684562662680127,0.10236692598698917,shorts_ok
0.06740720078140697,0.14168130491482897,shorts_ok
0.0988075128240788,0.19836933828323416,shorts_ok
0.05062656315927155,0.1024388242474487,shorts_ok
0.13765118757070788,0.4070054064890065,shorts_ok
-0.002478012601033705,0.41827038330327426,shorts_ok
0.04987656793276825,0.3013465664856377,shorts_ok
0.14405296352792685,0.30574096672600165,shorts_ok
0.11289172700936913,0.20928380279168166,shorts_ok
0.07838107318314631,0.23217051568305724,shorts_ok
0.0803347982099389,0.13433624305765876,shorts_ok
-0.1234686353910474,0.7772331848604594,shorts_ok
0.05623053670339694,0.1577027134391038,shorts_ok
0.7081021815476097,3.5406544597200558,shorts_ok
0.10928209938144216,0.21161914771239052,shorts_ok
-0.03510953676680788,0.4568836910276712,shorts_ok
0.05405321179777153,0.0860082614894433,shorts_ok
0.041927519847630566,0.10790077389080732,shorts_ok
0.07613204618284326,0.2803364539332551,shorts_ok
0.1094925919437853,0.23845703424065004,shorts_ok
0.12674073434935365,0.2835797968667208,shorts_ok
0.09025480694119493,0.12616151016181268,shorts_ok
0.10460243689906093,0.5890659662375645,shorts_ok
0.04366842793704093,0.2772595992749371,shorts_ok
0.0427691549899989,0.2827122454006836,shorts_ok
0.09504268072951756,0.16174757332100526,shorts_ok
0.08681458892812399,0.1203489373896824,shorts_ok
0.29292309220855217,1.0323526347161092,shorts_ok
0.14861528625108295,0.3678375164786291,shorts_ok
0.07441959670567898,0.09692459242344105,shorts_ok
0.08228445492499936,0.16366586165515506,shorts_ok
0.13983114614300513,0.3941052150439296,shorts_ok
0.08906826365714643,0.1414447889545414,shorts_ok
0.05845312926540597,0.10546051946367509,shorts_ok
0.0791767239770619,0.11349356945753589,shorts_ok
0.11819575520828834,0.31348728939905757,shorts_ok
0.07881258958586597,0.11620766656602816,shorts_ok
0.09752117755778181,0.26648809623703124,shorts_ok
0.18942822777301058,0.5127310324475536,shorts_ok
0.1195129104242046,0.30277572684170667,shorts_ok
0.07658076239412381,0.10981698002156216,shorts_ok
0.1690668667804945,0.541542017844448,shorts_ok
0.08412425670063008,0.13888004945300636,shorts_ok
0.07051347513730423,0.19663294098651465,shorts_ok
0.09441857989297757,0.16698992541244864,shorts_ok
0.09453696185468363,0.15945834872310197,shorts_ok
0.07064271197661433,0.34545075752677007,shorts_ok
0.06649647741475163,0.09118237560767248,shorts_ok
0.06415376606510578,0.16658612462117944,shorts_ok
0.06518404824672781,0.15191042904353538,shorts_ok
0.07625290630346086,0.33164716936059047,shorts_ok
0.05174903598961927,0.12204045658008326,shorts_ok
0.11527160277466446,0.29944395170772187,shorts_ok
0.11652627109368499,0.7622582505942421,shorts_ok
0.0998921420093585,0.20443902489668792,shorts_ok
0.17565873504484317,0.5972078742635293,shorts_ok
0.08489524506907647,0.14180851581797022,shorts_ok
0.005521000519944771,0.27782739283982033,shorts_ok
0.026247335161308148,0.38620094001826677,shorts_ok
-0.06079887365334696,0.5551525752900426,shorts_ok
0.21452179020485604,1.0839945734434016,shorts_ok
0.008238772397144599,0.638650303347507,shorts_ok
0.08356114248398858,0.11513611405106745,shorts_ok
0.14555613240763152,0.5204668749941342,shorts_ok
0.06304482388746198,0.0774332576387369,shorts_ok
0.10452708118893772,0.17235367109427266,shorts_ok
-0.2758333112544247,1.9370925122695728,shorts_ok
0.07465262806129767,0.10950617254427841,shorts_ok
0.017304732630729163,0.21181378339942644,shorts_ok
0.0757876877091393,0.10116046981174814,shorts_ok
0.09207517443749537,0.18833566047337616,shorts_ok
0.11571973266460447,0.23635266776731775,shorts_ok
0.0686271303136021,0.09585642863235962,shorts_ok
0.054377656359171474,0.5388738865096769,shorts_ok
-0.11335583234744966,0.6794551199955795,shorts_ok
0.10388100590271386,0.192885922619724,shorts_ok
0.09865424303336107,0.16253446245574157,shorts_ok
0.0947840183136522,0.15747984643359775,shorts_ok
0.1892664086676091,0.5685790393654775,shorts_ok
0.14305816695743873,0.36224984443577335,shorts_ok
0.1938489515533877,0.679548318290252,shorts_ok
0.056382549604348645,0.22769506998523506,shorts_ok
0.13129247919514567,0.35280186935012975,shorts_ok
0.07496016938619703,0.15410084109736566,shorts_ok
0.07942769845881742,0.1872829675495938,shorts_ok
0.062064480580515495,0.09530282841677641,shorts_ok
0.13070049709850626,0.429412049237799,shorts_ok
0.0693185240690635,0.10629107131871665,shorts_ok
0.0714101469759383,0.12944861226022766,shorts_ok
0.1011525132297277,0.20388013175093334,shorts_ok
0.030630893419346786,0.28312864444950586,shorts_ok
0.08174272966078619,0.1511649263703807,shorts_ok
-0.041894723304467425,5.628969777312779,shorts_ok
0.1289563585275242,1.8544922876888983,shorts_ok
0.11826451671320157,0.25494215592947445,shorts_ok
-0.057382123131994076,0.8175283078886383,shorts_ok
0.05309503212789973,1.7176447379006479,shorts_ok
-0.21321650634414102,1.3204506995743353,shorts_ok
0.09748493720739383,0.17366849268387596,shorts_ok
0.07558763961228962,0.14198452353361599,shorts_ok
0.08270761827062917,0.11281662250672299,shorts_ok
0.05665327570466391,0.05117060400223825,shorts_ok
0.07918935862706401,0.10417065355025493,shorts_ok
0.029248616644231215,0.19095504698914093,shorts_ok
0.08897449531849533,0.16971806684878624,shorts_ok
0.038760966039815346,0.15239255863311157,shorts_ok
0.11211237976533686,0.19012705153778836,shorts_ok
0.08303689350732193,0.13767063117504838,shorts_ok
0.10896875327401957,0.2358449801316786,shorts_ok
0.08152118006637887,0.1107968639851663,shorts_ok
0.08029734116396586,0.0978382755281804,shorts_ok
0.2391491789637657,0.7706960594639727,shorts_ok
-0.39328130347121937,1.6391112207650669,shorts_ok
0.05550873802822927,0.2305518489331796,shorts_ok
0.10977009283206071,0.2473626599887659,shorts_ok
0.09953527786614896,0.1722225573394137,shorts_ok
0.1417409305291795,0.43823401009881685,shorts_ok
0.07051422840903411,0.14540841271608823,shorts_ok
0.17261303179729684,0.5180020488850393,shorts_ok
0.08476809736212515,0.2270486176974055,shorts_ok
0.051639990007276544,0.1841655967515933,shorts_ok
0.08062876093404643,0.09570668704222056,shorts_ok
0.09537517524981788,0.17443907360483776,shorts_ok
0.07445192823325715,0.09796838306588362,shorts_ok
0.03816074989018589,0.11246815261892694,shorts_ok
0.16833497186327662,0.6004830943318685,shorts_ok
0.09338618294863885,0.1553633667182754,shorts_ok
0.11017944142899909,0.21757111487386013,shorts_ok
0.055628680341764596,0.18919565743345731,shorts_ok
0.17265783850957597,0.39302050846936865,shorts_ok
0.1413626719668458,0.31342331718387784,shorts_ok
0.09341516077055545,0.27905564827718154,shorts_ok
0.12715882626147657,0.5184669170003533,shorts_ok
0.1498469233728359,0.3917013844662626,shorts_ok
-0.1818898268516444,3.8471562963298416,shorts_ok
0.23241015854210237,0.5810975867812378,shorts_ok
0.09763536620261666,0.3418713308380142,shorts_ok
0.07574616526828441,0.11235910618898627,shorts_ok
0.06858516247877337,0.06572972561528294,shorts_ok
0.09503367914016925,0.19873923984025113,shorts_ok
0.09074471680842347,0.14694830494182654,shorts_ok
0.019217953624363057,0.1283651279276767,shorts_ok
0.11911231042063088,0.2937672078119399,shorts_ok
0.04772597949229666,0.184767062803735,shorts_ok
0.05908089290530873,0.10611722089246815,shorts_ok
0.06797878007365507,0.18311891143527126,shorts_ok
-0.06383996546233202,1.1895691925146485,shorts_ok
-0.037835303698485236,0.7081695625829473,shorts_ok
0.11301895859600557,0.23104454057768278,shorts_ok
-0.05067394528785456,0.5247551935636897,shorts_ok
0.11873248920191123,0.27728047639880915,shorts_ok
0.012938449734140971,0.15866583841231197,shorts_ok
0.07153375599056673,0.16228594919268355,shorts_ok
0.12271106782395323,0.32000755997195535,shorts_ok
0.07554125858272857,0.4035209612761674,shorts_ok
0.0861472502080776,0.14601181928898233,shorts_ok
0.08107428814406002,0.1065986526042794,shorts_ok
0.0857216415859845,0.13275208005441222,shorts_ok
-0.024798007629607068,0.4108921593307256,shorts_ok
0.08433137020371446,0.42737825755142633,shorts_ok
0.03201106350142437,0.10840146336551836,shorts_ok
0.11189804861429725,0.28926218412120663,shorts_ok
0.10599536294289019,0.25515926512001674,shorts_ok
0.099463008583772,0.2659615095805809,shorts_ok
0.09087313918214021,0.17650255420679867,shorts_ok
0.08612788454255518,0.12076041791671818,shorts_ok
0.06057836236385496,0.14600825509428722,shorts_ok
0.10216322882691048,0.21998966634522804,shorts_ok
0.06381628034482736,0.1854694604776887,shorts_ok
0.06969172050529249,0.3137071462942957,shorts_ok
0.08950201012515388,0.12173286929088789,shorts_ok
0.06418877094899876,0.12785078957480986,shorts_ok
0.0839819228018635,0.1891106984723355,shorts_ok
0.06950781550462282,0.1062101481066272,shorts_ok
0.09863226461252164,0.19543619037291185,shorts_ok
-0.11446724928793893,0.6175122756416714,shorts_ok
0.10670853889683195,0.22836114275507352,shorts_ok
0.12605901478448042,0.29558743442973373,shorts_ok
0.141660252918846,0.38109864924904124,shorts_ok
0.03756122580581171,0.24660875507118094,shorts_ok
0.09362370679197335,0.15182754511842209,shorts_ok
0.07831700977164403,0.15317541673027715,shorts_ok
0.09112087944309258,0.16168924615702723,shorts_ok
0.08158157023806384,0.13863395228366435,shorts_ok
0.02219978499208868,0.3074135422176221,shorts_ok
0.110646692544919,0.23788182929377502,shorts_ok
0.08125040113649151,0.21701689234741403,shorts_ok
0.0002966570380524214,0.26333670260714215,shorts_ok
0.08607408266278034,0.1481259528411016,shorts_ok
0.16437103432171393,0.4720177351447008,shorts_ok
0.03258715246006824,0.7686164172702232,shorts_ok
0.06899371884555078,0.13260128727328113,shorts_ok
0.04856242880680244,0.06634074575545802,shorts_ok
0.28375498884019923,1.2528686286398647,shorts_ok
0.07538816727118304,0.12147749677583491,shorts_ok
0.06309886117933623,0.14120179783364378,shorts_ok
0.07072492996932145,0.10935017502236087,shorts_ok
0.07452300967771024,1.3798195632606138,shorts_ok
-0.007223062290966453,0.4011656778138444,shorts_ok
0.0329705485777675,0.29586257817364137,shorts_ok
0.09059750744195036,0.17691934407735704,shorts_ok
0.11602929798862102,0.24173559124280147,shorts_ok
0.04147615628577464,0.18347769992872423,shorts_ok
0.031119479856307947,0.14998626751804622,shorts_ok
0.07410354130246946,0.11618134721891006,shorts_ok
0.010099135101997657,0.8193110711644582,shorts_ok
0.07528021432563063,0.1119192433488778,shorts_ok
0.07289086373175865,0.2493404099632221,shorts_ok
0.07919578519098196,0.11280466935962147,shorts_ok
0.04204651155134373,0.2630271293710176,shorts_ok
0.04820047449738976,0.2143580648353192,shorts_ok
0.06360883138742666,0.09326398996640684,shorts_ok
0.07558317433824858,0.2886886905953773,shorts_ok
0.044356775195838506,0.13343946861220257,shorts_ok
0.08705345427416217,0.13448993835559903,shorts_ok
0.06034700038991186,0.16328813167392445,shorts_ok
0.13647961548758591,0.37229148350995517,shorts_ok
0.06801859221923634,0.11340836647399755,shorts_ok
0.4766289746264717,1.5199857726157882,shorts_ok
0.11232685690570973,0.20926961395318885,shorts_ok
-0.057971412012954485,0.38306248270105325,shorts_ok
-0.033205274925070506,0.3463260711378561,shorts_ok
0.4288918906530621,1.6106538800927412,shorts_ok
0.0696475615300564,0.09724278655484035,shorts_ok
0.12159012526122966,0.2563961442367361,shorts_ok
0.12843498153530708,0.40356134537027455,shorts_ok
-0.05396863807136461,0.732015871718592,shorts_ok
0.06417623146904285,0.0827422306549393,shorts_ok
0.2040454337981456,0.8362184694689605,shorts_ok
0.07726464141089083,0.19813852875281032,shorts_ok
-0.44694695566647064,5.242758785716238,shorts_ok
0.176957823037008,0.49972811176091225,shorts_ok
0.12907578547078208,0.3597441824557798,shorts_ok
0.1717580295884855,0.47525909388514304,shorts_ok
0.05957068101405579,0.07613652470283133,shorts_ok
0.08339145343610439,0.24839168852525337,shorts_ok
0.02823462796278214,0.18771564075864453,shorts_ok
0.059226986242540504,0.0854175819184364,shorts_ok
0.08109666590421213,0.1241338370773842,shorts_ok
0.16350703124337676,0.4642511227140635,shorts_ok
0.07951656336999928,0.15879913518522423,shorts_ok
0.08611540693168912,0.11089845965673926,shorts_ok
0.11120612991773957,0.22697699524727016,shorts_ok
0.11783887155725067,0.20133485973219292,shorts_ok
0.15287779960862968,0.3274535003951063,shorts_ok
0.07494170183961604,0.13256171447885623,shorts_ok
-0.19632842466147718,2.9211649634804515,shorts_ok
0.15274652128405009,0.3888394421204318,shorts_ok
0.035350566571761534,0.1679348658264025,shorts_ok
0.09327801587858155,0.17563250077481013,shorts_ok
0.07498417149557668,0.11007969649960067,shorts_ok
0.023756443356988982,0.2896927800988377,shorts_ok
0.01051949581101993,0.2548522144431896,shorts_ok
0.48011194237878413,1.6894162486638102,shorts_ok
0.07479372432293512,0.11852110219083153,shorts_ok
0.0941715102177148,0.20277308910947636,shorts_ok
0.31442268954447916,0.9921447490493552,shorts_ok
0.10027524426093273,0.16737627780858344,shorts_ok
0.13462270536524118,0.6739942705881531,shorts_ok
0.05476576356730636,0.06377935439388391,shorts_ok
0.08575332665161274,0.14162518460112788,shorts_ok
0.018172210825430912,0.5333328931719725,shorts_ok
-0.7372294947196305,6.444795872170428,shorts_ok
0.022216073915872336,0.1307653830977859,shorts_ok
0.1036385875530764,0.284075723674945,shorts_ok
0.07606089388267163,0.18030557460937086,shorts_ok
0.07323309221553498,0.1481216266881886,shorts_ok
0.08169661839177943,0.2927927963841944,shorts_ok
0.028459282812812313,0.2002283790225781,shorts_ok
0.06881535519483657,0.089017477472427,shorts_ok
0.08796894758712259,0.12831420169111876,shorts_ok
0.10508945588087998,1.397839181787399,shorts_ok
0.06745533308404038,0.11700004228474463,shorts_ok
0.0925609396532257,0.19313158686953208,shorts_ok
0.10204953412170918,0.20429871600359403,shorts_ok
0.07983969012539364,0.1798912486914734,shorts_ok
0.06443200362897326,0.2489319883092678,shorts_ok
0.09662891150506783,0.14824003135830285,shorts_ok
0.14333479919802208,0.3429870889231117,shorts_ok
0.09649597788025933,1.039235278739249,shorts_ok
0.03147162315457513,0.18772255992965511,shorts_ok
0.02937756517991403,0.10317054652538517,shorts_ok
0.02988161646960325,0.6140323281207904,shorts_ok
0.09086748412902979,0.20952765101367885,shorts_ok
0.13893052983722717,0.5589772288960583,shorts_ok
-0.6530637662396762,27.588837099424403,shorts_ok
0.03345509386073034,1.7652773760481344,shorts_ok
0.0720499027508726,0.2270631972267575,shorts_ok
0.026653224065212935,0.39245052201295366,shorts_ok
0.09900757539042619,0.21566358738670838,shorts_ok
0.04553124715029339,0.11832699552143111,shorts_ok
-0.00761502562203128,0.4155161088987254,shorts_ok
0.12408343394398913,0.31540903663067804,shorts_ok
0.1231812101041694,0.9794994792020225,shorts_ok
0.07927336128520457,0.11026619786663813,shorts_ok
-0.2331413916666637,1.443552741571112,shorts_ok
0.12706456192467316,0.424565807899263,shorts_ok
0.05919863597450723,0.09156955337527954,shorts_ok
-0.03875816736469777,0.42903641637585765,shorts_ok
0.036491884214567415,0.3103142007639664,shorts_ok
0.06000829970892361,0.17980984171123754,shorts_ok
0.09126559128258968,0.15627315886318097,shorts_ok
0.06619204332432013,0.21998440095746735,shorts_ok
0.07136629543876483,0.09655107556138408,shorts_ok
0.09845130075542162,0.16737623895257114,shorts_ok
0.06149553522866891,0.4025793383745136,shorts_ok
0.026156171974030026,0.11118690424349964,shorts_ok
0.07276638251978261,0.1870097963487811,shorts_ok
0.07030099635832351,0.48253343987243663,shorts_ok
0.06628931882600105,0.08943637671191226,shorts_ok
0.07640343846687275,0.0953288918088822,shorts_ok
0.10191597538018164,0.3703579243224272,shorts_ok
0.139044958371465,0.5167057594341558,shorts_ok
0.06533069756546722,0.13982664901970715,shorts_ok
0.16537066952292753,0.5047680888567814,shorts_ok
0.11165654985220252,0.23239297794078723,shorts_ok
0.07919158147354641,0.15404245231116212,shorts_ok
0.08574066998002638,0.16207147118776286,shorts_ok
0.08206999727940578,0.32527284231858583,shorts_ok
0.006515894134439822,0.28510631764203126,shorts_ok
0.08951696608844982,0.16349381100248378,shorts_ok
0.07354799631804725,0.09088845669338372,shorts_ok
0.12492853115724317,0.24655989103437487,shorts_ok
0.10610223838929124,0.2612806737544367,shorts_ok
0.08554012892327158,0.1405189702374315,shorts_ok
5.322312566773174,17.702503160779226,shorts_ok
0.08629623518162853,0.12916783367799786,shorts_ok
0.12333302457547783,0.29740349869480404,shorts_ok
0.09638220488917536,0.25136628981275266,shorts_ok
0.07051157587546837,0.08695310002807831,shorts_ok
0.07575331220271543,0.2877301984740797,shorts_ok
0.12423375778285009,0.2569153571743191,shorts_ok
-0.030142398349129945,0.6534009966977993,shorts_ok
0.0874363821088526,0.23322278180969203,shorts_ok
0.08411947584777114,0.11620476223941145,shorts_ok
-0.034456368270260815,2.8009172556253157,shorts_ok
0.09436659897387242,0.18179029503432825,shorts_ok
0.08022863341379674,0.49462661341148395,shorts_ok
0.10548117715550658,0.20888914439362707,shorts_ok
0.21992487102188907,12.182578117046672,shorts_ok
0.09586718687742832,0.17450940086607855,shorts_ok
0.08182480637652326,0.2043312394392983,shorts_ok
0.043734204596682646,0.09141560357884917,shorts_ok
0.11834844514499587,0.231699920894122,shorts_ok
0.09474788388244006,0.3865286795274067,shorts_ok
0.12429940378519991,0.2789209852970926,shorts_ok
0.13265501542166017,0.2788190838690862,shorts_ok
0.067185377837749,0.0696958386757188,shorts_ok
0.030303437920968516,0.33259138170587355,shorts_ok
0.06335674614583205,0.14930180716332722,shorts_ok
0.12145846863293434,0.5788879276211419,shorts_ok
0.13634718284973738,0.32327099720117336,shorts_ok
0.12090468277558332,0.2650550010074233,shorts_ok
0.10101544973839305,0.4031987265913177,shorts_ok
0.056732470482610986,0.09936115150082941,shorts_ok
0.09375983318771168,0.15306896878158976,shorts_ok
0.0985966054440781,0.25352449070493266,shorts_ok
0.1916785366519632,0.6502476389161329,shorts_ok
0.18974533322608986,0.7045572932149381,shorts_ok
0.08541177643198634,0.3937564735514718,shorts_ok
0.08365598552122286,0.11888104221639732,shorts_ok
0.06780067455144023,0.07825032872460713,shorts_ok
0.04269816462558092,0.10638637936508935,shorts_ok
0.13183241301385107,0.6874528941605756,shorts_ok
0.1220088396662057,0.4142480751090233,shorts_ok
0.06520856543945863,0.11405770655938775,shorts_ok
-0.1477280483229278,2.7655247341297353,shorts_ok
0.08672945328033725,0.1338590210024345,shorts_ok
-0.020838125730472584,0.8663631748141132,shorts_ok
0.15578685159187028,0.47535642091429897,shorts_ok
0.096644251542256,0.27029558853451185,shorts_ok
0.09117340295958173,0.16695623908357596,shorts_ok
0.09913699882111822,0.16731742201280808,shorts_ok
0.051664219435132545,0.08028862749477964,shorts_ok
0.08606526604425019,0.1195824742414985,shorts_ok
-0.15833761487789474,0.7854135592591652,shorts_ok
0.04703664931015319,0.13010440970175458,shorts_ok
0.08854760431126826,0.13229421516879206,shorts_ok
0.08078012460075942,0.19928416683375103,shorts_ok
0.08267613986592229,0.2079603268423658,shorts_ok
0.048462878667001476,0.46213916799606025,shorts_ok
0.08107019550125857,0.16411479059335493,shorts_ok
-0.06623021619906444,0.42377334736222017,shorts_ok
0.0829265320969037,0.12909086968898853,shorts_ok
0.08266684783931924,0.12701389034706134,shorts_ok
0.07752800244165936,0.09102557143995689,shorts_ok
0.2634082353399459,0.6929375289814114,shorts_ok
0.07162872918233047,0.21925505343419077,shorts_ok
0.20978822991275434,0.8059204209473568,shorts_ok
0.14602026002672078,0.33998635324824295,shorts_ok
0.07482587301803524,0.08858273953983756,shorts_ok
0.09688844812998196,0.3747344438377512,shorts_ok
0.14139753855607562,0.32812362610892887,shorts_ok
0.22067774229460732,0.6114187575980018,shorts_ok
0.13932220752118624,0.26913387258136556,shorts_ok
-0.002430302202605501,0.38846812684117277,shorts_ok
0.07283408426944012,0.12881704227791707,shorts_ok
0.10192424304602829,0.289601110519353,shorts_ok
0.05669075503292937,1.0164789192599573,shorts_ok
0.10466994268614742,0.17102070814144477,shorts_ok
0.12329490616783441,0.28529400096219404,shorts_ok
-0.31598365039354626,2.2758070243361272,shorts_ok
0.31691154735900867,1.0083017902922087,shorts_ok
0.06881434336677231,0.07093699381878488,shorts_ok
0.5119314796436676,3.0246855060242717,shorts_ok
0.09909747559878487,0.1858555615800452,shorts_ok
0.07012731650172022,0.0740588715812143,shorts_ok
0.04088247824706742,0.18273428969099922,shorts_ok
0.060597338343113955,0.08638261448786848,shorts_ok
0.05267993948493684,0.22512900062283264,shorts_ok
0.15103084820318532,0.3517570129867667,shorts_ok
-0.017459925229072165,0.4571206957205789,shorts_ok
-0.05644137726553788,0.9241867587963983,shorts_ok
0.10086009312940665,0.17185205732875616,shorts_ok
0.07949443572552806,0.09920277823206267,shorts_ok
-0.108144671989025,1.110779025223449,shorts_ok
0.10551696818297272,0.22843378613844595,shorts_ok
0.07996157795836124,0.16567442761948153,shorts_ok
0.09326911526185315,0.2944716652019256,shorts_ok
0.12804826656041565,0.2514536393558795,shorts_ok
0.08540334216930648,0.15490422999788328,shorts_ok
0.12331005180860523,0.3160828572485773,shorts_ok
0.17755599314539208,0.4330672106488832,shorts_ok
0.09066169491827922,0.1319669761574907,shorts_ok
0.08229952472181876,0.13454022554675227,shorts_ok
0.07647907246997575,0.23816799150763898,shorts_ok
0.16914625557197363,0.4135395311719974,shorts_ok
-0.10759405638240335,0.521141177349205,shorts_ok
0.08153966505480871,0.11626774326120434,shorts_ok
0.07643728345047432,0.12131340823914372,shorts_ok
0.0932296607899065,0.261964528877849,shorts_ok
-0.4932528756338538,2.045531190873067,shorts_ok
0.07696375467426625,0.13759445384686483,shorts_ok
0.04969383491065269,0.10854530379561117,shorts_ok
0.0744973646888846,0.11346319699287195,shorts_ok
0.07126855797039375,0.17867482503595045,shorts_ok
0.07908304588453044,0.13226536858011947,shorts_ok
2.452709595826157,9.829551516329882,shorts_ok
-0.004384716656408487,0.2211349897059923,shorts_ok
0.07886451922635547,0.1863283666073731,shorts_ok
0.08427036371624375,0.17938085007986054,shorts_ok
0.06342044415662605,0.15739419893248396,shorts_ok
0.08072554368166233,0.11999433861916575,shorts_ok
0.051398135331271674,0.1063900177739789,shorts_ok
0.4282146174116026,1.5635203964715294,shorts_ok
0.10118236560804404,0.22606481416162924,shorts_ok
0.09608325928791603,0.22376085366379472,shorts_ok
0.18615902617963553,0.47011615323505407,shorts_ok
0.8585888503891047,3.3402251718826625,shorts_ok
0.10318434595290356,0.34600350096874166,shorts_ok
0.07169238505690229,0.10606185198027226,shorts_ok
0.17527592837599906,0.45334352371723646,shorts_ok
-0.2647714145478623,2.7540475539666804,shorts_ok
0.13165008446876103,0.31729477132701894,shorts_ok
0.07853013590568779,0.41521441241191953,shorts_ok
-0.5381242827287994,2.1495073770250204,shorts_ok
0.049706620104162984,0.13900845904653325,shorts_ok
0.20162945985158381,1.345173242045277,shorts_ok
0.10004462509730173,0.28650094737984527,shorts_ok
0.07136111020464556,0.11404596228824422,shorts_ok
0.0756647407356562,0.09534068182038488,shorts_ok
0.163122699492222,0.38718400223165206,shorts_ok
0.21007306288916552,1.1623326980879773,shorts_ok
0.05245140015752832,0.16765463090924118,shorts_ok
0.08037537053755064,0.13765739007806735,shorts_ok
0.07492822954894449,0.1274795398779168,shorts_ok
0.10535837528462708,0.26390088753268975,shorts_ok
0.09310414829099367,0.2438918505994853,shorts_ok
0.018372657714532756,0.3219041936044952,shorts_ok
0.07069255974416426,0.12152334866771665,shorts_ok
0.07350865793745513,0.09487102267941501,shorts_ok
0.00535873704172575,0.8268259031853205,shorts_ok
0.07098440969268169,0.10761961300089806,shorts_ok
0.07219004019009273,0.18867201384118762,shorts_ok
0.0370778802231689,0.21750890346006613,shorts_ok
0.08628830512166658,0.1855116370048907,shorts_ok
0.057951117383063674,0.05817989556583773,shorts_ok
0.06821501507859075,0.14985530491285678,shorts_ok
0.08716434442859114,0.1319691690603068,shorts_ok
0.08490178887085523,0.1470806560124848,shorts_ok
-0.08705934101556524,0.5763014481940628,shorts_ok
0.054958536390304645,0.08194891167503171,shorts_ok
0.08214373830144152,0.14434378016959026,shorts_ok
0.05646810815568111,0.11106455433059087,shorts_ok
-0.03979844075292869,0.3877965049120981,shorts_ok
0.219958330630127,1.6649360189078746,shorts_ok
0.07101245710676199,0.15585459331323562,shorts_ok
0.05371558214882181,0.09001614778688041,shorts_ok
0.09734639140567072,0.20195279465285612,shorts_ok
-0.05296739701823441,2.2980039871846576,shorts_ok
0.11673893291973327,0.26605888958923346,shorts_ok
-0.04790325252391946,0.6935442045227227,shorts_ok
0.332463048826923,1.208691725585703,shorts_ok
0.07891991607415673,0.11766798489476889,shorts_ok
0.10791024454819435,0.20330022219448243,shorts_ok
0.09535641618528701,0.21327606049335698,shorts_ok
0.06050388294194152,0.13260489076483434,shorts_ok
0.06786214756436307,0.0814825434798673,shorts_ok
0.09860289763361525,0.18692271823124146,shorts_ok
-0.0939510383868036,0.5823595883760074,shorts_ok
-0.03479357287415824,0.3519766657241508,shorts_ok
0.03678116393394174,0.30865354513653614,shorts_ok
0.07581954910283498,0.09959509673604997,shorts_ok
0.09090194501943073,0.17893799387479778,shorts_ok
0.015720744980775078,0.186289661760221,shorts_ok
0.09982035879655944,0.18489819129965238,shorts_ok
0.06720697859187055,0.11178830467407373,shorts_ok
0.10165926141666513,0.2281952548833033,shorts_ok
-0.028519343483228262,0.351374353292584,shorts_ok
-0.8721923024058477,3.4434945515863924,shorts_ok
0.0700807235923763,0.318367782339865,shorts_ok
0.10799865438283628,0.35003380423906855,shorts_ok
0.07612681217412888,0.12260639639085008,shorts_ok
0.031325858726681234,0.3330674267528,shorts_ok
0.04868910004124767,0.155617222741282,shorts_ok
0.032067359556407764,0.5101497040675085,shorts_ok
0.42081445571877424,13.167662511548532,shorts_ok
0.06619655835865569,0.07998213021638842,shorts_ok
0.052119879944133016,0.11419666013135683,shorts_ok
0.13696338538542732,0.34212865743111676,shorts_ok
0.09551079544954832,0.15661239415030784,shorts_ok
0.23387558556731686,0.6444832228864936,shorts_ok
0.07343260078918222,0.12160911038117544,shorts_ok
0.05782529390150222,0.16815280953240894,shorts_ok
0.09589375514740216,0.1590953179910834,shorts_ok
0.09295860586443037,0.12767385507412843,shorts_ok
0.10583873956652763,0.19563698723566214,shorts_ok
0.054856644564699485,0.28218087034591444,shorts_ok
0.06390584167930037,0.0877399900404784,shorts_ok
-0.02081027266530534,0.3473737304845749,shorts_ok
0.12122350307361121,0.4692748055367397,shorts_ok
0.06700608167207922,0.10843073836957948,shorts_ok
2.3261372587592866,7.315206055924647,shorts_ok
0.05409026150077601,0.07436398601491398,shorts_ok
0.10444984872496807,0.2707000059194785,shorts_ok
0.0813760492219915,0.12509059881458265,shorts_ok
0.07338450935076285,0.2580905057119194,shorts_ok
0.14738056948029354,0.3187863985629045,shorts_ok
0.07358852511504708,0.12663715002067089,shorts_ok
-0.0072384678483253875,0.3582270324880911,shorts_ok
0.07957090397988915,0.09988783942708748,shorts_ok
0.0983206995990175,0.2993163563923162,shorts_ok
0.07656653636151622,0.1689844267958319,shorts_ok
0.1028215007184701,0.41292456909774083,shorts_ok
0.04239939158879975,0.1621122317092514,shorts_ok
0.08853746225250018,0.16528876265817305,shorts_ok
0.067855834410736,0.33229783877878205,shorts_ok
0.04470081329774119,0.13140271898722444,shorts_ok
0.07550091502601976,0.09301801012253462,shorts_ok
0.08996825916293937,0.1735346063832429,shorts_ok
0.07894689691070562,0.09974500236407062,shorts_ok
0.055913256480589354,0.13147922503503942,shorts_ok
0.08197790953071014,0.10406536306701893,shorts_ok
0.08538900342870293,0.15125122967255328,shorts_ok
0.09000651609506771,0.23000412366383127,shorts_ok
0.18258379466155034,0.5595289486649169,shorts_ok
0.013993408409386949,0.2765769238141475,shorts_ok
-0.07078515950641741,0.5126878988652552,shorts_ok
0.10631422104114366,0.47042195732701936,shorts_ok
0.11186296276034897,0.19762890990730853,shorts_ok
0.06462868123636362,0.781215565775655,shorts_ok
0.022256714346698705,0.18757444113285995,shorts_ok
0.08404873780407857,0.11630976268880328,shorts_ok
0.1400054620833146,1.5865244044398412,shorts_ok
0.12710555986699734,0.4130784654727079,shorts_ok
0.13235955709476901,0.30733155483692504,shorts_ok
0.089777519886716,0.13118376044986876,shorts_ok
0.07822468307070164,0.11703188498777364,shorts_ok
0.11455800969586899,0.27992815812335486,shorts_ok
0.06941759739811044,0.11247316039822763,shorts_ok
0.11654865932426783,0.4105966929403281,shorts_ok
0.07458883933415332,0.08934248977092293,shorts_ok
0.26651978885674377,1.8828425993326232,shorts_ok
0.16007795488349605,0.4715912035464616,shorts_ok
0.09269446836524155,0.18592357890526517,shorts_ok
0.12770030889294115,0.2726774989258729,shorts_ok
0.3354352646900913,3.773843698544515,shorts_ok
0.10827267109588191,0.18811538749697046,shorts_ok
-0.6581582087899572,2.6161097125118213,shorts_ok
0.06875755010135061,0.5654934631794107,shorts_ok
-0.005784572477166288,0.317966375943877,shorts_ok
0.12330507066329809,0.36081255122574624,shorts_ok
0.084168552648912,0.18579682009067888,shorts_ok
0.07063146505545419,0.11803506193538617,shorts_ok
0.08786502336367365,0.1728571949423886,shorts_ok
0.09616610480937479,0.32005924891929743,shorts_ok
0.07424246572140661,0.2821643413757015,shorts_ok
0.07303845165303582,0.12237491396071057,shorts_ok
0.09720163188348546,0.27100299251263654,shorts_ok
0.06199483135587008,0.07818853224472393,shorts_ok
0.04560789938909343,0.9502888628381589,shorts_ok
-0.11962727922299553,0.6062177741972541,shorts_ok
0.07434758144237293,0.736171107905533,shorts_ok
0.07200534218552994,0.1664950843344462,shorts_ok
0.03934766388766222,0.1798298788967611,shorts_ok
0.07480283855868562,0.1235497967459122,shorts_ok
0.27206909603612195,0.8748368270155262,shorts_ok
0.042198993201844996,0.19406898101486153,shorts_ok
0.08519687529825493,0.12986892210360898,shorts_ok
-0.4808469677847319,2.504019283796109,shorts_ok
0.09915841878117,0.2044305745619068,shorts_ok
0.0760470934176715,0.09794242684974451,shorts_ok
0.10280911442553951,0.1696431309703903,shorts_ok
0.0917346084950696,0.15481593382660988,shorts_ok
0.09332986890211206,0.20529308034768046,shorts_ok
0.09484854956680148,0.16764555726801536,shorts_ok
0.13861281109895135,0.34910299572717224,shorts_ok
0.02681475556834466,0.14206981717353562,shorts_ok
0.0900108305163624,0.12098168656381329,shorts_ok
0.07592025899507546,0.10754830578615827,shorts_ok
0.07942531942062692,0.09771466327204087,shorts_ok
0.1105466924666239,0.3731569265858048,shorts_ok
0.07088118123987007,0.07099223000044974,shorts_ok
0.004549088992231205,0.35464009537176283,shorts_ok
0.06609702291223693,0.11332299587733098,shorts_ok
0.06664059717123207,0.10352086148177442,shorts_ok
0.1894514389634408,0.5856454620278679,shorts_ok
0.09070756259930189,0.17106574727860932,shorts_ok
0.11410028952423358,0.33819884655823435,shorts_ok
0.10837017746005001,0.29637863521774066,shorts_ok
0.21940166449852472,0.9717436617482798,shorts_ok
0.04116102668164587,0.33988123501470163,shorts_ok
0.10396162176623881,0.20991716411663608,shorts_ok
0.09199266418072156,0.12908768814761729,shorts_ok
-0.12652385655937826,7.893931059678079,shorts_ok
0.03473746598476455,0.10705595995990123,shorts_ok
0.10396114449752233,0.41955185973260084,shorts_ok
0.10247566143222028,0.34372419921872344,shorts_ok
0.13504715033139345,1.0850896776087522,shorts_ok
0.08618446662659694,0.13110280517997563,shorts_ok
0.08460405286729705,0.14296159144055604,shorts_ok
0.12302434511206405,0.5012354515105846,shorts_ok
0.08368207394667067,0.15420769097056541,shorts_ok
0.11481475383623546,0.20650484245471962,shorts_ok
0.11452940811946283,0.20268934480413583,shorts_ok
0.060054043395298476,0.1799623431630036,shorts_ok
0.02451731982983088,0.1916003069884113,shorts_ok
0.09925228879109911,0.25271714362777087,shorts_ok
0.0809379672544865,0.11798720727896359,shorts_ok
0.07767278441262235,0.12894203404236904,shorts_ok
0.11374764864103529,0.2027801567288145,shorts_ok
0.05692848307559119,0.28658717435452974,shorts_ok
0.08156960393263302,0.11690905679046193,shorts_ok
0.0493616514979482,0.1271653452208828,shorts_ok
0.08961296418730612,0.1335747110205253,shorts_ok
0.11959916528215042,0.23292298238821296,shorts_ok
0.08735552927840831,0.2061761725954276,shorts_ok
-0.0618847988813585,0.9092915387641535,shorts_ok
0.15345760811052997,0.36332647579209215,shorts_ok
0.035998451267832195,0.1916922531934667,shorts_ok
0.07703156562511557,0.10508566599667608,shorts_ok
0.07664486496412067,1.5310532505265095,shorts_ok
0.03378947408620318,0.13769681226223288,shorts_ok
0.08216833616346852,0.12320789426544625,shorts_ok
0.08535754299772302,0.1815826465011875,shorts_ok
-0.0007716530460182298,0.28584994195070385,shorts_ok
0.09913490778677256,0.1723581711493795,shorts_ok
0.06201275681500216,0.16797932020896839,shorts_ok
0.07437019466846057,0.0980375296520812,shorts_ok
0.28991274595179334,1.7591176426347825,shorts_ok
0.10762498720097619,0.18100578498038722,shorts_ok
0.0849398379315832,0.1621593687450199,shorts_ok
0.3127962305310106,0.907108664405986,shorts_ok
0.06018685689896535,0.1370196598427067,shorts_ok
0.055357439243870946,0.11436161127512755,shorts_ok
0.070184703996092,0.07434951037060764,shorts_ok
0.0954259262010567,0.16971388300540827,shorts_ok
0.10182771890695196,0.1773572748298667,shorts_ok
0.05511024030939243,0.0863810486657296,shorts_ok
0.08865430577728853,0.1375193135752276,shorts_ok
0.04135973497509296,0.1383132364300675,shorts_ok
0.11043395871203097,0.3782490780592309,shorts_ok
-0.07461898149751552,1.006241342695609,shorts_ok
0.11358991475647785,0.2674975751125661,shorts_ok
0.023920325976799946,0.14043797451671058,shorts_ok
0.08687453249181819,0.14173370410195713,shorts_ok
0.0977815818187272,0.16907825519829395,shorts_ok
0.031034730197701362,0.10882463809160908,shorts_ok
0.2867681932622382,1.0230986347211959,shorts_ok
0.11778379083278148,0.23712962547116379,shorts_ok
0.09747798434313164,0.16017159101625542,shorts_ok
0.06789967489360772,0.11639973029311916,shorts_ok
0.08274943050888865,0.1477609570640517,shorts_ok
0.1178746449920547,0.22612802100442408,shorts_ok
0.07946237610297172,0.1217969997560494,shorts_ok
0.0872813212149139,0.5782457395846475,shorts_ok
0.08280258519487155,0.3039686898761275,shorts_ok
0.08282008958043435,0.16154942162317737,shorts_ok
0.08902797880302239,0.15024281724574734,shorts_ok
0.06413253638906699,0.10934862606248505,shorts_ok
0.0813692484027338,0.11796894109166638,shorts_ok
0.7955076468864545,5.240335820497193,shorts_ok
0.14606878835041437,0.287214056088503,shorts_ok
0.05583575309653761,0.07711307479759852,shorts_ok
0.08954963868335392,0.1499234725085055,shorts_ok
-0.007509872656905039,0.43044567575152143,shorts_ok
0.09307286215290128,0.16749859055020636,shorts_ok
0.06871106860376665,0.09959565575297412,shorts_ok
0.10120103468144671,0.25898970529520343,shorts_ok
0.09213877783515118,0.20150686390168673,shorts_ok
0.0889218453891071,0.2672215861085988,shorts_ok
0.04126375356180178,0.2935560943282325,shorts_ok
0.08611479386558188,0.12612004212188793,shorts_ok
0.01700690916042416,0.282494622727798,shorts_ok
0.04165199913451068,0.39755007269273773,shorts_ok
0.06855684071388388,0.12451202407736464,shorts_ok
0.1888808781169489,0.4360774085048094,shorts_ok
0.10005697102068765,0.1703091040105045,shorts_ok
0.09916867393880119,0.20635547595913883,shorts_ok
0.02626232442721602,0.5159757779779736,shorts_ok
0.04519788349159213,0.21845113450765802,shorts_ok
0.04591892094511144,0.6747480919986081,shorts_ok
0.09064984548672501,0.14450006304670532,shorts_ok
0.07818915289255456,0.11219381971645315,shorts_ok
0.08296616561845885,0.11359485671448306,shorts_ok
0.06071166852456484,0.18556218669538393,shorts_ok
0.09301874374539015,0.2199441093837413,shorts_ok
0.09550271062830677,0.2028429150467197,shorts_ok
0.10137305681585422,0.27319998029632253,shorts_ok
0.09096738296028513,0.16900713855119345,shorts_ok
0.04949440799314541,0.20925243655724973,shorts_ok
-0.8645652121526116,4.230592929408708,shorts_ok
-0.037450846761582966,0.4084736090388984,shorts_ok
-0.03633591518623548,0.5357360539739396,shorts_ok
0.10396619990808456,0.23937326402089204,shorts_ok
0.09599401196673554,0.2415852394076425,shorts_ok
0.07964125823256057,0.13841796211043544,shorts_ok
0.08066041143129822,0.10836319147206154,shorts_ok
0.09216181548210554,0.17627831764766594,shorts_ok
0.07213208880368793,0.3301939161638012,shorts_ok
-0.06353788543411726,0.5060162631764594,shorts_ok
0.0649560203998455,0.12252503634442043,shorts_ok
0.06773413265909767,0.12979955328023188,shorts_ok
0.0787642246282099,0.1364239878630035,shorts_ok
0.14101960274570324,0.4334781544143715,shorts_ok
0.06704337983918295,0.0884097829646005,shorts_ok
0.11534655727988131,0.3227832335957565,shorts_ok
0.08018989880044956,0.26782293501110904,shorts_ok
0.055778633481259686,0.14892688070767857,shorts_ok
-0.12350677849717448,1.7498346648394618,shorts_ok
0.11925135924491397,1.6009828337909728,shorts_ok
0.10557007720339957,0.18245077767045265,shorts_ok
-0.03119844657814879,0.6788843099281001,shorts_ok
0.24300571077889144,0.6749377620559318,shorts_ok
0.07236966805276612,0.14603409684920587,shorts_ok
0.05648312743724921,0.14533554948959054,shorts_ok
0.05628198593849795,0.16599689525652706,shorts_ok
0.048784293050860496,0.12211558082674923,shorts_ok
0.12949153360879626,0.4110459822629156,shorts_ok
0.17445826586912158,0.5218746294271737,shorts_ok
0.06535747055262466,0.11151764576347559,shorts_ok
0.08752117060170951,0.3193406726132957,shorts_ok
0.13660081465590845,0.35448087345877394,shorts_ok
0.030009975971104504,0.23508055554862511,shorts_ok
0.11761667390947896,0.22553996133897808,shorts_ok
-0.0021734543516349473,0.2504996463696411,shorts_ok
0.09528421284764832,0.19032384924456064,shorts_ok
0.10121390161696542,0.1554509475682071,shorts_ok
0.07667157691747334,0.09970124151984103,shorts_ok
0.1317374503781101,0.2815476769513648,shorts_ok
0.049873170697811726,0.191839849377841,shorts_ok
0.0946329241432143,0.33260259474009984,shorts_ok
0.0548942976995506,0.15315947947015787,shorts_ok
0.08362542204718695,0.2124466737133064,shorts_ok
0.12168185486431649,0.24805077026575006,shorts_ok
0.08501652248118513,0.16047317534484154,shorts_ok
0.1015873849628389,0.22316619306736082,shorts_ok
0.110777791938363,0.27676464497251446,shorts_ok
-0.003825218238659324,0.324202456339146,shorts_ok
0.10971210721642646,0.2001836901259741,shorts_ok
0.04366744847151237,0.1533654237571236,shorts_ok
0.08150235431139378,0.130837511046536,shorts_ok
0.08146235311098618,0.3324708779980874,shorts_ok
0.09883990620600848,0.17635870646661328,shorts_ok
0.09712699030177349,0.17000785992147788,shorts_ok
0.10485364710309031,0.18677377459343952,shorts_ok
0.10647557673281166,0.24269092130715256,shorts_ok
0.04875565232474395,0.09669731134430726,shorts_ok
0.05282569441147796,0.12489852754683003,shorts_ok
0.14371211651634638,0.44136583479451036,shorts_ok
0.07029858904567349,0.09827588039273606,shorts_ok
0.11056481022556257,0.25394849106521816,shorts_ok
0.07841901426910369,0.1045989365784652,shorts_ok
0.08722130806258271,0.11813193663382314,shorts_ok
0.050618176144681476,0.09367668311780356,shorts_ok
1.467107952576307,8.466271667872325,shorts_ok
0.14528883566745565,0.4500332102572817,shorts_ok
0.04624126346026366,0.1981836703867888,shorts_ok
0.14634827116367619,0.40929547285441087,shorts_ok
0.06308068191917328,0.06672657324931135,shorts_ok
0.07806057665539806,0.16932677470297494,shorts_ok
0.07732466374858239,0.102991307192474,shorts_ok
0.12773685736472307,0.28011367602688003,shorts_ok
0.08847900560949078,0.13742255149219273,shorts_ok
-0.043772222145999615,0.9136385421109702,shorts_ok
0.06670543435654626,0.24397394363053213,shorts_ok
0.07692208946554531,0.0944563257843135,shorts_ok
0.05546006918817562,0.15714325709426885,shorts_ok
0.0746426882307509,0.08438010610505484,shorts_ok
0.046843707527847486,0.5598050782887447,shorts_ok
0.007994401626067946,0.5218662186865843,shorts_ok
0.15184055312164665,0.3400760667728209,shorts_ok
0.042310691551312264,0.16701426476790382,shorts_ok
0.09039691208904871,0.14158343302475682,shorts_ok
0.04651870713623055,0.17860635458374532,shorts_ok
0.07797930827827017,0.11323399487019113,shorts_ok
1.977386976070356,8.871991573736258,shorts_ok
0.09567526137333211,0.17930698077833762,shorts_ok
0.13255530429349494,1.2017041510006894,shorts_ok
0.06956855503815049,0.11389481127406853,shorts_ok
0.04782086371775955,0.11845707056187851,shorts_ok
0.05136566971156699,0.10025633385497987,shorts_ok
0.30028969650475457,0.8631144470065965,shorts_ok
0.10749334776526225,0.2855646388089898,shorts_ok
0.3259230331767517,2.278764728321392,shorts_ok
0.19174352527234084,0.5988677924679526,shorts_ok
0.061419289839808315,0.5447262749166474,shorts_ok
0.07017056328983054,0.08214704848953815,shorts_ok
0.04699090403753953,0.47577749834802646,shorts_ok
0.08962801375886284,0.17873454291127863,shorts_ok
0.07707666167139639,0.11480284917515111,shorts_ok
0.08193067006350785,0.11794193492986707,shorts_ok
0.08559796797476049,0.12156135025957795,shorts_ok
0.07252333955418373,0.08525901306292334,shorts_ok
0.08762331390418827,0.16418238174545577,shorts_ok
-0.12387597217592189,0.7583954804216904,shorts_ok
0.08174952509295352,0.14849267683555767,shorts_ok
0.0861437915319591,0.32595721751027956,shorts_ok
0.1795920123795727,0.808851998374117,shorts_ok
0.067416655159026,0.06305481291748685,shorts_ok
0.08874206848845659,0.15470468046908734,shorts_ok
0.06655226349242618,0.21571439595194747,shorts_ok
0.07870189405768582,0.11767805803018284,shorts_ok
0.05455092920491711,0.11533792778160996,shorts_ok
0.08157908327883938,0.13154674319091003,shorts_ok
0.06990810365620716,0.11112625704561735,shorts_ok
3.4279444583655785,15.814049401043109,shorts_ok
-0.4933149273639905,1.9392177264709267,shorts_ok
0.06835775402847727,0.17424400558106473,shorts_ok
-0.5396610590640283,2.2692779975533965,shorts_ok
0.07752957054382002,0.1362314916804334,shorts_ok
0.07654840539265173,0.15821650635677542,shorts_ok
0.15753665247394552,0.5195411107792295,shorts_ok
0.08023795601249552,0.15794986282882995,shorts_ok
0.11706807237103174,0.2639907420924317,shorts_ok
0.08655742138743618,0.13611965307116533,shorts_ok
0.06664647795952269,0.2452229701989396,shorts_ok
-0.09670535019791189,1.1418100919599683,shorts_ok
0.11113896785310096,0.25580819758995316,shorts_ok
0.08036993866690138,0.11630000781903864,shorts_ok
0.08944742240259446,0.15918579592303056,shorts_ok
0.09758412988919335,0.14794877626557484,shorts_ok
0.04837794318130008,0.16399912343390774,shorts_ok
-0.007755205871874878,0.3601720973308081,shorts_ok
0.16877022081468507,0.5564391761918904,shorts_ok
0.09758048836547613,0.2226374771905945,shorts_ok
0.049504217966217456,0.2687678925266105,shorts_ok
0.05317545586080891,0.17280183239836014,shorts_ok
0.09417289275561802,0.6231088749258082,shorts_ok
0.2216186960192175,1.4235562438025633,shorts_ok
0.4333487172485245,1.3547517340443156,shorts_ok
0.07939301412459072,0.1396377637901915,shorts_ok
0.14214565979396412,0.427801808957647,shorts_ok
0.22795031790949233,1.718215121917283,shorts_ok
0.04983387747650469,0.07387918736429862,shorts_ok
0.073750745647984,0.0801671768572646,shorts_ok
0.04099290834941518,0.25586349629342725,shorts_ok
0.073078010165012,0.1034936384114613,shorts_ok
0.035543498691726925,0.2816688812890368,shorts_ok
0.17292421506067907,0.6092531358396821,shorts_ok
0.10580678346077878,0.2130973446692813,shorts_ok
0.12005291864803018,0.2933159513320631,shorts_ok
0.11675910450925316,0.27669466860645164,shorts_ok
0.09319170930414282,0.16680504405898358,shorts_ok
0.15154093029565657,1.028673539685708,shorts_ok
0.022652332570555538,0.22756136872870492,shorts_ok
0.03663754456596527,0.22301814129154549,shorts_ok
0.3179931203364784,0.9141825968601452,shorts_ok
0.08317021770321818,0.1217004589174676,shorts_ok
0.11606964366319118,0.25158478656052424,shorts_ok
0.08413553944927274,0.13706902075648308,shorts_ok
0.07031383778627873,0.07780683646322205,shorts_ok
0.07441292905008663,0.16356546169242397,shorts_ok
0.07660690180618498,0.16857187030276302,shorts_ok
0.07006552834216552,0.13396284993846785,shorts_ok
0.29576931617550295,1.5260322250560372,shorts_ok
0.09367801179085262,0.20450699637443054,shorts_ok
0.038535059701341,0.11139594663522634,shorts_ok
0.1531991580043335,0.9032990757430872,shorts_ok
0.0914480368387239,0.1483321133384152,shorts_ok
0.1564427960286045,1.311498881908086,shorts_ok
0.06228522215224046,0.11215636117051125,shorts_ok
0.13167324941861247,0.3619697449376532,shorts_ok
0.0815617677976824,0.1651128506488467,shorts_ok
0.06575390914731627,0.07363463459766681,shorts_ok
0.15857953622837553,0.7523999158899671,shorts_ok
-0.05120102452486778,0.3761608594441342,shorts_ok
0.0722168705176301,0.24785186373643936,shorts_ok
0.061849672407426864,0.11597765074631046,shorts_ok
0.08936727347577073,0.13170003740749509,shorts_ok
0.21401154766210737,0.8042327911724787,shorts_ok
0.34122504729681824,1.5107994752452165,shorts_ok
0.04713884079905535,1.288045139627227,shorts_ok
0.2247451258625275,0.602367101908728,shorts_ok
-0.17568113819314826,1.035627800962561,shorts_ok
0.2006915134869409,0.6339974689954302,shorts_ok
0.05711531589166425,0.1069263520161827,shorts_ok
3.05925380362907,17.80441536981383,shorts_ok
0.059289897539039696,0.1025258006314243,shorts_ok
0.09727074804699266,0.15659956937816516,shorts_ok
0.07148799224243033,0.07721813643550343,shorts_ok
0.15260679411064898,0.3304393433260108,shorts_ok
0.3694486873664832,1.0133751529786905,shorts_ok
0.0923436641775169,0.15788283732575406,shorts_ok
0.1864205011720123,0.6568533630936954,shorts_ok
0.07628088614478239,0.22185008447001536,shorts_ok
0.19516200844043427,0.5790216145639133,shorts_ok
-0.8436828888748116,3.0619191748124206,shorts_ok
0.12011903772096363,0.2696483965490581,shorts_ok
0.09049454553587345,0.22215015375328517,shorts_ok
0.11697727410035832,0.37136896162747873,shorts_ok
-16.697209866352235,75.31463778003598,shorts_ok
0.10128526762238835,0.2675560668410632,shorts_ok
0.08602670541669331,0.17703158987599596,shorts_ok
0.1909486158510169,0.6302809002597587,shorts_ok
0.08528781058675747,0.17274260791461576,shorts_ok
0.10256488649416429,0.2374147662660919,shorts_ok
0.14370915506904933,0.41761027665138867,shorts_ok
0.07509764806454872,0.09518860085840948,shorts_ok
0.09277870882539366,0.21407632453894834,shorts_ok
0.09740072199946039,0.16201168550802067,shorts_ok
0.10912666445490898,0.47460979965037253,shorts_ok
0.08519896802457154,0.1162053024849075,shorts_ok
0.10641603805489695,0.22527081500075777,shorts_ok
0.06609559536041233,0.13952081177488984,shorts_ok
0.009743995908564883,0.19089551041632097,shorts_ok
0.1556357010932532,0.7697236939555401,shorts_ok
-0.20043747140128937,1.7008037823734858,shorts_ok
0.05978185418041035,0.10147606885567416,shorts_ok
0.09346624122380255,0.16258398185947331,shorts_ok
0.2035249591129411,1.4947534631022155,shorts_ok
0.043915725038189656,0.3369733580413216,shorts_ok
0.4092673330886177,2.0585686636647096,shorts_ok
0.11802544838814091,0.24771974217022688,shorts_ok
0.08029030075508564,0.12166357249221978,shorts_ok
0.05202502140955147,0.1119890163045581,shorts_ok
0.3949962388959221,1.2662817531705686,shorts_ok
0.031509903312907823,0.18336644713874858,shorts_ok
-0.004216565312614779,0.3411792918877503,shorts_ok
0.0704660055228817,0.1174167433437133,shorts_ok
0.0683499614569359,0.1853543151200434,shorts_ok
0.09923033180567847,0.1874029871573828,shorts_ok
0.0862134992957727,0.1465498368913438,shorts_ok
0.04252256231785798,0.9127551358826931,shorts_ok
0.013985897375475054,1.6913733320048308,shorts_ok
0.07589745153627371,0.18265194094236406,shorts_ok
0.06108549808396781,0.25030817192715354,shorts_ok
0.07015274690683194,0.09770795900193559,shorts_ok
0.10501606169318353,0.2506421823106666,shorts_ok
0.0195405162777323,0.20079194323259958,shorts_ok
0.04872631707311404,0.15645741904057328,shorts_ok
0.13118451848462812,0.2590884153466942,shorts_ok
0.0427873688153231,0.1633928312884168,shorts_ok
0.1425197539534269,0.6888034000406427,shorts_ok
0.07863514680918181,0.09131181860194237,shorts_ok
0.046765323006358855,0.299804081075102,shorts_ok
0.1886929639218424,0.44020994520364937,shorts_ok
0.058409982218567386,0.10025051096197422,shorts_ok
0.07271520949970077,0.08379539671570715,shorts_ok
0.07827702028089713,0.12944371733902263,shorts_ok
0.136489195674482,0.3405380657407022,shorts_ok
0.05176229210728774,0.13651190436607089,shorts_ok
0.0849709129562168,0.18235552774106956,shorts_ok
0.025774333754115492,0.22837158644753341,shorts_ok
0.04307430684031463,0.14553093797835548,shorts_ok
0.059788283571713986,0.12223778841502109,shorts_ok
0.06904271098411756,0.17656560695138687,shorts_ok
0.20408163304104388,0.6133561052450989,shorts_ok
0.057797731160529615,0.12768867747732693,shorts_ok
0.023588943124586842,0.3377684381326039,shorts_ok
0.07105645752990464,0.10174843302788918,shorts_ok
0.0689981463264132,0.19727823386388954,shorts_ok
0.5127054660368237,3.996106967816557,shorts_ok
0.49169372169199554,1.6699388817187104,shorts_ok
0.17680738339874164,0.4102203524712646,shorts_ok
0.07520878596126922,0.1067830928928321,shorts_ok
0.09791113495875091,0.16664059458170763,shorts_ok
0.1550821855019025,0.5829863540663744,shorts_ok
-0.21475980275522397,1.6222671554565093,shorts_ok
-0.07302210529504001,0.7094015333803331,shorts_ok
0.11603814098263814,0.28184018518333026,shorts_ok
0.1652370054097875,2.0762333216613342,shorts_ok
-0.2661049692591717,1.3792439629259583,shorts_ok
0.05258084454636883,0.13473975676578748,shorts_ok
0.3242921980267113,3.919593470181034,shorts_ok
0.11345472822539025,0.18779897176301008,shorts_ok
0.0833648410837857,0.18010542093766216,shorts_ok
0.1444786469044874,0.3623803924563876,shorts_ok
0.0798782301683603,0.11420119899450835,shorts_ok
0.09934212158632748,0.17056152939875355,shorts_ok
0.09821314115765513,0.25339935893165916,shorts_ok
0.08234445798403361,0.14507040091208387,shorts_ok
0.09961406349984969,0.2327107666948211,shorts_ok
0.06482930968658557,0.15289039158255088,shorts_ok
0.08934158496494918,0.15052659706155205,shorts_ok
0.054800321242169596,0.15862829927258854,shorts_ok
0.0638619137671276,0.2399541054209083,shorts_ok
-0.20431229947673632,0.9922993596986116,shorts_ok
-0.4754612185943784,2.0519391975649186,shorts_ok
0.07377381930821071,0.14839185198075666,shorts_ok
0.1050552086531809,0.3348933476793037,shorts_ok
0.09017865860939733,0.15007732723890138,shorts_ok
0.11279712073572656,0.2962409127777944,shorts_ok
-7.3250985136403095,74.29599302605307,shorts_ok
0.11962209509457064,0.26407529374845995,shorts_ok
-0.14101564767065505,4.460431118367859,shorts_ok
0.07431252455110851,0.13099276628380807,shorts_ok
0.07340025327235689,0.35003340508705927,shorts_ok
0.07019937001617649,0.2481735859982174,shorts_ok
0.09248240715218554,0.23186873470429795,shorts_ok
0.00406195425661061,0.4403398036743055,shorts_ok
0.038418371001201525,0.11784141927189087,shorts_ok
0.14563834126636901,0.5231440053864138,shorts_ok
0.10812483390127642,0.21637619240424885,shorts_ok
0.07766620975228518,0.09182781698761436,shorts_ok
0.11130640492037495,0.4631254923545664,shorts_ok
0.02534814915393386,0.29702133781460843,shorts_ok
0.058242086874966896,0.08104469416801419,shorts_ok
0.06122072219299306,0.08109372361877694,shorts_ok
0.08641983329117284,0.24684695108553611,shorts_ok
0.4557238346496571,2.6205379735858547,shorts_ok
0.07829679050505929,0.11677609855431234,shorts_ok
-0.11727517003458743,0.6368723549631883,shorts_ok
0.0785501655009382,0.12553840926396662,shorts_ok
0.06926089127982837,0.34496073670552396,shorts_ok
0.1568663659644387,0.6347399698405913,shorts_ok
0.12668681681398625,0.2880142240683549,shorts_ok
0.05783219959676512,0.16587551932661584,shorts_ok
0.00986660946908264,1.3137765138976605,shorts_ok
0.09082772664973444,0.13130593077087013,shorts_ok
0.0876567901081085,0.4184369232701607,shorts_ok
0.10581680903757017,0.19071947020722171,shorts_ok
0.09673016453873397,0.1637969932865755,shorts_ok
-0.04869534880777474,0.7399529895116109,shorts_ok
0.048738642594456795,0.08382628970463538,shorts_ok
0.08517655782787534,0.15572651237846216,shorts_ok
0.0976868843806313,0.1908929801526282,shorts_ok
0.1261802926134716,0.2644441218784893,shorts_ok
0.06062777251389124,0.15762599987743717,shorts_ok
0.10773048944432777,0.23086323739993952,shorts_ok
-0.10701747209775428,3.9074113174864062,shorts_ok
0.07078483783195247,0.1398804819270501,shorts_ok
0.0775222516125281,0.08949496396831987,shorts_ok
-0.03729166701015257,0.4230186577458505,shorts_ok
0.07678119747685343,0.15049181042657084,shorts_ok
0.09701258233090927,0.17049248598647002,shorts_ok
0.15341910891260502,0.9261631122645357,shorts_ok
0.0649557538764526,0.11112988989378839,shorts_ok
0.11296081277765342,0.88384772144211,shorts_ok
-0.1293226542388645,28.428117472911755,shorts_ok
-0.008495065133440246,0.4820459580868658,shorts_ok
0.02984379907670694,0.13607979109427815,shorts_ok
0.10789395042308941,0.18712324877380296,shorts_ok
0.04218649294825959,0.1663964177110301,shorts_ok
0.10790529365224727,0.2221096316990014,shorts_ok
0.057794508452306624,0.09949987816557652,shorts_ok
0.08006438936430016,0.11494044215569665,shorts_ok
0.049184909663113605,0.11558067557100132,shorts_ok
0.0973515204871052,0.16341534325854198,shorts_ok
0.04248987147808273,0.2881815507732951,shorts_ok
0.0020914272763431357,0.6154046494942083,shorts_ok
0.06592636233673563,0.17445030517504806,shorts_ok
0.0859035036965349,0.13135316436408861,shorts_ok
0.09855350874567018,0.1992749045620031,shorts_ok
0.08070501875920119,0.10866219707920968,shorts_ok
0.0813351118197442,0.11602743020188819,shorts_ok
0.025840788609895766,0.1484904406805534,shorts_ok
0.07160638801160799,0.10006290059814602,shorts_ok
0.09274327867002649,0.177257488001349,shorts_ok
0.059192563070147156,0.1797853690448388,shorts_ok
-0.2778949969198668,1.2548328633799388,shorts_ok
0.2190959943414293,0.6665518398523926,shorts_ok
0.15063665291729522,0.3804706173608474,shorts_ok
0.08357889820917003,0.11844437129925463,shorts_ok
0.10460432031454668,0.3064940036961212,shorts_ok
0.05107316409102062,0.07817784068681762,shorts_ok
-0.19855489521265146,0.9193614006771225,shorts_ok
0.0937288084897682,0.1676106869547725,shorts_ok
0.08379149523174298,0.1627422895346146,shorts_ok
0.09251930836823805,0.17659950125796453,shorts_ok
0.07258394318089,0.08032927537037347,shorts_ok
0.02836343186593324,0.3016001983603854,shorts_ok
0.08413257956016564,0.1556340783188291,shorts_ok
0.08802508742997885,0.12007164096178627,shorts_ok
0.08710770414453901,0.24579563616958364,shorts_ok
0.07269298132118426,0.08248240517955178,shorts_ok
0.10797349947548314,0.19683233822103874,shorts_ok
0.08215656974915372,0.16742767855177182,shorts_ok
-0.05626139465204394,0.579029898766453,shorts_ok
0.10027819951244371,0.1724756242360044,shorts_ok
0.11358744649572655,0.2430806022341989,shorts_ok
0.10558239189830547,0.7610689149049584,shorts_ok
0.11103096443698342,0.23612527913176948,shorts_ok
0.09336420516039169,0.2228892195813652,shorts_ok
0.0721316151866139,0.074964275776915,shorts_ok
0.10847853777153776,0.19570746648628393,shorts_ok
0.03288916575914092,1.4653927182963342,shorts_ok
0.08329339715394336,0.10172267705015296,shorts_ok
0.06232749401437499,0.11372953394322224,shorts_ok
0.08076084120435853,0.11794879400625738,shorts_ok
0.11912596725946811,0.22634737846495623,shorts_ok
0.06941140434783317,0.15082313857711116,shorts_ok
0.16870256699540864,0.4029055334499465,shorts_ok
-1.0027971866089633,5.550388886188829,shorts_ok
0.11402478919873203,0.21143725578258044,shorts_ok
0.3786668563139397,2.143354727934285,shorts_ok
0.6921181963044378,3.0674690744011066,shorts_ok
0.176888408624435,0.7199642075817171,shorts_ok
0.08740556538140237,0.12330110021026892,shorts_ok
0.06480878134595403,0.11032085884144781,shorts_ok
0.063327188245477,0.07224574324032262,shorts_ok
0.08226702223431653,0.13119869394446654,shorts_ok
0.08649194409734587,0.1734839519701382,shorts_ok
0.08596976447622237,0.14227200133573,shorts_ok
0.7084202740579371,5.51339313416883,shorts_ok
0.03547079779702414,0.10257764550974384,shorts_ok
0.06480897452494842,0.1857861985491118,shorts_ok
0.10207504832292635,0.21214338370954985,shorts_ok
0.08422433290616071,0.10440173732662025,shorts_ok
0.07917269532162316,0.2366952505634813,shorts_ok
0.09225339355141286,0.3897714872370325,shorts_ok
0.08679201635915165,0.1299864919613412,shorts_ok
-0.4287599609533912,1.7510986196372988,shorts_ok
0.10427419290651996,0.18234094749727325,shorts_ok
-0.08876020194583202,1.4844350642853295,shorts_ok
-0.03664945259835732,0.3423386237228425,shorts_ok
0.13209411428391463,0.4359827100737448,shorts_ok
0.04480369163357566,0.2135423424365503,shorts_ok
0.09596701215571106,0.19001998452181337,shorts_ok
0.07219387074577831,0.09832787828066639,shorts_ok
0.06520285692925175,0.08155117781911683,shorts_ok
0.11661334355199589,0.2826191828076848,shorts_ok
0.3148254151934832,1.516122916476603,shorts_ok
0.5487298720199523,3.1530292403609113,shorts_ok
0.08749587244223152,0.2940967705243994,shorts_ok
0.09148716196228368,0.1488848054238816,shorts_ok
0.1631938481645355,0.4265892335933931,shorts_ok
0.030306575403345908,0.1176014950820054,shorts_ok
0.14769527190181836,0.44184188480413306,shorts_ok
0.07607023850828241,0.09130424549597296,shorts_ok
0.18355999151273017,0.5814767687510669,shorts_ok
0.07848150240917195,0.1315518186422573,shorts_ok
-0.003898094078278953,0.29544218936804406,shorts_ok
0.0766292183598262,0.15343959025448906,shorts_ok
0.044896487870567374,0.11159562250798793,shorts_ok
0.1158084356161121,0.2728838827357544,shorts_ok
0.07234295031940703,0.09061569451222537,shorts_ok
-0.03133455327335257,0.5141167769586148,shorts_ok
0.09390194500936398,0.23045515677482264,shorts_ok
0.014189378075222206,0.1709745600833217,shorts_ok
0.02371114543640747,0.3654291663232562,shorts_ok
0.14454181740831046,0.4368014711219473,shorts_ok
0.041539780085963415,0.21654497908175868,shorts_ok
0.10389475720970506,0.20852889206263187,shorts_ok
0.10955947103226306,0.4112093255442459,shorts_ok
0.11959981643722582,0.27614127558300294,shorts_ok
0.1367336353538909,0.31201145011051185,shorts_ok
0.047123076214889384,0.2343721267580055,shorts_ok
0.09424412352734918,0.19094632979459356,shorts_ok
0.08327298677855827,0.13441322763225882,shorts_ok
0.10214025262816477,0.22671670657480042,shorts_ok
0.6269263612232145,3.4759938776632633,shorts_ok
0.026214867790850957,0.4611069271155904,shorts_ok
0.05882049091577121,0.0566014057336353,shorts_ok
0.1495655194207039,0.3473535741244337,shorts_ok
0.05139713904043811,0.0726249088175885,shorts_ok
0.06994832126117585,0.10597683169470615,shorts_ok
0.04720074234456956,0.2808823473901225,shorts_ok
-0.0903642785418463,0.7459041304345787,shorts_ok
0.09580302229571228,0.20179170734485505,shorts_ok
0.05002441803611498,0.103734613590903,shorts_ok
0.08144860841930983,0.10193531006168707,shorts_ok
0.07411922343882177,0.2035253565105684,shorts_ok
0.11016886431909632,0.5094449044800058,shorts_ok
0.05917908566693356,0.20672143248303101,shorts_ok
0.0732468403656217,0.11356523356023067,shorts_ok
0.0826450178902076,0.4978246527630027,shorts_ok
0.15493556641089068,0.4921592584511659,shorts_ok
0.087475728974716,0.13336748369785356,shorts_ok
0.3758061869540152,1.0545852486023928,shorts_ok
0.1009188648512829,0.1867841933970579,shorts_ok
0.1034511217312774,0.26181825971022754,shorts_ok
0.1064755944146628,0.2034865976850743,shorts_ok
-0.5246760945987576,2.59138128981533,shorts_ok
0.07710816341638768,0.11642554728199785,shorts_ok
0.08063799311310835,0.11111525207474085,shorts_ok
0.08831368568628857,0.17116406008203108,shorts_ok
0.10776231384771587,0.2128915542302071,shorts_ok
0.07406338362800367,0.11803859506749373,shorts_ok
0.508990849215179,4.045218715103056,shorts_ok
-0.043695994978620444,0.4563214253878406,shorts_ok
0.14189288769380648,0.3630240256043017,shorts_ok
0.04561307081092705,0.08951929296335875,shorts_ok
-0.08268749307954723,0.47051808078756446,shorts_ok
0.09413622760720343,0.21174266921572596,shorts_ok
0.03949108577026918,0.15251323696198307,shorts_ok
0.07673781793515884,0.0977070801174754,shorts_ok
0.09347902072379684,0.2351690583981743,shorts_ok
0.08016026403011753,0.11981136796205999,shorts_ok
0.06549878704490943,0.09900079552305688,shorts_ok
0.10155755483896393,0.19329932777773323,shorts_ok
0.2836934766109856,1.3310207944723376,shorts_ok
0.13680118284619266,0.5819255098362092,shorts_ok
0.11282720078647186,0.2072510451152315,shorts_ok
0.11738333514220188,0.24434646582853525,shorts_ok
0.08841805772047658,0.13417436444873054,shorts_ok
0.09612693612378838,0.20133337645160476,shorts_ok
0.06328551446645203,0.10570319768507593,shorts_ok
0.13813478370609622,0.2982799351057074,shorts_ok
0.10676544305746093,0.21118524553480827,shorts_ok
0.04875403494509717,0.1012979021299638,shorts_ok
0.04675507872997193,0.11037557259981705,shorts_ok
0.0430622663766153,0.1560856453752568,shorts_ok
0.1209660574298208,0.4110893045045755,shorts_ok
0.08244101011023776,0.15952938423076043,shorts_ok
0.09400952034796813,0.15928508674613817,shorts_ok
0.04247918960323796,0.09072027037894057,shorts_ok
0.03564666740645861,0.18996085821933095,shorts_ok
0.0705826487992077,0.10309090843321057,shorts_ok
0.3469563233364069,0.9299503740028202,shorts_ok
0.1129800020448161,0.2725302361550908,shorts_ok
0.10411420903955036,0.21961798271362587,shorts_ok
-0.0787927246536217,0.5875867205882929,shorts_ok
0.232170294574454,0.6953896409683479,shorts_ok
0.14676607946942188,0.34473959795568027,shorts_ok
0.16148930090976313,0.4676830697963525,shorts_ok
0.08570266193840552,0.1155085197404996,shorts_ok
0.09537316995558881,0.4517033432551209,shorts_ok
0.0877218546253623,0.8698407810623253,shorts_ok
0.12173391705174313,2.266378060093837,shorts_ok
-0.52398894448498,2.0066206476018413,shorts_ok
0.07893153959186594,0.2569436427475265,shorts_ok
0.12849761784006997,0.23516302128336453,shorts_ok
0.10774695902817935,0.2064438375575585,shorts_ok
0.21527781008952107,0.7720470526814309,shorts_ok
0.15433925682036168,0.43144109709913797,shorts_ok
0.11307348423653542,0.27660766952569793,shorts_ok
0.1242445637183551,0.2830572224819192,shorts_ok
0.072692026609517,0.08796164770651183,shorts_ok
0.08637392555774265,0.15363334699621162,shorts_ok
4.271167538907052,17.75324702828186,shorts_ok
0.09613462571329771,0.2342109265220584,shorts_ok
0.08757659595451586,0.17259415993790378,shorts_ok
0.08766827123603618,0.16646557927342284,shorts_ok
0.051929623668555865,0.2411977850832899,shorts_ok
0.34298263877059454,1.0351922245897895,shorts_ok
0.1008455726249695,0.19477009918115906,shorts_ok
0.016734725490275593,0.4173263626504791,shorts_ok
0.1079599548278864,0.25705297495694684,shorts_ok
0.10435104852391629,0.22354532530850887,shorts_ok
0.05245045405417752,0.11175177999299504,shorts_ok
0.14013003789414008,0.3268725074202687,shorts_ok
0.08498805641734251,0.13028568571672475,shorts_ok
0.09940054654646874,0.18009897840521766,shorts_ok
0.0367059782995833,0.08624211578911258,shorts_ok
0.04792764089497347,0.16496766361211698,shorts_ok
0.08508144094799563,0.13462969866372035,shorts_ok
0.09417778843230494,0.15111719891271808,shorts_ok
0.08456284723618276,0.12812389968846868,shorts_ok
0.10533765142490194,0.16967024839353684,shorts_ok
0.07298610974119939,0.13142278895289022,shorts_ok
0.08138543469356133,0.13953404373047618,shorts_ok
0.08143198729690175,0.09982613741473084,shorts_ok
0.024204282087740298,0.22989281864561914,shorts_ok
0.15711565006247918,0.6465921919910349,shorts_ok
0.13085422695897375,0.48703134691223815,shorts_ok
-0.09018149425233814,0.9787368826117472,shorts_ok
0.05240205237768158,0.45468130472552987,shorts_ok
0.09739334997386381,0.1774994458294063,shorts_ok
0.06964754832748841,0.7438249515377902,shorts_ok
0.16272150670019445,0.3759674538441453,shorts_ok
0.1525115120215392,0.3793820173634216,shorts_ok
0.10394494642170231,0.2509970243088864,shorts_ok
-0.0018496052336555982,2.4737568224682454,shorts_ok
-0.0008857247222195154,0.32346286966060467,shorts_ok
0.08826871433868627,0.12543178677183997,shorts_ok
0.08665781179598482,0.3715462224283013,shorts_ok
0.0998412502091587,0.20805251737740768,shorts_ok
0.11581352995074064,0.2562607201482444,shorts_ok
-0.21374949072386548,0.940852195561932,shorts_ok
0.0840214985636941,0.11394499057339365,shorts_ok
0.09455188731454355,0.14833228338765947,shorts_ok
0.07045058335131445,0.11286821669480723,shorts_ok
0.09187638797918544,0.251054823539861,shorts_ok
0.15543521832229673,0.43152520232926195,shorts_ok
0.08895165803334454,0.1515337469371048,shorts_ok
0.20627600985547942,0.6149585419205753,shorts_ok
0.12482446228166788,0.35398715829504657,shorts_ok
0.23594908782269322,2.003851299952376,shorts_ok
0.14858283169468534,0.32340132517897285,shorts_ok
0.11548871179677916,0.33082604350898565,shorts_ok
0.09587422046307073,0.15014596615523404,shorts_ok
0.07647927761029388,0.10311882362938794,shorts_ok
0.06344491184810394,0.07121810125852532,shorts_ok
0.0988172388603393,0.2027246527481554,shorts_ok
0.07892038658114492,0.17531941037781573,shorts_ok
0.08529637590550392,0.13532366734039622,shorts_ok
0.10451318887640647,0.19294303148518163,shorts_ok
0.13582859173992531,0.5777527390961428,shorts_ok
0.13483271393085744,0.30320905707719026,shorts_ok
0.06499045021358106,0.41093750543649527,shorts_ok
0.12729458203467953,0.24496385869119844,shorts_ok
0.07006362714562078,0.22865306987256176,shorts_ok
0.04447914980648927,0.12010299033516712,shorts_ok
0.09130518698557412,0.1664091674758639,shorts_ok
0.08787656479083436,0.11597661250566066,shorts_ok
1.1105243007858396,3.8475675408663705,shorts_ok
0.23695997048863382,1.1496671604254527,shorts_ok
0.14918378910799882,0.35027507646374745,shorts_ok
0.09852276122695813,0.16303494442542774,shorts_ok
0.09359932366211246,0.1636742100586767,shorts_ok
0.0894553647136338,0.14800936479844848,shorts_ok
0.05033423421907794,0.07039790246129779,shorts_ok
0.04588408404732029,0.17415158554571097,shorts_ok
0.18941817281067816,0.5061892005912052,shorts_ok
0.09072742728035646,0.1375683296993373,shorts_ok
0.2463612854987647,2.230257432147797,shorts_ok
0.09304973392344,0.1724380554148383,shorts_ok
0.10764192401895112,0.2549922741245207,shorts_ok
0.07803271034347158,0.9992800124928453,shorts_ok
0.09872764286071554,0.34845322689128333,shorts_ok
0.006919928269842856,1.4409110434861283,shorts_ok
0.06932101066971068,0.2051137022515329,shorts_ok
0.07507923723252181,0.316535037147453,shorts_ok
0.16684712190279644,0.4555296393155571,shorts_ok
0.07638860175418885,0.14737734443407405,shorts_ok
0.06260247815730878,0.054145527489612086,shorts_ok
0.0888714529946155,0.37788398828374636,shorts_ok
-0.1131465565770079,0.8368490894644026,shorts_ok
0.08375352001325105,0.1636159401323479,shorts_ok
0.09894452191513833,0.18989774851427438,shorts_ok
0.08178190275172033,0.11686253995146735,shorts_ok
-0.04457731381404674,1.1450127530306025,shorts_ok
0.04188133586233621,1.1665275131791268,shorts_ok
0.0888147894903184,0.17035139044044462,shorts_ok
0.058698117996166525,0.054278157246204876,shorts_ok
0.072326808625054,0.08084824456851612,shorts_ok
0.06985833446389299,0.11930554851201244,shorts_ok
0.008972134578020631,0.9558978555786143,shorts_ok
0.0015746290307096984,0.26927883959482257,shorts_ok
0.11322908079509375,0.24548423849121387,shorts_ok
0.11234714411057632,0.2676589893982677,shorts_ok
0.035805367821747924,0.4619036421840162,shorts_ok
0.10505234734835435,0.24632878579722653,shorts_ok
0.01959957340931484,0.1949033360325726,shorts_ok
0.09004539488023526,0.14075346256689494,shorts_ok
0.13785592615159192,0.4351064918281409,shorts_ok
0.03197219571357229,0.3877069531363787,shorts_ok
0.10493589694714787,0.2089220066368482,shorts_ok
0.07851701837744271,0.14031688309105225,shorts_ok
0.07727180992407134,0.1780378652045128,shorts_ok
0.08824139363882333,0.11870652499260015,shorts_ok
0.08147040117174446,0.22315161203493333,shorts_ok
0.1692015175590616,0.6555950850309155,shorts_ok
0.13468652307098167,0.34196029246674575,shorts_ok
0.14515653215607033,0.5378376372723498,shorts_ok
0.1354364899934974,0.34415493545747267,shorts_ok
0.47441170831399404,1.4825906763956789,shorts_ok
0.06929975832498501,0.09401332713464368,shorts_ok
0.09613835252606465,0.1687478900063283,shorts_ok
0.35767249856445116,1.6216743278702097,shorts_ok
0.06953322655762242,0.07444961776313697,shorts_ok
-0.07029627486612189,0.4067931835978898,shorts_ok
0.10936680423825282,0.21727008484727808,shorts_ok
0.08249543055008002,0.15457531651988443,shorts_ok
0.19650452832146637,0.8328561122973939,shorts_ok
0.10739264579242282,0.2004032967569578,shorts_ok
0.06601839799462161,0.18470462850506356,shorts_ok
0.08525778734462224,0.16887016492892015,shorts_ok
0.08303733600009437,0.20913959897184814,shorts_ok
0.08182045497930075,0.18657059796036096,shorts_ok
0.09544125203836028,0.15162733998476738,shorts_ok
0.06342848689790317,0.12085322804467714,shorts_ok
0.21357478125724352,0.5702884478793544,shorts_ok
0.06546114843902168,0.09789707085375614,shorts_ok
0.05257483322241704,0.13368252167997197,shorts_ok
0.07893568444588898,0.16282277745304086,shorts_ok
0.03867447783647859,0.28021790353721293,shorts_ok
0.095354438460668,0.15651422106655455,shorts_ok
1.1497130296658067,8.07030953759004,shorts_ok
0.07058503372259832,0.1986599816057488,shorts_ok
0.0924412717866786,0.16497857249004996,shorts_ok
0.14789306920609985,0.335629355732651,shorts_ok
0.08365241070873293,0.2800909248775314,shorts_ok
0.04639365485189208,0.07214787257034809,shorts_ok
0.03249196815940956,0.335673889339931,shorts_ok
0.06831854244722907,0.25075167248478175,shorts_ok
0.06036767639747293,0.07233080487844452,shorts_ok
0.050266950041478436,0.11813383968175849,shorts_ok
-0.18085968996893115,2.489209319610329,shorts_ok
0.07723010788205281,0.09057791298694129,shorts_ok
0.09059941301842435,0.15116449158680045,shorts_ok
0.08928239064956481,0.14476096372059477,shorts_ok
0.08572258810404909,0.18083836368638173,shorts_ok
0.0789653202980584,0.1596646744365,shorts_ok
-0.1991531808191911,0.8025593040260591,shorts_ok
0.0720092856808073,0.1364757940064546,shorts_ok
0.0876322472271678,0.1418135461235806,shorts_ok
-0.02192350465483518,0.3349274127248498,shorts_ok
0.08765073391535161,0.18294612743220284,shorts_ok
0.07072531793485246,0.14551018111681657,shorts_ok
0.11234496899831513,0.4860363705946876,shorts_ok
0.10416973949269948,0.31064033850281375,shorts_ok
0.08413868922423921,0.34051570365254874,shorts_ok
0.0919665889850065,0.25331055672509317,shorts_ok
0.06383517191528827,0.08589684360331051,shorts_ok
0.07803463379849244,0.08691992293379593,shorts_ok
-0.5451545030731874,3.229259926573636,shorts_ok
0.11929089259325393,0.23203222787562877,shorts_ok
0.12474441052723714,0.2905146735563778,shorts_ok
-0.01640732905156709,0.8047207926515071,shorts_ok
-0.644290054717373,2.921452452054257,shorts_ok
0.06291538404004737,0.2516301502539252,shorts_ok
0.025358879376746395,0.44188658672304365,shorts_ok
0.07754030345102716,0.1267739520746699,shorts_ok
0.09365977178980653,0.18718967634442824,shorts_ok
-0.03303713485446981,0.45617927464588265,shorts_ok
0.12177428120881752,0.23923778881694593,shorts_ok
0.0657937484869029,0.13000711130955525,shorts_ok
0.08118255462791574,0.12435961938707515,shorts_ok
0.09942726552278351,0.1620176826124207,shorts_ok
0.05514896159051859,0.14617247971335032,shorts_ok
-0.03764287287785136,0.33219968125746585,shorts_ok
0.06231292221205442,0.20216794612211886,shorts_ok
0.06681584723348284,0.07459692114777716,shorts_ok
0.08547042606456669,0.1291808501975938,shorts_ok
0.02038488665760511,0.7321096307808597,shorts_ok
0.050600781734358995,0.1874647454137607,shorts_ok
0.07597994216315386,0.11652287662035286,shorts_ok
0.08152294607539805,0.12348972744143817,shorts_ok
0.02651465420139309,0.2586506077749509,shorts_ok
0.07575605244286016,0.19919282360013021,shorts_ok
0.21825444320641,0.91882350039177,shorts_ok
0.10456725258013588,0.30087858796738576,shorts_ok
0.06830635891033181,0.0721675388485284,shorts_ok
0.06395854476382545,0.5393893568042138,shorts_ok
0.006436122057277155,0.2591049572103021,shorts_ok
0.03746352882751415,0.12530151551838553,shorts_ok
0.05345675894089917,0.19585948092906239,shorts_ok
0.09422939331061603,0.14611628590336173,shorts_ok
0.06223937429482744,0.12719490781850543,shorts_ok
0.10609434873461168,0.1900292870969419,shorts_ok
0.011932220865212225,0.4304339751589752,shorts_ok
0.11797109421706385,0.5388324494306579,shorts_ok
0.08154126237606639,0.12468456115991677,shorts_ok
0.1043369447858014,0.21773346330955765,shorts_ok
0.08507271081962657,0.14266783359635432,shorts_ok
0.14804586365339814,0.29699403820574194,shorts_ok
0.10472060703351231,0.2522497673278973,shorts_ok
0.06236165391008215,0.32771075307593184,shorts_ok
0.10382015461643365,0.16335245091447606,shorts_ok
0.10561346004134366,0.3020364766025373,shorts_ok
0.09483178389313202,0.18493337203298799,shorts_ok
0.2005490016927378,1.689303341654471,shorts_ok
0.09041768687100012,0.17199383155555867,shorts_ok
0.05586019179855258,0.21080965155277806,shorts_ok
0.0772051809929848,0.0954946620965501,shorts_ok
0.12091546929818184,0.22778420273270936,shorts_ok
0.06279923544682038,0.1472920050492025,shorts_ok
0.1738174552094872,0.5394583147404465,shorts_ok
0.15686096773748215,0.4455429195954444,shorts_ok
0.28307242966421586,1.565449316509346,shorts_ok
0.09546508041595225,0.20724122522340138,shorts_ok
-0.29282885417115334,1.3063468404810763,shorts_ok
0.06661291572454422,0.11533647291251026,shorts_ok
0.04514235501082291,0.08639560466364134,shorts_ok
0.12316232714017183,0.2514204579999154,shorts_ok
0.15135373546806305,0.5268980356852374,shorts_ok
0.061084204511359756,0.20354367382433897,shorts_ok
0.09109838272094692,0.1493366108931212,shorts_ok
0.3650273168955015,0.9791202706836124,shorts_ok
0.09347587380622506,0.1439450371789541,shorts_ok
0.041083109924949825,0.17800645796802858,shorts_ok
0.06269934332573728,0.15412086600278718,shorts_ok
0.05400104443783755,0.06997947913185809,shorts_ok
0.06931999998598133,0.6849685202716265,shorts_ok
0.06950103692807151,0.1245999382092902,shorts_ok
0.09468256792093584,0.16569843696379344,shorts_ok
0.12784940295991115,0.28551046686455306,shorts_ok
0.031199253029161503,0.23189646903024355,shorts_ok
0.07480051401656126,0.09574966924701067,shorts_ok
0.11210091504856955,0.23615091727492105,shorts_ok
-0.05000160580470534,0.370943388007791,shorts_ok
0.04326899453193635,0.12133996074282263,shorts_ok
0.08269269079385325,0.1337885988983897,shorts_ok
0.051566685391945956,0.22847829400241773,shorts_ok
-0.006459398619129046,1.2064774839280115,shorts_ok
0.08532489280599333,0.1268163232856542,shorts_ok
0.08966260098251724,0.17216715524029647,shorts_ok
0.08002537098676639,0.2869635017304782,shorts_ok
0.05582646130967996,0.21794696648655018,shorts_ok
0.08304394978107442,0.13709582583211413,shorts_ok
0.0902214022087572,0.21489681516012593,shorts_ok
0.08444675250766272,0.18678006981165016,shorts_ok
0.04795816563738921,0.18509157726535344,shorts_ok
0.047080830642909514,0.14674273647730157,shorts_ok
0.05086479555572432,0.1968060788111618,shorts_ok
0.10999971970702165,0.8359786737868787,shorts_ok
0.10089806167494125,0.16436540246814993,shorts_ok
0.09741429908022681,0.3298068314547334,shorts_ok
0.07600457463941188,0.19216669271511877,shorts_ok
0.12096518730995243,0.3256114516782859,shorts_ok
0.05824303144226486,0.27955822372273303,shorts_ok
0.08025847242578679,0.5395727227902763,shorts_ok
0.241155125445585,1.4266643876105152,shorts_ok
-0.022921559243551222,0.3971092079900643,shorts_ok
0.07086878181754797,0.07987477875540538,shorts_ok
0.05806373655259629,1.5303009847267952,shorts_ok
0.08319620989789277,0.12214384158507346,shorts_ok
0.09169551510056985,0.14452663784664205,shorts_ok
0.08370220099304321,0.17354808807708363,shorts_ok
0.1782609735679895,0.5518462150843494,shorts_ok
0.07607961850792659,0.5170457570645711,shorts_ok
0.12346656899959234,0.5022881740640225,shorts_ok
0.08516610728680105,0.43941504204129783,shorts_ok
0.11146168921991279,0.3122204960343175,shorts_ok
0.5030549873768111,1.7329644041905223,shorts_ok
0.08448981486855878,0.11590029513289453,shorts_ok
0.08125259554884662,0.2608044147204061,shorts_ok
1.3213314155930402,10.037189690417817,shorts_ok
0.0533637097352746,0.11115381568664731,shorts_ok
-0.12188752625895756,0.9258875563540163,shorts_ok
0.09378875008576879,0.14295292417520483,shorts_ok
0.06259906947135344,0.0785686079138791,shorts_ok
-0.637006904425537,3.4454432340299816,shorts_ok
0.0038584471581769374,0.6273115826893325,shorts_ok
0.1730267513470942,0.6026060773355373,shorts_ok
0.07553668261543273,0.08510067932944715,shorts_ok
0.08144180470590213,0.11809794568749449,shorts_ok
0.05331558163967144,0.10070116858898226,shorts_ok
0.09417698632320043,0.16963946853670014,shorts_ok
0.06644316578990238,0.08122455715596774,shorts_ok
0.12480937990408608,0.3020992977920229,shorts_ok
-0.06956954292753015,0.5526874677865569,shorts_ok
0.35047132209075577,1.2874711226004536,shorts_ok
0.10259888973496059,0.4137467853577536,shorts_ok
0.2801284156795912,0.9134119612275867,shorts_ok
0.04758381003726625,0.29741291161464617,shorts_ok
0.09080598743536977,0.13740146650672022,shorts_ok
0.09828508183677113,0.19892969913423908,shorts_ok
0.08508323790699214,0.14433309937485184,shorts_ok
0.08364150968699721,0.22823570014837527,shorts_ok
0.12013782663215822,0.21823855450131413,shorts_ok
0.0828228263901535,0.1347001123657143,shorts_ok
-0.07274588117378726,0.4513126925984107,shorts_ok
0.07787843030799518,0.17211660972530338,shorts_ok
0.06267846734322181,0.3002054321549237,shorts_ok
0.15415523445155618,0.3317350109526536,shorts_ok
0.11096507613172536,0.6410337869624583,shorts_ok
0.045806762161992746,0.18818537471592825,shorts_ok
0.09468441233029787,0.17778606682412496,shorts_ok
0.22579696369302707,1.7245954414385032,shorts_ok
0.034227476560905926,0.19228833851297344,shorts_ok
0.08173878860497734,0.20614827333963479,shorts_ok
0.07806272088313174,0.12115783442155956,shorts_ok
0.08034382800464891,0.1759625643157643,shorts_ok
0.09181646288280453,0.21575721790019098,shorts_ok
0.14627251289578372,0.36594234496263833,shorts_ok
0.2140045436667717,0.5622044888280333,shorts_ok
0.03978730921445079,0.15477143369292695,shorts_ok
0.09958549213722853,0.16894982407447615,shorts_ok
0.2964831878263759,1.1198430524111669,shorts_ok
0.6430589776766376,2.391328098369035,shorts_ok
0.07829918042741421,0.24495152893004585,shorts_ok
0.11063291375546894,0.18640666285602106,shorts_ok
0.09740551954540988,0.21946847736150632,shorts_ok
0.08707412051530998,0.17780113354243773,shorts_ok
0.1291847736205214,0.26050591229824355,shorts_ok
0.084528671632091,0.13908229052312807,shorts_ok
0.09613122701624613,0.187184420313137,shorts_ok
0.0539853925645026,0.0895309987527513,shorts_ok
0.0914090605358479,0.15531454276625936,shorts_ok
-0.17928097287024086,1.1877513752382824,shorts_ok
0.21479287205695116,0.7090209075861177,shorts_ok
0.06655753321154495,0.07773466972497352,shorts_ok
0.08183592496413872,0.12303359431964792,shorts_ok
0.12209622534484425,0.6486917233054564,shorts_ok
0.24739561353507844,0.9891366002034604,shorts_ok
0.0979579267633844,0.1631478506443264,shorts_ok
0.08541713641023566,0.14670911014855129,shorts_ok
-0.4311504302965309,6.688300829786546,shorts_ok
0.09874170119055913,0.23258428434397377,shorts_ok
0.005654558145031215,0.22222921337158255,shorts_ok
0.10267969843663202,0.2584221893639505,shorts_ok
0.07422898896181349,0.12501985206692262,shorts_ok
0.09499148071084348,0.167002489073534,shorts_ok
0.013563279041320571,0.456496326440739,shorts_ok
0.11802666616840404,0.23256277596766817,shorts_ok
0.06539316225031168,3.99365121728442,shorts_ok
0.07896529979789944,0.10981825484649801,shorts_ok
0.044081076222530685,1.3107803301314456,shorts_ok
0.09836193017532344,0.26010782575765795,shorts_ok
0.11720091275056478,0.3004905311274625,shorts_ok
0.02021105067249141,0.12184701133190268,shorts_ok
0.09028729273247846,0.16200719673455563,shorts_ok
0.1101285958846424,0.30701114131904905,shorts_ok
-0.02007559486018323,0.5881504751226981,shorts_ok
0.09783708610129681,0.21579622690302006,shorts_ok
0.058853313796774304,0.308195906157772,shorts_ok
0.03722842585813128,0.2451675683005176,shorts_ok
0.08883432717483744,0.1628403730068027,shorts_ok
0.09439421694233775,0.15923908142657253,shorts_ok
0.08670343986382358,1.1007134709815183,shorts_ok
0.19266707795825624,0.7681929842703848,shorts_ok
0.11592689426883097,0.24318631240704264,shorts_ok
0.1027615168296672,0.20971186705174746,shorts_ok
0.07669534092893848,0.16993526929206137,shorts_ok
0.11452885134337838,0.21642211985781185,shorts_ok
0.08443715148541914,0.12865066552004206,shorts_ok
0.01494179589756198,1.599969837070492,shorts_ok
0.03518681370381724,0.11229442417121359,shorts_ok
-1.0032312860702042,5.225508521688426,shorts_ok
0.12628696522882588,0.2751637191544648,shorts_ok
0.15780895318815144,0.44573447324528753,shorts_ok
0.06620501876770768,0.09586939401921334,shorts_ok
0.33271019059762047,0.894511214407994,shorts_ok
0.0026545071447003923,0.2850966148310065,shorts_ok
0.23843263361040237,1.0815308167826085,shorts_ok
0.0936783393797016,0.1816830990229822,shorts_ok
0.03720472787695861,0.08628582262907249,shorts_ok
-0.5884981384221641,2.562411770492796,shorts_ok
0.065005169236457,0.10957401462244235,shorts_ok
0.09740759140920664,0.2376008838444246,shorts_ok
0.21610374657630493,0.8358365317769049,shorts_ok
0.08705110054704744,0.22969122302147374,shorts_ok
0.2239463851275547,0.6403380920500402,shorts_ok
0.056596151554016344,0.21785687044689528,shorts_ok
0.11194378818488376,0.22428841925130963,shorts_ok
0.19437597931736622,1.4938484550237294,shorts_ok
0.10801876423428743,0.20293862670241375,shorts_ok
0.08126060206945021,0.12851261494772742,shorts_ok
0.09274850297797296,0.15278668092363837,shorts_ok
0.16435911306894582,1.0121161903711127,shorts_ok
0.11386383111345974,0.5965588776775591,shorts_ok
0.2936265748166371,0.9120335849121421,shorts_ok
-0.029179616922045414,0.5581496836683529,shorts_ok
0.0771295682513663,0.5027611138262246,shorts_ok
0.059358467187502865,0.2276315307128214,shorts_ok
0.09321673086225594,0.19431902495295378,shorts_ok
0.059624180960930355,0.26956213727754413,shorts_ok
0.0528761035390867,0.11645283109004013,shorts_ok
0.10266973963722144,0.19275244593640045,shorts_ok
0.07649586088201617,0.1446234835461822,shorts_ok
0.06729816192730897,0.13309514193369432,shorts_ok
0.0951826139264043,0.17830606409262004,shorts_ok
2.974961658669864,16.86825659554382,shorts_ok
-0.2135144483811789,1.3275500497139654,shorts_ok
0.0829205795550158,0.2883272580708627,shorts_ok
0.0812848677285207,0.15970065214982737,shorts_ok
0.07604413035590235,0.13362100207640806,shorts_ok
0.09515103139845513,0.20678399139879344,shorts_ok
0.0737985921318788,0.13110702026627488,shorts_ok
0.09133757460061487,0.12714538295627162,shorts_ok
0.2434787117062935,1.1394563481917699,shorts_ok
0.07988735531145724,0.22440768875100656,shorts_ok
0.07492987967043495,0.11115734062172548,shorts_ok
0.15316384618043347,0.32326344511491883,shorts_ok
-0.9778162204058994,5.804828592314834,shorts_ok
0.07373075535896627,0.13644966765074226,shorts_ok
0.019194930831557443,0.1741529516748695,shorts_ok
0.06792543951531532,0.13762315330510472,shorts_ok
0.40324203315101526,1.4476158124279601,shorts_ok
0.08390818855693212,0.24123821750837957,shorts_ok
0.06844082309089272,0.07593435005386454,shorts_ok
0.0903230218477845,0.19123438862559147,shorts_ok
0.14200764121562678,0.27887987530758485,shorts_ok
0.07867193317015454,0.12726827499429125,shorts_ok
0.14192945751465233,0.5123674208024771,shorts_ok
0.12245868229605976,0.26672890116966325,shorts_ok
0.1509574884108419,0.5447035188019231,shorts_ok
0.2274870628739949,0.7569497519616168,shorts_ok
-0.5093856813261708,2.362081718574285,shorts_ok
0.03728108164320467,0.12796206291524248,shorts_ok
0.11439401424615588,0.24058945624205955,shorts_ok
0.021709088147119956,0.21225978573030016,shorts_ok
0.07614014727193588,0.35424545511546557,shorts_ok
0.05091580012607651,0.12985539700714369,shorts_ok
0.0892095319069971,0.14287737589558405,shorts_ok
0.06409568796488857,0.1357667456487184,shorts_ok
0.19054493798508074,0.47390978400583045,shorts_ok
0.13075601931617772,1.276124360836658,shorts_ok
0.07780359853331777,0.1341651636951542,shorts_ok
0.09495171953578946,0.18933563094274206,shorts_ok
0.10673842153044745,0.20496620089453432,shorts_ok
0.06329487817337054,0.08310713477301045,shorts_ok
0.15568227742533097,0.39801178647740026,shorts_ok
0.07655272727912572,0.11248230606932016,shorts_ok
3.661376785631305,14.49436289614915,shorts_ok
0.13347540945919908,0.3462793962372897,shorts_ok
0.10956564878604586,0.22106670123725267,shorts_ok
0.07388398157778882,0.08398237670952166,shorts_ok
0.13203082386765616,2.9368733294277383,shorts_ok
0.07633459534696341,0.12420557950028195,shorts_ok
0.07390842649716557,0.14655023972595765,shorts_ok
0.07946877453791001,0.11532128981109542,shorts_ok
0.048591352398068575,0.12192208353342403,shorts_ok
0.16673461862766334,0.6878891780908476,shorts_ok
0.08959310303612869,0.13385718943886704,shorts_ok
0.0731105174400387,0.16305840538154737,shorts_ok
0.10921699217114995,0.4815583288668909,shorts_ok
0.09080016242444872,0.20943020463475567,shorts_ok
0.09164257233888887,0.15446807056505507,shorts_ok
0.08075669277716703,0.17815108921095216,shorts_ok
0.12603202814060813,0.2709511529761083,shorts_ok
-0.3068588231036544,20.64933646627674,shorts_ok
0.07307596355546295,0.07450682035797769,shorts_ok
-0.09991156177535267,0.7110385735249021,shorts_ok
0.07966396010222504,0.2458787279074722,shorts_ok
0.05517571588193968,0.11270142247623126,shorts_ok
0.11343686765693894,0.547249038610727,shorts_ok
0.1162675511333447,0.22375427417450597,shorts_ok
0.07540021537472213,0.10499318229854183,shorts_ok
0.09121227619694819,0.16494029483137548,shorts_ok
0.055956623840586604,0.10944335436657004,shorts_ok
0.022349533988711978,0.14383458387452794,shorts_ok
0.1105297360204862,0.18659130704641083,shorts_ok
0.07741197322921181,0.121943723036128,shorts_ok
0.1713629025316428,0.5145228768616947,shorts_ok
0.08590478731370017,0.12668659496753212,shorts_ok
0.06161781533937394,0.14340598241377053,shorts_ok
0.006563230705536873,0.25766126285444857,shorts_ok
0.1141755075216436,0.25362591687552605,shorts_ok
0.1049015614090163,0.18353723440418113,shorts_ok
0.12020999005176426,0.3306904669256399,shorts_ok
0.09249853443969924,0.1842421998088698,shorts_ok
0.14567107500423923,0.32074363348866475,shorts_ok
0.05585064802777195,0.5847285012791881,shorts_ok
0.10631381830193812,0.20866023677189532,shorts_ok
0.09473267250186515,0.18161301725384899,shorts_ok
0.11907853560386178,0.6976239954912877,shorts_ok
-0.030799144296618383,0.7085364525645181,shorts_ok
0.07054096599221674,0.09101407864650136,shorts_ok
0.10063956498580978,0.24611350996170706,shorts_ok
0.2636903338185154,1.106015797824467,shorts_ok
0.07873940845635934,0.09221407715458184,shorts_ok
0.2469340384043359,0.6227055819159839,shorts_ok
-0.06940402275086946,0.4562027842081922,shorts_ok
0.0183825575426297,0.13173376310271884,shorts_ok
0.04095159899961305,0.07593531989829008,shorts_ok
0.044480344447426795,0.3365075083454503,shorts_ok
0.08465341367150243,0.17414228033125048,shorts_ok
0.066086921511395,0.1094878676132129,shorts_ok
0.06713849068717272,0.10847536316061276,shorts_ok
0.07283117043948908,0.08946782812983349,shorts_ok
0.0841469737491182,0.11917633419181281,shorts_ok
0.05309921243139243,0.05883851040181997,shorts_ok
0.08742748086248486,0.15122900856365304,shorts_ok
0.0775781937749678,0.11859241996775742,shorts_ok
0.10816247220022762,0.23871311085863378,shorts_ok
0.03398514947682896,0.720922882412065,shorts_ok
-0.34522985522218375,1.7220569554470413,shorts_ok
0.08259928938751877,0.12908796521929186,shorts_ok
0.05157304502572282,0.17070431360880894,shorts_ok
0.08336875863390605,0.2059276157791838,shorts_ok
0.08480297734562442,0.14358171444599763,shorts_ok
0.05640462786954052,0.15763542261272404,shorts_ok
0.0967296273889198,0.16813422190316435,shorts_ok
0.24517995387554817,0.9454443938293554,shorts_ok
0.06674744205835463,0.14652917096365514,shorts_ok
0.08444280626122279,0.19801585623969267,shorts_ok
0.17302078638969184,0.4664595978809773,shorts_ok
0.03192225692119171,0.1247888336585482,shorts_ok
0.04177516119690287,0.1044101723915106,shorts_ok
0.0823189300754853,0.18620596150235952,shorts_ok
0.13154217123503004,0.33771233616372504,shorts_ok
0.07676852127071485,0.14995559439171727,shorts_ok
0.19559422152553738,0.7040741817264635,shorts_ok
0.12723199651142206,0.29340794497546424,shorts_ok
0.1525775131710846,0.47021531608298767,shorts_ok
0.04022635668632981,0.11005791996163512,shorts_ok
0.13588445140745664,0.33456693815279404,shorts_ok
0.05000502228070707,0.590065678646496,shorts_ok
0.12385204130427828,0.2617630712428376,shorts_ok
0.0020456346298522794,0.2536006162966863,shorts_ok
0.6674242459827752,6.326210333141044,shorts_ok
0.10781799059739255,0.25578442939862756,shorts_ok
0.1666662647868369,0.5995117038912772,shorts_ok
0.10945200495491074,0.21913695513462697,shorts_ok
0.08746440102593395,0.15456467759979647,shorts_ok
0.7304929335468662,5.545838756054176,shorts_ok
0.06498714620276463,0.20206264585851927,shorts_ok
0.07727821744158324,0.19786062707322316,shorts_ok
0.08136884347219926,0.28787702998869413,shorts_ok
0.07262078790727773,0.20626922053381727,shorts_ok
0.08827303775918544,0.14177290861562303,shorts_ok
0.061185164566777986,0.18724700412104855,shorts_ok
0.05220733520044578,0.5578134655688974,shorts_ok
0.07203698612952603,0.13240382024511724,shorts_ok
0.09098253871092377,0.13262597922313726,shorts_ok
0.15177069654303096,0.4005771606021811,shorts_ok
0.1293768535558915,0.2453811209722013,shorts_ok
0.08373159374745578,0.17908241895168364,shorts_ok
-2.974546874616397,27.039422048969076,shorts_ok
0.08281221190800424,0.10582439241796678,shorts_ok
0.03367136307200657,0.09425293608421823,shorts_ok
0.0616103255877415,0.07945517183242572,shorts_ok
0.1418465009033851,0.32828574120623416,shorts_ok
0.05475120000908108,0.18426184077254298,shorts_ok
0.0799307206844022,0.1289085394069358,shorts_ok
-0.0004626766297891548,0.3623632166692262,shorts_ok
0.048962907070802655,0.19927483824526995,shorts_ok
0.038403699234596085,0.12592758978489893,shorts_ok
0.056620693402889784,0.2879034725319184,shorts_ok
0.042064724824286075,0.10056914076126719,shorts_ok
0.023016112640837458,0.16279387210144247,shorts_ok
0.11325174816555318,0.28891244380678827,shorts_ok
-0.024828537608941076,0.3806322983525338,shorts_ok
0.12292445329691767,0.5275078126802704,shorts_ok
0.060348812473534075,0.059027574428099944,shorts_ok
0.13716178781791677,0.3008214865361384,shorts_ok
0.08797878175706712,0.34148202327772254,shorts_ok
0.02053234937850221,0.24612770474740717,shorts_ok
0.042723607085890875,0.1343968420938148,shorts_ok
0.011383091305320808,0.15571688210445458,shorts_ok
0.013276994578628793,0.2974165978172615,shorts_ok
0.09144687672335718,0.23047396956518082,shorts_ok
0.020596905023998767,0.5764388773264844,shorts_ok
0.07192605114582044,0.22023645034545428,shorts_ok
0.13572374505554893,0.4417928803914856,shorts_ok
0.18411268189357913,0.4724568234068171,shorts_ok
0.21505617833161303,0.5407545352756584,shorts_ok
0.08376708245455305,0.14503139692544842,shorts_ok
0.08039573026400695,0.14168769730177563,shorts_ok
0.07570470740664217,0.09265104233371159,shorts_ok
0.14628925433768508,0.32118110891811064,shorts_ok
0.1433186129833583,0.8148776953962186,shorts_ok
0.09595453949422432,0.19108575762360022,shorts_ok
0.06359876591763038,0.20801843396316017,shorts_ok
0.0281653503329823,0.1570814972579818,shorts_ok
0.06402230164084821,0.22439105313548213,shorts_ok
0.08208489772522615,0.1149862650121002,shorts_ok
0.10980643539603005,0.3732561215254525,shorts_ok
0.1096047086080825,0.4100007044187628,shorts_ok
0.8255671195099061,3.040904513779093,shorts_ok
0.09504960213177897,0.2455288305151364,shorts_ok
0.09557841624023562,0.26863438850675253,shorts_ok
0.06681349576626419,0.0910661400193992,shorts_ok
0.033320464282005254,0.2900785971792114,shorts_ok
0.039787420961872856,0.13902137600364134,shorts_ok
0.07826464477394149,0.1164297412546078,shorts_ok
0.16638940667303545,0.3926600479248278,shorts_ok
0.15931982883321671,0.732083540383506,shorts_ok
0.08150347018538243,0.1198771230318797,shorts_ok
0.05907851243778166,0.16493075980968516,shorts_ok
-7.003345991890211,30.62976028220826,shorts_ok
0.05035188265177079,0.12150315316738872,shorts_ok
0.15920347285305522,0.41619793509604264,shorts_ok
0.12337499301059654,0.27062883107691627,shorts_ok
0.08972278396887277,0.16564899760563265,shorts_ok
0.10498456631197929,0.21501777200466718,shorts_ok
0.028878911016072952,0.10690210127430472,shorts_ok
0.08398771937350143,0.10995372954710299,shorts_ok
0.05523980057205534,0.12894986973314035,shorts_ok
0.09283627318692879,0.1479294656463669,shorts_ok
0.28740384242147976,0.9171625175007632,shorts_ok
0.190527720381658,0.5713709717899892,shorts_ok
0.038052020738592644,0.3431740508606415,shorts_ok
0.05823189845511372,0.07195894353049502,shorts_ok
4.410325886145039,20.221341434288917,shorts_ok
0.12638515349200702,0.25485563243216725,shorts_ok
0.06132288883387126,0.1439258816361668,shorts_ok
0.09086418603063427,0.3594858372933097,shorts_ok
-0.021842946605427373,0.6122132984567124,shorts_ok
0.08626345191744413,0.14530848335947794,shorts_ok
0.08474304857005803,0.3822486632719401,shorts_ok
0.11936021267824262,0.35720000448454486,shorts_ok
-0.0933658220451568,0.5925841724751043,shorts_ok
0.08925920583125833,0.17775205296926708,shorts_ok
0.06269645691653507,0.08914675764058357,shorts_ok
1.1950699014207515,6.454648520984878,shorts_ok
0.05633297604251931,0.17902002570440784,shorts_ok
0.10689154994766074,0.4253090903404055,shorts_ok
0.12287007091291935,0.4915175934235305,shorts_ok
0.08678380795829997,0.16376816347224268,shorts_ok
0.06949048654619468,0.07352166745545086,shorts_ok
0.07620027749386343,0.10095121656297396,shorts_ok
0.09715804450645782,0.24435902581758948,shorts_ok
0.01939774372169851,0.42136959173709754,shorts_ok
0.11411333243213387,0.1981599374516318,shorts_ok
0.09081250893285855,0.14308889448361226,shorts_ok
0.09301484920122585,0.177147828469436,shorts_ok
0.041217887221417726,0.15720967865245858,shorts_ok
0.10001370555229014,0.23943318134981437,shorts_ok
0.05433802887587312,0.08082756097027252,shorts_ok
0.09539484441593078,0.35751656003604376,shorts_ok
0.07713900998065029,0.17921423127585795,shorts_ok
0.32342454416077515,2.290940197090453,shorts_ok
0.08930778630349628,0.13206693226260752,shorts_ok
0.06263863945202708,0.10713124078481512,shorts_ok
-0.31567419325481605,5.597646938284807,shorts_ok
0.04387916240323385,0.07837343309489157,shorts_ok
0.08192051067627601,0.38147710713438965,shorts_ok
0.09257880670971665,0.1431279887975835,shorts_ok
-0.11789521431120376,0.5577517889362958,shorts_ok
0.06174345286500001,0.15477706536349178,shorts_ok
0.06625297526109439,0.2630439294673357,shorts_ok
0.059396616967948554,0.09383982019579866,shorts_ok
0.08809923783558508,0.22014795100045792,shorts_ok
0.08804150707926237,0.17260957338450275,shorts_ok
0.1156052986974995,0.21502391865635778,shorts_ok
0.07323649179846407,0.10722366196648775,shorts_ok
0.07669514140400198,0.14142382663843153,shorts_ok
0.08416156323845646,0.11395548311445447,shorts_ok
0.08553816653448207,0.1444073099144253,shorts_ok
0.13110927255580615,0.24982611632279783,shorts_ok
0.08464472735446663,0.20230580771520013,shorts_ok
-0.0228295266895418,0.35112416642379973,shorts_ok
0.24033328252980227,0.670757459774324,shorts_ok
0.1067854833954368,0.184838378878762,shorts_ok
0.03349136650624757,0.48730814467259403,shorts_ok
-0.00018032149050333212,0.21159331250985822,shorts_ok
0.10267477220133589,0.16929912502946434,shorts_ok
0.0945817102201342,0.23597287917696713,shorts_ok
0.07124950846882677,0.10464751755938848,shorts_ok
0.10626092726464428,0.23606587177558225,shorts_ok
0.163012275730705,0.5272376049403087,shorts_ok
0.10698197149715372,0.5086423102010149,shorts_ok
0.10719465508429993,0.24133478542104791,shorts_ok
0.10948468473837243,0.3690679710436956,shorts_ok
0.0008685997365322607,0.4842114258094267,shorts_ok
0.09614466130770827,0.3391324174878994,shorts_ok
0.05282693224728501,0.17722634533687348,shorts_ok
0.08776876355538246,0.14184900848315796,shorts_ok
0.07750442292432881,0.0975669959325319,shorts_ok
0.07656183166293874,0.08841981059135584,shorts_ok
0.06983803321802273,0.11003909243073794,shorts_ok
1.020960391112511,4.661228517580781,shorts_ok
0.11047774173865443,0.2301715391099388,shorts_ok
0.20025708744135257,0.7846728603180907,shorts_ok
0.0961547454142017,0.23236797699694006,shorts_ok
0.16326012437731524,0.351069269899463,shorts_ok
0.10762606944324953,0.2559062923108215,shorts_ok
0.09348796329364871,0.15983391911058883,shorts_ok
0.08624069823757378,0.19331752761420729,shorts_ok
-0.10815805642585402,1.4615875961343,shorts_ok
0.10890666494685886,0.20773694885433572,shorts_ok
0.06933802049670368,0.15733212829264037,shorts_ok
0.06407080435462773,0.4580875208927447,shorts_ok
0.07788234520755334,0.13485048372496924,shorts_ok
-0.790432750659229,6.529882053655857,shorts_ok
0.07975505808453486,0.16882111567253846,shorts_ok
0.06869990743878251,0.09829443317534481,shorts_ok
0.09674076875802856,0.2694405321823844,shorts_ok
0.0984327145313671,0.19328646411551917,shorts_ok
0.10204446770297218,0.17800817565454613,shorts_ok
0.07305029071578002,0.13651794188902278,shorts_ok
0.0645780261717223,0.06989508574688098,shorts_ok
0.11676909043470035,0.28479756062027944,shorts_ok
0.06183980452837944,0.09519277477527831,shorts_ok
0.019326188900487207,0.29752551943144123,shorts_ok
0.16887418850184366,0.9339815817180162,shorts_ok
-0.009636952435723755,0.2491250129692483,shorts_ok
-0.14390566391000398,1.324998302146944,shorts_ok
0.06168143035094156,0.054990186333029344,shorts_ok
0.06609605250082816,0.18969463286260688,shorts_ok
0.06661614297880622,0.1694238669249341,shorts_ok
-0.14537345243375646,0.6944011879033337,shorts_ok
-6.5611452262186,33.86563372149696,shorts_ok
0.1251238122390959,0.2698794043007659,shorts_ok
-0.2961662552768556,2.0079901680207515,shorts_ok
0.19687258453352077,0.5096540060073055,shorts_ok
0.07683482888447049,0.25258283075366433,shorts_ok
0.09877773754153664,0.21493192249055484,shorts_ok
3.480318598582724,13.275572514230582,shorts_ok
0.053886364507883554,0.08000004913933925,shorts_ok
0.0643939269030427,0.13774250247288497,shorts_ok
0.11104079479131601,0.20114159275412133,shorts_ok
0.027660681433797168,0.24038660505336337,shorts_ok
0.08517021376727346,0.13624656871511934,shorts_ok
0.06582629623267157,0.2893214239876026,shorts_ok
0.059335173728877956,0.05542712658549429,shorts_ok
0.06720904337640246,0.08084941737850969,shorts_ok
0.12861007233970176,0.3095663419808657,shorts_ok
0.47082125268566233,2.1135917602190784,shorts_ok
0.040966324817588204,0.31094467740363824,shorts_ok
0.09266538755535403,0.12903300175379578,shorts_ok
0.04905330919579619,0.32200364930638753,shorts_ok
0.07403518941278368,0.08969313167105522,shorts_ok
0.006241843982047868,0.19228778552259754,shorts_ok
0.10208069101445043,0.23896650868423294,shorts_ok
0.05353838757231801,0.10716587863485386,shorts_ok
0.08653866007912614,1.1156742294674467,shorts_ok
-0.007450720590577303,0.3635947792615042,shorts_ok
0.1260333790137775,0.4490970067560954,shorts_ok
0.06438851151785582,0.17822988398800793,shorts_ok
0.0837054103085989,0.14417722599127286,shorts_ok
0.06380015544413226,0.07920660827248252,shorts_ok
0.052277998291218514,0.22040806986892603,shorts_ok
0.07443835278362007,0.12277308739406953,shorts_ok
0.07520997860238897,0.18412726274827002,shorts_ok
-0.016938178544589448,0.3471224782855975,shorts_ok
0.09137294641980606,0.17208497072242257,shorts_ok
0.08519576631306633,0.13161556055828488,shorts_ok
0.10582543337951733,0.5188795186695672,shorts_ok
0.055307558133403746,0.08262910509037809,shorts_ok
0.027894657966521585,0.2597258331949348,shorts_ok
0.08707181091746911,0.15356030512872126,shorts_ok
0.26567737424948934,1.8272691601261806,shorts_ok
0.1794369013374023,0.5751158448399424,shorts_ok
0.10076875056742628,0.23294042834359938,shorts_ok
0.08477264412930481,0.1356614001339521,shorts_ok
0.11003247039015766,0.20769063373205157,shorts_ok
0.08535530460277072,0.1406144864964707,shorts_ok
0.20145946444124413,1.1655734298015639,shorts_ok
0.09482108233678084,0.14068803310785843,shorts_ok
0.13113560983820494,0.48455329832259836,shorts_ok
0.09155275755211406,0.15687938121468062,shorts_ok
0.08643842208623274,0.15422152642036724,shorts_ok
0.05565947332916331,0.5698607559908101,shorts_ok
0.017156865635461434,0.25727777140789027,shorts_ok
0.08807030667561042,0.1267246405626546,shorts_ok
0.08858663706284153,0.17309831585118146,shorts_ok
0.05021052726470849,0.30762065010754525,shorts_ok
0.07919707628650094,0.11319335725875422,shorts_ok
0.10897056772304786,0.24587978171388694,shorts_ok
0.06438662721839256,0.08485632798810082,shorts_ok
0.05733480960161042,0.11366640247740971,shorts_ok
0.10117529245861061,0.18568714443605125,shorts_ok
0.055702243007829284,0.47552114873059875,shorts_ok
0.029725948158852173,0.22043031879028718,shorts_ok
0.2753022550637621,0.8029251260878626,shorts_ok
0.05547958745020221,0.17546051343482805,shorts_ok
0.07095202613475031,0.11885926633186113,shorts_ok
-0.30039637270530267,1.2128453787914169,shorts_ok
0.07258493193070126,0.11764780162648293,shorts_ok
0.42938080805886825,1.2666535307474085,shorts_ok
3.71056652503075,16.889886761622964,shorts_ok
0.08525930859959066,0.1295032345723186,shorts_ok
0.07670382593524827,0.12387138152551569,shorts_ok
0.09672672326841121,0.27092669489024535,shorts_ok
0.07322959217238932,0.08103052878408407,shorts_ok
0.08932578798847776,0.15507746819240878,shorts_ok
0.09089565716397814,0.12814866189679103,shorts_ok
0.0449136389387076,0.5728538627287879,shorts_ok
0.05441642266867528,0.132160359326578,shorts_ok
0.08906071455050447,0.20591145714799516,shorts_ok
3.874673061076712,16.09414722162371,shorts_ok
0.0933945719065875,0.19641455532639182,shorts_ok
-0.1388861076085297,3.243066607253295,shorts_ok
0.09361499155056943,0.19894772056316087,shorts_ok
0.10357101899150226,0.17350052539177482,shorts_ok
0.05669092249255353,0.13278135395791235,shorts_ok
0.09934739145839515,0.16540535259256203,shorts_ok
0.07629614447117238,0.1342598544942863,shorts_ok
0.0739152148266862,0.11648190964480373,shorts_ok
0.10387806439651938,0.22175902525185853,shorts_ok
0.1004117432182335,1.0725625846107731,shorts_ok
0.24656749181681983,1.6942209869881253,shorts_ok
0.03505745130102972,0.11684983819622383,shorts_ok
0.08580605736300898,0.20720908407043293,shorts_ok
0.11035119982942226,0.32997963698414606,shorts_ok
0.05572068073318359,0.056608252518385645,shorts_ok
0.06242018429930909,0.056343909266133176,shorts_ok
0.07998314303575417,0.14315702419262652,shorts_ok
0.0831586096072943,0.12492957113226297,shorts_ok
0.08349522523923303,0.12254664937194519,shorts_ok
0.12234216440456595,0.3454056090559951,shorts_ok
0.0684593844287299,0.1118622053977298,shorts_ok
0.022387458607394106,0.44209210444200375,shorts_ok
0.09643608758682466,0.1924277822832773,shorts_ok
-0.015914448926388186,0.3036755550980394,shorts_ok
0.1411798480318004,0.4155454668822368,shorts_ok
-0.3122315653830844,1.2264145204763286,shorts_ok
0.07643122845056449,0.1235181070860438,shorts_ok
0.10350216445119281,0.18694499939183873,shorts_ok
0.09319556187738431,0.13935358604892917,shorts_ok
0.14060008932994086,0.6145431174354166,shorts_ok
0.028838081115140298,0.26181046687175547,shorts_ok
0.11056252566845491,0.2075865682646317,shorts_ok
-0.01883281635564935,0.7886390523010709,shorts_ok
0.10043795256575279,0.21218613289917962,shorts_ok
0.08733061612204945,0.23174399843086357,shorts_ok
0.078818222185572,0.19133568787647662,shorts_ok
0.042318668082955126,0.15888092121626893,shorts_ok
0.15310766726699912,0.35189914096419744,shorts_ok
0.12709187498936983,0.2900852821008951,shorts_ok
0.0847258709177296,0.19108374933692016,shorts_ok
0.14854571611935624,0.3762277345784905,shorts_ok
0.2253669122134123,0.5831978044361571,shorts_ok
-0.006680526071713004,0.42006668260226065,shorts_ok
0.03316763555875967,0.33332264983075466,shorts_ok
0.09825546149456431,0.1512234893602079,shorts_ok
0.0751973632749992,0.09037896244872083,shorts_ok
-1.3213555164208093,7.793000879192269,shorts_ok
0.09254873357392776,0.151143031015703,shorts_ok
0.07071004817703247,0.1065040357868193,shorts_ok
0.09544650194256608,0.19406938383312328,shorts_ok
-0.14610375492408276,0.728828440924649,shorts_ok
-0.30631171423373327,1.4519312470751764,shorts_ok
0.13754861459621484,0.761438763121926,shorts_ok
0.0580647888260929,0.0733206959035789,shorts_ok
0.10800840970385925,0.660450603997137,shorts_ok
0.11050284750000917,0.24145360304226215,shorts_ok
0.05172748947625554,0.17007930038856525,shorts_ok
-0.12135812404499187,0.6474274931028586,shorts_ok
0.08168444555053707,0.15832596252478556,shorts_ok
0.07284813662925585,0.10652843584309922,shorts_ok
0.09820231501354376,0.2066284746855524,shorts_ok
0.21731409189359732,0.6745226267816723,shorts_ok
0.09502132712902307,0.19030206001247404,shorts_ok
0.05436933952669821,0.2231201046802984,shorts_ok
0.5215462163178416,2.77860554942461,shorts_ok
0.07224319937696741,0.19038427662824084,shorts_ok
0.07226385795815851,0.14852708143827706,shorts_ok
0.08414481790829424,0.18158388126042216,shorts_ok
0.07626987971794782,0.11868141735342948,shorts_ok
0.10953886050325745,0.4391478524081125,shorts_ok
0.0906839767595905,0.1509329450941512,shorts_ok
0.43133925825922953,3.632892769432031,shorts_ok
0.16912807813002348,0.3600079780873352,shorts_ok
0.06874749302586872,0.0858294348653897,shorts_ok
0.09385104994488895,0.21260933728554116,shorts_ok
0.06370230350523737,0.8479433414125422,shorts_ok
0.12016015543810123,0.3132450187648349,shorts_ok
0.07657080543529401,0.16000380108603304,shorts_ok
0.16050737102304286,0.4720567170835076,shorts_ok
0.09040881871656462,0.20554534734962898,shorts_ok
0.061226759306334394,0.12726785757913384,shorts_ok
0.07887414978159427,0.5152243232160737,shorts_ok
0.09131356950733047,0.18451011595394454,shorts_ok
0.08125982667597832,0.11112637841888662,shorts_ok
0.08899518371673894,0.11879448366196377,shorts_ok
0.10382191602538203,0.17467963807414122,shorts_ok
0.08215183394384731,0.20261520311193568,shorts_ok
0.05486729147346842,0.30507571221723684,shorts_ok
0.11148599838104456,0.18296174774368693,shorts_ok
0.0800437792415145,0.17575330154933197,shorts_ok
0.026815086593133152,0.14802998040894336,shorts_ok
0.09237454886418404,0.44286774117470695,shorts_ok
0.08199712345498712,0.25383999153470715,shorts_ok
0.11465253237790668,0.21958468091690236,shorts_ok
0.3025170150124157,1.1211897624665317,shorts_ok
0.126286694866129,0.30082290979761045,shorts_ok
0.04161884880529471,0.47274087545046306,shorts_ok
0.09210089760550558,0.18284909517301717,shorts_ok
0.2248445282277848,2.2704543253097054,shorts_ok
0.11021733814256005,0.2560298724114648,shorts_ok
0.06473563648228753,0.21503847195096332,shorts_ok
-0.02304572015734065,0.45898004493487377,shorts_ok
-0.09741867508840653,1.7914258414044713,shorts_ok
0.22552967667495558,0.8520168693854914,shorts_ok
0.08022531089796518,0.10321324874895949,shorts_ok
0.07459890873943097,0.09055498180373858,shorts_ok
0.07947132432152522,0.09732625743617301,shorts_ok
0.05858025038522051,0.8280407675392992,shorts_ok
0.06368482986584205,0.09243374361311212,shorts_ok
0.08044767316768248,0.1621310323411279,shorts_ok
0.12326564290613568,0.26934651897101086,shorts_ok
0.010635639408130941,0.5735204181015617,shorts_ok
0.09182494053568187,0.18151292756707083,shorts_ok
0.09882720801941346,0.21722272367285825,shorts_ok
0.05335325508498533,0.10943814757017457,shorts_ok
0.1756506445630777,0.4006162210443598,shorts_ok
0.0774175533847224,0.11367176779568677,shorts_ok
0.07426929602082269,0.19599467452104827,shorts_ok
0.00014385293393433672,0.8733876891340994,shorts_ok
0.07154867830682952,0.15633116127869723,shorts_ok
0.09568903690961973,0.2232073541683993,shorts_ok
3.786125947278305,15.000144021769044,shorts_ok
-0.027810933858343875,0.6372388442805929,shorts_ok
0.08745770721540978,0.13151771274240634,shorts_ok
0.2014210551625816,0.9464978718438238,shorts_ok
-0.49298105596899533,1.9293477416138438,shorts_ok
0.07928039799855341,0.12782043973306084,shorts_ok
0.015301087317298855,0.35972291845082843,shorts_ok
0.08123990078926956,0.1035942593830778,shorts_ok
0.07623421306920213,0.3282302012972619,shorts_ok
0.17129842286315386,0.5032434581966805,shorts_ok
-0.006237794821135859,0.314667863689004,shorts_ok
0.08966466794307708,0.1287704422802141,shorts_ok
0.07128126036039721,0.10175624158352145,shorts_ok
0.10218118595232456,0.5965613108153406,shorts_ok
0.29658152132957905,1.0852019684581622,shorts_ok
0.049708117423913394,0.1431085516731693,shorts_ok
-0.02764011821493843,0.5051612714442576,shorts_ok
0.09033281450436649,0.1506205465900107,shorts_ok
0.03209894803889475,0.21380823520350428,shorts_ok
0.09810981340589833,0.18997446673358948,shorts_ok
0.100681950454266,0.24765789631352966,shorts_ok
0.1087176453104115,0.20395339717947963,shorts_ok
0.07565209112897182,0.09800801498418135,shorts_ok
0.11079883048677358,0.22220155588176305,shorts_ok
0.06781508478009654,0.11156592352835759,shorts_ok
0.08879520113502905,0.11990841288939727,shorts_ok
-0.01626467626834764,0.28932179159576904,shorts_ok
-3.1630897111184773,32.40524385476441,shorts_ok
0.08077206449771794,0.25267616476194577,shorts_ok
0.07490395152809395,0.2901749406291189,shorts_ok
0.08712470930495397,0.1873231730057964,shorts_ok
0.06506723475363826,0.11539991231986452,shorts_ok
0.06931106288171347,0.1490047173584426,shorts_ok
0.8086546143450696,5.03115762654352,shorts_ok
0.052711294888403475,0.2164108815889432,shorts_ok
0.074406052768871,0.11803930633253888,shorts_ok
0.08347335146113995,0.11521248971585875,shorts_ok
0.06965258480211238,0.11880056239444199,shorts_ok
0.03774061808519537,0.637706106902981,shorts_ok
0.06904810980854223,0.08695001901276807,shorts_ok
0.10013847704469486,0.27215390819732455,shorts_ok
0.12565053211959587,0.2434078453864487,shorts_ok
0.0979004719215826,0.15184144943165365,shorts_ok
0.05986241721937041,0.1690104231630449,shorts_ok
0.06520924886599873,0.114525466261806,shorts_ok
0.09241529196457528,0.2715782462402215,shorts_ok
0.10945734152027538,0.29856528997238674,shorts_ok
0.05399906872331454,0.1487101437417715,shorts_ok
0.10226185049736979,0.16132147753105258,shorts_ok
0.11198817252367144,0.24939437283882368,shorts_ok
0.07731428508996568,0.14201510606730575,shorts_ok
0.09599576190013136,0.20122271791231322,shorts_ok
0.06346786598858067,0.39837748797736794,shorts_ok
0.09678078423316377,0.23203733879530836,shorts_ok
0.11828639962427422,0.2113222621707457,shorts_ok
0.10309573221320478,0.17932616970437337,shorts_ok
0.08689873043353484,0.12611374762134875,shorts_ok
0.09089449098079481,0.2451803703246135,shorts_ok
-0.24768978913255932,1.2136526637667837,shorts_ok
1.5904633219389235,7.533564116852887,shorts_ok
0.05759011591452511,0.10193601953458901,shorts_ok
-0.16209863605916294,0.7444301782759135,shorts_ok
0.12687120023002524,0.33904986765176937,shorts_ok
0.13088105410202322,0.6206421377009206,shorts_ok
0.09983058628606015,0.1665280461278198,shorts_ok
0.10564831618296928,0.2148289865204332,shorts_ok
-1.0148556800704633,3.6655895945328014,shorts_ok
0.05765051265349374,0.1522390749590621,shorts_ok
0.09361664051228051,0.1501378455842669,shorts_ok
0.06962126977637086,0.0959998628292483,shorts_ok
-0.022606589153336,0.2581793476995194,shorts_ok
0.0792443345170325,0.1479310953875361,shorts_ok
0.11020867472168057,0.2271587486867413,shorts_ok
0.15947504638857626,0.504594677225009,shorts_ok
0.004977786214276803,0.42993777745668227,shorts_ok
0.011592459181169489,0.23962696255094199,shorts_ok
0.09332593178253062,0.34942411419793196,shorts_ok
-0.040861162845048725,0.8373815762825233,shorts_ok
0.06617362501797634,0.11491289715324285,shorts_ok
0.07767002724329046,0.11073709636987286,shorts_ok
0.025454780620948584,0.42677602649728963,shorts_ok
0.05493244798201093,0.18576645160737423,shorts_ok
0.360279203976089,1.4636374352248451,shorts_ok
0.08919789142078592,0.1710283870110269,shorts_ok
0.10034356837984003,0.3245381928985203,shorts_ok
-0.05008012446712235,0.37153666166134125,shorts_ok
0.0652601328069937,0.0714331854070774,shorts_ok
0.012341608321350265,1.0673610200608032,shorts_ok
0.1241825586638472,0.36424308239224856,shorts_ok
0.07801833723686145,0.1432987476490192,shorts_ok
0.06397026997797083,0.1397135723734588,shorts_ok
0.05819993719248523,0.05049097797052808,shorts_ok
0.01240296188534127,0.3691550073554041,shorts_ok
0.25607199579573175,0.9305145120495999,shorts_ok
0.09498123039458882,0.42768063366991443,shorts_ok
0.8159461707907945,4.854482884160893,shorts_ok
0.28216411500190486,0.8391123144214899,shorts_ok
0.2764700269754864,2.1624737972503696,shorts_ok
0.08765139579864244,0.17688014991297552,shorts_ok
0.09483871723199225,0.22849872647917915,shorts_ok
0.04662012736606419,0.20411037873019774,shorts_ok
0.07329367571266225,0.10857770954262452,shorts_ok
0.1068110527806921,0.19637718984203198,shorts_ok
0.08163375554740206,0.171811508179592,shorts_ok
-0.0131000485894883,0.3340144331600236,shorts_ok
0.07731282994958025,0.09409997088037468,shorts_ok
0.05896696428582726,0.2727151447454428,shorts_ok
0.04658445513020734,0.09103772362082119,shorts_ok
0.1134323376313973,0.21727020331534194,shorts_ok
0.09137676228023849,0.15339638907585104,shorts_ok
0.0787130549703036,0.10761136624177639,shorts_ok
-0.5925707773538036,2.8159233350712167,shorts_ok
0.09854663477571018,0.21131160816367342,shorts_ok
0.10929427167665172,0.1978233244407064,shorts_ok
0.0893262157798049,0.17980688966080416,shorts_ok
0.051223339839850765,0.09945635086624842,shorts_ok
-0.2565600029463988,1.647004493446146,shorts_ok
0.06938851240688021,0.08071365050970254,shorts_ok
0.0753450322387109,0.08934430010175307,shorts_ok
0.09045745402369106,0.16590368411819323,shorts_ok
0.028565354209565057,0.21487952441117633,shorts_ok
0.03638143307007796,0.34716134736811516,shorts_ok
0.06840761590714575,0.15125908247848205,shorts_ok
0.23120423230442846,2.721290837901441,shorts_ok
0.045801271046763584,0.11334419819609219,shorts_ok
0.07556153839312732,0.13839135231380487,shorts_ok
0.08205698561432151,0.1077587443253578,shorts_ok
-0.020913779554877866,1.1025039380229693,shorts_ok
0.09076592168062031,0.17670731909053802,shorts_ok
0.06817911688775184,0.11431704560703693,shorts_ok
0.03048133313785053,0.1978128591610056,shorts_ok
0.08370506084526431,0.1420769098096547,shorts_ok
0.10925762482067658,0.18580942864798114,shorts_ok
0.0666339013226457,0.09975310355385378,shorts_ok
-0.021414314688099092,0.2658835342071311,shorts_ok
0.0872437950272635,0.13273196463217365,shorts_ok
0.03059636172362041,0.2031924538618924,shorts_ok
0.06683993087739909,0.13423692777934718,shorts_ok
0.05385969988255523,0.08295404811537456,shorts_ok
0.09043484514640274,0.15696242734895124,shorts_ok
0.18188066241657516,0.9764073010644043,shorts_ok
0.025254411194847958,0.24720683790302983,shorts_ok
0.12048412403514071,0.28052150384684915,shorts_ok
0.06603932615216776,0.11869203148318488,shorts_ok
0.09409539444564852,0.21046771562926417,shorts_ok
0.09692955546015483,0.17565341375588409,shorts_ok
0.07754615194449743,0.10109785966034758,shorts_ok
0.13502398741313512,0.32598637724143975,shorts_ok
0.09100225247700147,0.6577462100075739,shorts_ok
0.38115519245603025,1.19352658451169,shorts_ok
0.07021054251726708,0.07758431739773376,shorts_ok
0.061331887191868745,0.1914766713233326,shorts_ok
0.19220572158101218,0.596599617256724,shorts_ok
0.08611162570972118,0.21535639794582548,shorts_ok
0.0855252137721152,0.37110304184092363,shorts_ok
0.11947980758721585,0.2673157273813319,shorts_ok
0.098887941427255,0.1584942522145317,shorts_ok
0.11339600132390924,0.19804280634537433,shorts_ok
0.061719143769283384,0.058332522989469594,shorts_ok
0.06281453558885489,0.10205583340921849,shorts_ok
0.25180792273058966,1.9148909742834557,shorts_ok
0.11246727235450302,0.23557551940633115,shorts_ok
0.07002962390310255,0.1594555967579087,shorts_ok
0.07584903152320434,0.12215932060897379,shorts_ok
0.1280431692187698,0.33801369813946475,shorts_ok
0.16069901944101914,0.44816827340823623,shorts_ok
0.08616474359809582,0.1310013952268839,shorts_ok
0.07316240721369086,0.14279788847023728,shorts_ok
0.11098323342712643,0.2556816528042108,shorts_ok
0.08255747905427685,0.13641377424238543,shorts_ok
0.10548753232265347,0.22480924190178014,shorts_ok
0.11633693638195235,0.44930113292408413,shorts_ok
0.04661891382150042,0.19285635673222343,shorts_ok
0.13583369649761934,0.35508296155466423,shorts_ok
0.08267686948505258,0.1609849790520117,shorts_ok
0.10021514777078691,0.1709323629085329,shorts_ok
-0.006694911520376753,0.5147459017670527,shorts_ok
0.07338962894807521,0.16678304541133393,shorts_ok
0.09864171570610057,0.1587952037109382,shorts_ok
0.10848873876348625,0.22697267737730475,shorts_ok
0.09059258116256676,0.14665592777281014,shorts_ok
-0.11360373581312902,0.6556316552195042,shorts_ok
0.10970473794036757,0.2967266841282204,shorts_ok
0.11636958887810613,0.30570075738025626,shorts_ok
0.07800561564719177,0.17880616151095888,shorts_ok
0.037935635855263286,0.4992101706080434,shorts_ok
0.1957323305307248,0.512276933453047,shorts_ok
0.10749107474137534,0.1849769532848725,shorts_ok
1.6850751247660978,6.685699572852413,shorts_ok
0.07743292205982925,0.14908011323205425,shorts_ok
2.7204433809727067,14.761157632560442,shorts_ok
0.1773690504599658,0.4753465274932904,shorts_ok
0.10571346575789577,0.19497918066370482,shorts_ok
0.11037266071022167,0.23118399348057794,shorts_ok
0.055352100811803154,0.06559984224506811,shorts_ok
0.0732846938154905,0.14921048905336562,shorts_ok
0.024822079811483305,0.36238008427184215,shorts_ok
0.08860002209743996,0.1897581785531673,shorts_ok
0.07794189797740547,0.11978763713894727,shorts_ok
0.08153941276147848,0.10906769009744383,shorts_ok
0.0639138771008309,2.5552751380515413,shorts_ok
0.08965882287330483,0.1605664553291209,shorts_ok
0.09241761972408465,0.19322308146081227,shorts_ok
0.06476251457808757,0.10058658512352002,shorts_ok
0.04310468309007314,0.25716847103285795,shorts_ok
0.09174377636539041,0.16068196828335202,shorts_ok
0.07368619288557422,0.10952605287429301,shorts_ok
0.09299074346867892,0.23574902567624215,shorts_ok
0.06294273743622872,0.32635517526238506,shorts_ok
0.08800799675661782,0.14757095572782875,shorts_ok
0.213796128695517,0.971875112678279,shorts_ok
0.08196107920086908,0.1065108917280001,shorts_ok
0.02757571025434477,0.27246642867476184,shorts_ok
0.11031436721144915,0.2823383704752081,shorts_ok
0.09823833541421599,0.16314655272277828,shorts_ok
0.08251503218179809,0.21339145823886496,shorts_ok
0.09837823995872658,0.18444254165601529,shorts_ok
0.10999219075147995,0.23707297924835538,shorts_ok
0.0111399987820934,0.36899073158802237,shorts_ok
0.12945017160844313,0.9199522369639197,shorts_ok
0.07258377601243154,0.07965816195158472,shorts_ok
0.04264991513592922,0.16730881620420307,shorts_ok
0.0883983905179702,0.13518023974146126,shorts_ok
0.14220923088363024,0.5967722048824331,shorts_ok
0.032050851192235316,0.25967988579796697,shorts_ok
0.11763089710671454,0.2502268231297496,shorts_ok
0.1286492886575569,0.3289316331506719,shorts_ok
0.040753864316954595,0.13478858618646594,shorts_ok
0.06318167313767539,0.06503416794639562,shorts_ok
-0.10542455926676457,1.5114581171647934,shorts_ok
0.08652923865462377,0.1577532027155144,shorts_ok
0.1698225658806468,0.4018338615556201,shorts_ok
0.009022865132844182,0.2821935866245002,shorts_ok
0.06875618034373139,0.1736698137051168,shorts_ok
0.20094697858313,0.6261958462582344,shorts_ok
-0.08661462807208674,1.1941630762558666,shorts_ok
0.10398956393695988,0.16799774421115826,shorts_ok
0.09652221338419466,0.1705172120484837,shorts_ok
0.08585492496897057,0.1302562360694258,shorts_ok
0.04512831109335997,0.43502233589976663,shorts_ok
0.10985979615789708,0.24925118670913532,shorts_ok
0.11674411564923534,0.33023667285765673,shorts_ok
0.06384182984519438,0.08509729090230245,shorts_ok
0.08231997993055759,0.16112380673543358,shorts_ok
0.11746078645255918,0.27860588651775364,shorts_ok
0.08993814829634257,0.1662547096022849,shorts_ok
0.07084385582513672,0.11059212328323419,shorts_ok
0.12349181091448386,0.23577779960537934,shorts_ok
0.08607683887870678,0.1455982817979815,shorts_ok
-0.17627804773648573,0.8849245052865208,shorts_ok
0.02977077071964776,0.7952996854042449,shorts_ok
0.09793550446046997,0.33455792488501235,shorts_ok
0.09107435715241376,0.17893077657387982,shorts_ok
0.12188090247554359,0.3451481698585907,shorts_ok
0.02704333692630821,0.13867774185649626,shorts_ok
0.06322066590239071,0.10525732956918354,shorts_ok
0.04425103126579013,0.12646206836764456,shorts_ok
0.14113262697380324,0.29572622026892964,shorts_ok
0.07813369174835555,0.31728856760897495,shorts_ok
-0.49552275020752573,3.3214093858889613,shorts_ok
0.07066351572265506,0.12336959331543637,shorts_ok
0.007009807738023444,0.2841803005803011,shorts_ok
0.017666171419422595,0.19574994444604582,shorts_ok
0.0758489707810903,0.1049458632324263,shorts_ok
-0.01163049816516895,1.884880051256045,shorts_ok
0.09215673854096196,0.2410069084834437,shorts_ok
0.07057209821164286,0.08986274051643338,shorts_ok
0.03233878653935894,0.2218014358797645,shorts_ok
0.178465309107606,0.5681259166253434,shorts_ok
0.0801755816411997,0.16294268188327998,shorts_ok
0.06744163441845963,0.08321346064958646,shorts_ok
-0.07796012875290576,0.6892497830733681,shorts_ok
0.1341176641429318,0.33371413440478426,shorts_ok
0.054384962807569576,0.2657257429634825,shorts_ok
0.06292071464562152,0.15829764655822354,shorts_ok
0.1845897458394889,0.6955455181172583,shorts_ok
0.08195355809380066,0.13698192964781622,shorts_ok
0.12801567374910175,0.24417332836179884,shorts_ok
0.09833847566505141,0.16873391484723713,shorts_ok
0.059936789644890714,0.09624655655975396,shorts_ok
0.05777032801988184,0.11695561277690485,shorts_ok
0.008324387873103483,0.28343698262560524,shorts_ok
0.10986132910797905,0.3923297068911466,shorts_ok
0.08119521993932809,0.10814190821554918,shorts_ok
0.022534378366976287,0.13501868497222885,shorts_ok
0.08092997119212822,0.15250121651147283,shorts_ok
0.052660757161498345,0.069325140782057,shorts_ok
0.17580314866524138,0.4582519303294783,shorts_ok
0.0775894227942535,0.1208104173513464,shorts_ok
0.0820896804103099,0.3186466057106143,shorts_ok
0.09644810924232143,0.15952074821274034,shorts_ok
0.14888213963095917,0.36690382036457136,shorts_ok
0.03973373537447681,0.2313447491101744,shorts_ok
0.17504144980007072,0.3959852910027684,shorts_ok
0.09573751467649141,0.20300634563192127,shorts_ok
0.1307887943686579,0.4352764945222948,shorts_ok
0.04073760684165728,0.06751395143024473,shorts_ok
0.35916257228562914,1.4053678721708827,shorts_ok
0.06790168814138382,0.06711111904514337,shorts_ok
0.1089570974617208,0.8593214964844627,shorts_ok
0.02504148061371683,0.23176829468983576,shorts_ok
0.10905831520294525,0.2040323383074924,shorts_ok
0.07698921409595601,0.27529956789789245,shorts_ok
0.1635749991314238,0.4525621667187056,shorts_ok
0.0632931037123668,0.1331603485330666,shorts_ok
0.17573375259252705,0.6014494250550275,shorts_ok
0.0805470287510976,0.11610794521392502,shorts_ok
0.08796523568648829,0.1665304563614552,shorts_ok
0.07619375584336306,0.22874399010842136,shorts_ok
0.10903912673504791,0.2746386324638497,shorts_ok
0.09254321463015733,0.15110987587066324,shorts_ok
0.10730143507671515,0.21430678660764027,shorts_ok
-0.0001097778365868112,1.333098792936332,shorts_ok
0.0796741039018041,0.10483347991224966,shorts_ok
0.10018025044117293,0.17455298235624903,shorts_ok
0.07944529931563515,0.13819892406251721,shorts_ok
0.1937211491665898,0.8959434499547796,shorts_ok
-0.095099673032607,0.7408320509698718,shorts_ok
0.11297663013271159,0.23695656714044847,shorts_ok
0.06693070722568036,0.06178901960893386,shorts_ok
0.10777877757040828,0.22441475587314866,shorts_ok
0.10503231677352891,0.24004932889120673,shorts_ok
0.0844861663103321,0.15032412342234525,shorts_ok
0.06046211438887034,0.09592610674336831,shorts_ok
0.06456670320513666,0.10909781759493374,shorts_ok
0.06483896469192892,0.4419619811437761,shorts_ok
0.0026012286914023886,0.3551230721410407,shorts_ok
0.12420580312004345,0.43883778779041016,shorts_ok
0.06942343825701328,0.25541588816231975,shorts_ok
0.09315259511966999,0.1568814445223843,shorts_ok
0.10178328024782797,0.19470201915870278,shorts_ok
0.07195564420840758,0.29010291641152763,shorts_ok
0.09833374515455362,0.2063954330530108,shorts_ok
0.06120508310972478,0.10264203913909427,shorts_ok
0.0550270362228309,0.08976014580594828,shorts_ok
0.08918879825737963,0.16487882653420835,shorts_ok
0.24626846198980473,2.560859579236634,shorts_ok
0.07659706006162302,0.1848137791155195,shorts_ok
0.04136554525452096,0.23642892228048593,shorts_ok
0.0750925825410155,0.11166989854516095,shorts_ok
-0.1195722829296119,2.4774612940882186,shorts_ok
0.0928797499441122,0.24395795600121062,shorts_ok
0.07457086117026938,0.09903886691687713,shorts_ok
0.18593290162806983,0.45815534477261194,shorts_ok
0.07896068862169982,0.1428305004033736,shorts_ok
0.0165088342925211,0.3283429344102917,shorts_ok
0.09202599816241387,0.15088454650266947,shorts_ok
0.08642434845380566,0.11642393678890822,shorts_ok
0.06295315965305347,0.057158905481182534,shorts_ok
0.11019662553385164,0.3104511671412945,shorts_ok
0.2676873331182412,0.9846259523221476,shorts_ok
0.5030473098425378,2.511276118946516,shorts_ok
0.020945635299635994,0.17316116252381472,shorts_ok
0.04939378982382873,0.20242689558419932,shorts_ok
0.09108135013694195,0.12722778396025097,shorts_ok
-0.15803330967405665,1.3832775548782328,shorts_ok
0.10869405166564465,0.17504861070606,shorts_ok
0.08841636393939085,0.15723106023430727,shorts_ok
0.13180540466180085,0.26486667376762807,shorts_ok
-0.019850608004144604,0.8653051372639358,shorts_ok
0.08713394403249462,0.14905761413874172,shorts_ok
0.11666623170403487,0.4057983580943416,shorts_ok
0.06669985431011143,0.1822886830056917,shorts_ok
-0.0021921176770411627,0.19862461822760216,shorts_ok
0.15014233053659293,2.303461381716263,shorts_ok
0.15257046856848694,0.36711268344647935,shorts_ok
0.055019981087145516,0.33478637970173947,shorts_ok
0.08394533404439082,0.23412450113748406,shorts_ok
-0.021808229880255027,1.1540544555281278,shorts_ok
0.07753169298562586,0.12531240721422054,shorts_ok
0.050168230647379096,0.14897024630628572,shorts_ok
-0.27993148584329514,1.6057443889998606,shorts_ok
0.035479003811159524,0.4742072190032057,shorts_ok
0.06838744010719984,0.10105957297803594,shorts_ok
-0.11924238159110322,0.7476117165360379,shorts_ok
0.02412456386363921,0.47179253038775976,shorts_ok
0.1309005585746714,0.34163160332143633,shorts_ok
0.09757548856568515,0.22515214371174452,shorts_ok
0.09115015609227205,0.15339963837418577,shorts_ok
0.03243424557904086,0.25638753661890407,shorts_ok
-0.42325712414525996,1.989818464734867,shorts_ok
0.1645362041302107,0.3962793444461869,shorts_ok
-0.040206676713765856,0.5949025371424496,shorts_ok
0.06976522820620631,0.16258416652787028,shorts_ok
0.13083438153238705,0.2725986915875584,shorts_ok
0.09870413664487644,0.17396111034088782,shorts_ok
0.11247594412758528,0.24804066548371503,shorts_ok
0.061072643016705244,0.19158043429449642,shorts_ok
0.09191935261963534,0.20755956525749394,shorts_ok
0.0723725453031999,0.12809591829670447,shorts_ok
0.06725452098838909,0.1954913135991839,shorts_ok
0.18352119818478846,0.5168193723289786,shorts_ok
0.08192093220506928,0.11454609620923026,shorts_ok
0.09306247044222174,0.2275179742757745,shorts_ok
0.10116882085422614,0.17411622081627168,shorts_ok
0.0809944986070563,0.2008481578703368,shorts_ok
0.08634508153496101,0.3209169757686664,shorts_ok
0.9519593269609352,4.614659824988164,shorts_ok
0.10505469770089017,0.21908570933933091,shorts_ok
0.07864888274760519,0.12841383774471318,shorts_ok
0.09269756852181324,0.20410087520913986,shorts_ok
0.26724814079021575,0.6880558259481675,shorts_ok
0.07086230759534135,0.09046558945314917,shorts_ok
0.12938808372945507,1.1829049410431067,shorts_ok
0.03053666020108971,0.23553932247181406,shorts_ok
-0.14307321163210734,0.8020495594292776,shorts_ok
0.08862006390189264,0.14504514068755256,shorts_ok
0.20306786779765723,0.6952619389579062,shorts_ok
0.3029204574930795,0.9860033649874814,shorts_ok
0.04184486807190012,0.1889554844925141,shorts_ok
0.10528121395919271,0.19101375489431746,shorts_ok
0.1520669369628343,0.34514824379655024,shorts_ok
0.09136287805943939,0.30774435331694283,shorts_ok
0.330919329420137,1.0634530022164892,shorts_ok
0.12835592046048142,0.28660578462637165,shorts_ok
0.0895583781098899,0.20183328683389823,shorts_ok
1.3218253536638467,4.497925042848338,shorts_ok
0.10558912565056987,0.17950406580746922,shorts_ok
0.1794839618966476,0.9480577925490079,shorts_ok
0.04170057762434933,0.08864336645060157,shorts_ok
0.6089216465949359,2.19139982893984,shorts_ok
0.09958252547686322,0.2206399368578969,shorts_ok
0.24567678942260718,0.9653109823446084,shorts_ok
0.0992857038605626,0.1713849162456266,shorts_ok
0.08021106576729771,0.1336293729813843,shorts_ok
0.10629707599901715,0.5897246350099891,shorts_ok
0.08056694974456383,0.09562477832370415,shorts_ok
0.13814400269154886,0.38769901568853843,shorts_ok
0.056745779559347356,0.10307780098158595,shorts_ok
0.22772940242110573,1.2975835614847706,shorts_ok
0.1243354136608998,0.30259475855074125,shorts_ok
0.12041375946494498,0.2784056927882348,shorts_ok
-0.18656615515052452,1.100164956437626,shorts_ok
0.03560700585783271,0.11999699931555302,shorts_ok
0.10619246390201016,0.3427348504162101,shorts_ok
0.07638073770987405,0.15773834736561332,shorts_ok
0.4076990863172835,1.9426363766741799,shorts_ok
0.08326935509210011,0.2753598851362155,shorts_ok
0.07875181482757138,0.14443782350530435,shorts_ok
0.0711176315857997,0.16131603127251692,shorts_ok
0.11495211628554386,0.5876189342585182,shorts_ok
0.09496769041314274,0.15736052519954233,shorts_ok
0.048990786404632336,0.08181276743786352,shorts_ok
0.0645691844762049,0.09088237850754485,shorts_ok
0.1256679444753347,0.37464338896365396,shorts_ok
0.06533609438853365,0.08736910216157441,shorts_ok
0.239951665959588,0.9674942714540402,shorts_ok
0.11762910796280227,0.21635538136812404,shorts_ok
0.078593266945098,0.10231212530711337,shorts_ok
0.05287662788620425,0.054013572144736476,shorts_ok
0.09139524736108655,0.12982775683925654,shorts_ok
0.08143125629604758,0.15241551979504742,shorts_ok
0.06776326843857816,0.15578672066772598,shorts_ok
0.06545656324110542,0.07165107176391985,shorts_ok
0.07453462131777926,0.17551542018479802,shorts_ok
0.11868117036104146,0.3459156812901736,shorts_ok
0.27825538549902795,0.6965201866206456,shorts_ok
0.0657557045985599,0.12523516823848257,shorts_ok
0.08324340998119362,0.12448457377706589,shorts_ok
0.06995420132230717,0.3967810644446351,shorts_ok
0.062260235678718884,0.09471951537552567,shorts_ok
0.12162148112198301,0.2434432102364635,shorts_ok
0.11280014212827393,0.20684265076912497,shorts_ok
0.09443711660033799,0.6189130345790218,shorts_ok
0.2142643105340127,0.9463419639808108,shorts_ok
0.07416242222737275,0.8170794620923358,shorts_ok
0.0854459912602189,0.14240883739118151,shorts_ok
0.03221527433464113,0.1879307354280459,shorts_ok
0.08271073046882571,0.10972244848170545,shorts_ok
0.07581367146678857,0.10053828926849283,shorts_ok
0.09628202153110661,0.15088645828201067,shorts_ok
0.028196404970036337,0.13784694265569175,shorts_ok
0.0868348353638433,0.17048888496760098,shorts_ok
0.08547503824586747,0.34324480221205955,shorts_ok
0.02899114652923019,0.8437950502046632,shorts_ok
0.04807850104938417,0.14603734485968564,shorts_ok
0.12961406577198922,0.5367058145632895,shorts_ok
-0.34434124839782515,1.4211467791094938,shorts_ok
0.14655266524019384,0.5662518938114782,shorts_ok
0.21123355363999227,1.1668682923272367,shorts_ok
0.00977447589687874,0.45465791545264345,shorts_ok
0.09026523140240612,0.18356438545312448,shorts_ok
0.08063759528625666,0.3031941618883208,shorts_ok
0.0465248610520268,0.15699872425079872,shorts_ok
0.06479957354231414,0.13994437277432,shorts_ok
0.07734552404844997,0.12425045542110795,shorts_ok
0.0826831068015315,0.15586407888343526,shorts_ok
0.04389619835177159,0.09327746697240277,shorts_ok
0.08419071159100495,0.11142635036931943,shorts_ok
0.021825714061882124,0.17034012706627352,shorts_ok
0.07444086010792626,0.11216764668112401,shorts_ok
0.07490433553076606,0.09464698528981316,shorts_ok
0.16798688713668986,0.43190133693390653,shorts_ok
0.14923393167681764,0.3299188262660535,shorts_ok
-0.15105658273899358,2.5092849949666127,shorts_ok
0.0975909790075922,0.1523456285620052,shorts_ok
0.06441129943311905,0.1699521315164546,shorts_ok
0.03711246478755686,0.27170038045737,shorts_ok
0.07637131094702312,0.09268001600631566,shorts_ok
0.10230153256238504,0.19513479536270723,shorts_ok
0.07303488246885827,0.09166535960604855,shorts_ok
0.06950808505888402,0.10524728279249357,shorts_ok
0.06220944169510768,0.1406139067500809,shorts_ok
-0.03935465201369958,0.42031321076461087,shorts_ok
0.08119485172746277,0.12574852387115987,shorts_ok
0.0679838893087851,0.09205208368475579,shorts_ok
0.08179339617045532,0.14058587795163882,shorts_ok
0.09124770768342229,0.2028443472854985,shorts_ok
0.10013913144776689,0.18745874667433196,shorts_ok
0.10131062430734629,0.219569149078352,shorts_ok
0.10193272156810176,0.1688021386815656,shorts_ok
0.07423109302880013,0.08136495265593857,shorts_ok
0.07395803046391466,0.0940109929040683,shorts_ok
0.013536503646099833,0.6909232075756883,shorts_ok
-0.06625734043253508,1.0115958738073676,shorts_ok
0.09471487238740815,0.16646876660702012,shorts_ok
0.1145407114601501,0.3758492785588811,shorts_ok
0.06761388666413679,0.2640678149720381,shorts_ok
0.07158574532021433,0.07144055615438309,shorts_ok
0.24950704449604297,0.7058839051797908,shorts_ok
0.07142329646677159,0.08652146318014071,shorts_ok
0.07546322961244459,0.10279851431726071,shorts_ok
0.027961958419931255,0.17099243250174814,shorts_ok
0.08708462999368657,0.14567577758159514,shorts_ok
0.08389665588193385,0.155180262225081,shorts_ok
0.18795269678499407,0.5544528800378442,shorts_ok
0.11220007794770263,0.215901806852256,shorts_ok
0.005422025808991944,0.377971515777814,shorts_ok
0.07741267386574156,0.5511878599938734,shorts_ok
0.06065252325294971,0.15001352958493644,shorts_ok
0.08757212048443155,0.2197936543167647,shorts_ok
0.05491560551243359,0.1970420848205808,shorts_ok
0.06232390671728218,0.13397893685075524,shorts_ok
0.11209784404043975,0.25730564530130057,shorts_ok
0.05442823794460042,0.463155113939182,shorts_ok
0.07531588504707049,0.3374645200716353,shorts_ok
0.0657152500628642,0.11564777982007396,shorts_ok
0.06497368561644627,0.12786578998555334,shorts_ok
0.09466055857993133,0.27144290902413104,shorts_ok
-0.04907825461937926,0.39722064575957794,shorts_ok
0.11489358190032756,0.2521560192923316,shorts_ok
-0.1876937567247955,3.1555262767152077,shorts_ok
0.12819372346139968,0.37809809623109236,shorts_ok
0.0681104442919636,0.07743678639387411,shorts_ok
0.07608070070854149,0.09420314987200741,shorts_ok
0.08746163517275395,0.5378515227320535,shorts_ok
0.05487050687488001,0.3187833013783067,shorts_ok
0.9856256798692791,6.965101939835369,shorts_ok
0.08675992527014705,0.13727892057140667,shorts_ok
0.1881901981101667,1.9464387518455533,shorts_ok
0.1550330814116917,0.5315128365472075,shorts_ok
0.08689680912470583,0.14378501044253986,shorts_ok
-0.21009687980401517,1.4941683960521472,shorts_ok
0.10036213558515628,0.22561659368938264,shorts_ok
0.08305006719380283,0.1287455795080765,shorts_ok
0.09284902337887982,0.15832566411504093,shorts_ok
0.08890431708935992,0.18073037351548318,shorts_ok
0.072209129292201,0.33559219511347654,shorts_ok
0.10581492406130026,0.19767651985802284,shorts_ok
0.03335679685154968,0.20086111758295455,shorts_ok
0.10687890420391355,0.4416515752238785,shorts_ok
0.1673542719423586,0.8138052039665836,shorts_ok
0.204877386640841,0.5204276687314198,shorts_ok
0.07438355522947264,0.33586606586581796,shorts_ok
0.08557868656515875,0.16300302068953262,shorts_ok
0.16906163267362775,0.5307538610144317,shorts_ok
0.08147350900614865,0.1276283042842524,shorts_ok
0.07772213798809367,0.1522398049734731,shorts_ok
0.09258361577443183,0.2015717185516862,shorts_ok
0.10662914423319343,0.1907548335050029,shorts_ok
0.06425229804247178,0.08975742998985185,shorts_ok
0.014558817819398053,0.5698296374202227,shorts_ok
0.6181374264000834,3.5426288334106886,shorts_ok
0.036519579388820195,0.8614933559841588,shorts_ok
0.08319434010294473,0.11911792618444932,shorts_ok
0.07352815199607349,0.4851859594459383,shorts_ok
-0.1906769195675143,1.6406547366052118,shorts_ok
0.08846341762096947,0.23061208223437094,shorts_ok
0.05342322751577446,0.3137007618167831,shorts_ok
0.08396218624025767,0.16236506104544532,shorts_ok
0.16241501406945494,0.6114063398608222,shorts_ok
0.07168737381124136,0.08394450892033074,shorts_ok
0.0686677311688302,0.11735780028993113,shorts_ok
0.10506165441721327,0.1932996084955114,shorts_ok
-0.048150785384856086,0.42118295735253103,shorts_ok
0.10966213913687996,0.1897957958071214,shorts_ok
0.0967959358208769,0.2070574551652334,shorts_ok
0.1255451013734984,0.5478194738079915,shorts_ok
0.011822703463593816,0.15839558916986723,shorts_ok
0.05060241434675109,0.186751007026528,shorts_ok
0.07676829263515823,0.08634437877498154,shorts_ok
0.14103851278777055,0.32390312406053623,shorts_ok
0.08011252993173262,0.13132033121917597,shorts_ok
0.05117714426013496,0.10724224738329016,shorts_ok
0.09341982370647943,0.19066013585417269,shorts_ok
0.07160816801618643,0.08617453665719396,shorts_ok
0.10090090415929871,0.18617912246390236,shorts_ok
0.08537815657395935,0.12491648353364276,shorts_ok
0.0844098894211373,0.15075788150328004,shorts_ok
0.07806690036507512,0.2064647371136398,shorts_ok
0.05281314385777578,0.12089357837146902,shorts_ok
0.08935096109540572,0.15149421955118858,shorts_ok
0.08655756103986632,0.17166921535250326,shorts_ok
0.1325631293015221,0.36585863615367586,shorts_ok
0.07624784799772888,0.2350864348426417,shorts_ok
0.08822817860771899,0.11424974028367847,shorts_ok
0.011404758198473782,0.32154071506502785,shorts_ok
0.07028715442561359,0.24964418214209544,shorts_ok
0.13549950543141567,0.5090856980535048,shorts_ok
0.10101895628536552,0.18223303575940306,shorts_ok
0.09996022588301633,0.16583118279522685,shorts_ok
0.09952092979368986,0.2082478063838375,shorts_ok
0.10760889640734908,0.28719929359722307,shorts_ok
0.8266412849629325,5.708224588803021,shorts_ok
0.3870147346918636,2.409301653130919,shorts_ok
0.10091834301823943,0.42221285415162485,shorts_ok
0.0855558495077882,2.3359762938892676,shorts_ok
0.09677262889016314,0.404346706783982,shorts_ok
0.11684395237451245,0.4376776086053728,shorts_ok
0.11426113560332027,0.43544130070340414,shorts_ok
0.030290051131780123,0.3023881409248823,shorts_ok
0.15857740743678397,0.3748753648339181,shorts_ok
0.06765158062052432,0.14953401619360793,shorts_ok
0.08469865973622358,0.41599505519067537,shorts_ok
0.07400052849966483,0.23009820125542926,shorts_ok
0.009769093165200986,0.28458022201636707,shorts_ok
0.08942237468080215,0.14540477354658618,shorts_ok
0.15914146530420586,0.9557487741829093,shorts_ok
0.10276390823532874,0.16572589928712392,shorts_ok
0.07357493088444156,0.1578975078557903,shorts_ok
0.08126456558405293,0.24491505065827818,shorts_ok
0.08950591796805832,0.33577953022691776,shorts_ok
0.15384733502632544,0.3137078090615636,shorts_ok
-0.03611510530754559,1.3991128128954182,shorts_ok
0.03511064795728609,0.3393970911488756,shorts_ok
0.08673710909975123,0.1722947459241434,shorts_ok
0.24748090246948357,0.7824982529049397,shorts_ok
0.32520833589759984,2.0052083808278938,shorts_ok
0.06928658690568765,0.17235402200740918,shorts_ok
0.035161440445610995,0.1660574691940748,shorts_ok
0.0959529064537203,0.20083122342051943,shorts_ok
0.07136464306984955,0.10577489806008018,shorts_ok
0.11209918725998651,0.24941774129039757,shorts_ok
0.11288239139537767,0.21271284016088804,shorts_ok
0.05985121163874851,0.3160380324359421,shorts_ok
0.08483222488226884,0.11932952198957289,shorts_ok
0.10346854035166701,0.18655526352198404,shorts_ok
0.09836909899851651,1.8100256071097365,shorts_ok
0.046148530608096275,0.28466979606986176,shorts_ok
0.08323722433630766,0.3482914764203193,shorts_ok
0.07011252540736258,0.24394981124845042,shorts_ok
0.058992837561424843,0.30823160638073716,shorts_ok
0.03912559185994128,0.2849419193676124,shorts_ok
-0.9843614543579843,3.5480038734582826,shorts_ok
0.032383352688177686,0.5905174183628707,shorts_ok
0.09155224407314284,0.24471337753741607,shorts_ok
0.041383850739750365,0.5365146541112016,shorts_ok
0.10745749227732897,0.17364679086138937,shorts_ok
0.16027375086798634,0.6957448804603884,shorts_ok
0.11121497756222555,0.24827226790561857,shorts_ok
0.08572541198310218,0.14326335967968812,shorts_ok
0.07518633737809237,0.41726088624743446,shorts_ok
0.09089401496712848,0.27954944043839924,shorts_ok
0.10406106773905241,0.2520898732282019,shorts_ok
0.07780525576317503,0.09295543621674503,shorts_ok
0.10219517023499668,0.16138585752153342,shorts_ok
0.06510792212769899,0.06579819812937328,shorts_ok
0.08570176305038783,0.16194158668086123,shorts_ok
0.11642497051148748,0.2626156892063459,shorts_ok
0.2542536689469194,0.8751353587848666,shorts_ok
0.6987088742067349,2.674098160776224,shorts_ok
0.28285282764713593,0.8537336986173307,shorts_ok
0.10787237539246534,0.21366674266868124,shorts_ok
0.07802472955695823,0.11895165423032013,shorts_ok
0.07977688032563168,0.13241577660866885,shorts_ok
0.08345793809092086,0.11691712117888924,shorts_ok
0.051170161373502596,0.10427688893956819,shorts_ok
0.09023988182497418,0.13839582222893623,shorts_ok
-0.1894019422602584,1.5644108765399223,shorts_ok
0.10601312899686663,0.23610296881201912,shorts_ok
-0.9344283305246613,7.678894076619232,shorts_ok
0.07485546819176864,0.15524236284408302,shorts_ok
-0.18044356821548196,0.9416043323751402,shorts_ok
0.14758767678302884,0.3167604306620201,shorts_ok
0.0640723782706829,0.0648563193275416,shorts_ok
0.07447759007904868,0.1057072609854087,shorts_ok
0.07683733483974317,0.10652026953033406,shorts_ok
0.0674653989941937,0.09711345244774591,shorts_ok
0.07025278557409208,0.212285112816029,shorts_ok
0.09895199901917415,0.2040303895472385,shorts_ok
0.1067330165220378,0.26685950101861666,shorts_ok
0.051541241149227465,0.1374313900617288,shorts_ok
0.12548110424495804,0.3461204430899367,shorts_ok
0.04600117282943745,0.14188196641606218,shorts_ok
0.10645636389428716,0.2667104274414487,shorts_ok
0.1645086775519652,0.5579275362424728,shorts_ok
0.08942553943192219,0.14960122632531897,shorts_ok
0.025837970880078758,0.11960644231620769,shorts_ok
0.08312372610612244,0.12260795922476384,shorts_ok
0.08322615244033556,0.12947173458277822,shorts_ok
0.09448341823426609,0.3425405498427596,shorts_ok
-0.2427229650934478,1.724306964889936,shorts_ok
0.08530074362925012,0.23095682344242233,shorts_ok
0.08166871925907224,0.12348637412880818,shorts_ok
0.06499737631250332,0.06159227707409255,shorts_ok
0.07821817623417734,0.2710850214691389,shorts_ok
0.07979262553738307,0.1380960503078839,shorts_ok
0.1377900977932458,0.27004904987290695,shorts_ok
0.8432939736384809,7.20786435505441,shorts_ok
-0.03517693678901632,0.3963927480030886,shorts_ok
0.07256489510264436,0.09272711644760669,shorts_ok
0.03564880231095041,0.08175838888541721,shorts_ok
0.060754560408197704,0.1334229500858195,shorts_ok
0.014243964471033318,0.1719184025024187,shorts_ok
0.11373174484574573,0.23492973040102338,shorts_ok
0.06535117208713404,0.0991917436327379,shorts_ok
0.14927522411262664,0.6806063971133657,shorts_ok
0.031644198770534634,0.43593228571445775,shorts_ok
0.07405370071696596,0.08685434016987975,shorts_ok
0.08007400688285503,0.10509325215632576,shorts_ok
0.06777505159938944,0.0702622148660349,shorts_ok
0.0967789453685856,0.1780131008065233,shorts_ok
0.026891569135133873,0.16278614441242592,shorts_ok
0.08838189114152538,0.1359550250818094,shorts_ok
0.137702059218759,0.3785058766116054,shorts_ok
0.05008291651974806,0.16103970853832658,shorts_ok
0.03709179887910317,0.22016286656078776,shorts_ok
0.12621835017905914,0.28995074377487146,shorts_ok
0.06426961614976234,0.08810701790693357,shorts_ok
-0.10487802768478934,1.031449702521488,shorts_ok
0.12265176008150158,0.2628504008124893,shorts_ok
0.08493058467764068,0.11987620218075949,shorts_ok
0.08174519191574164,0.14408150026835828,shorts_ok
-0.34683225684817837,1.2661712722281409,shorts_ok
0.07298035093044998,0.26469133822106633,shorts_ok
0.08926210644373579,0.14843732274942276,shorts_ok
0.06967093975691462,0.08796389348227328,shorts_ok
0.07582384666255144,0.23512007430320409,shorts_ok
0.05532028344321384,0.2582752681910021,shorts_ok
0.06420450548010702,0.07057042388498257,shorts_ok
-0.028719112899472227,0.3530410087971273,shorts_ok
-0.09976994224016549,0.5207300801086621,shorts_ok
0.0679452896134076,0.07143257687347868,shorts_ok
0.03220329520726896,0.14641184005124402,shorts_ok
0.13075882573815786,0.24905169996071116,shorts_ok
0.09191555125770166,0.1807784674208632,shorts_ok
0.06517219782403517,0.11564913129609988,shorts_ok
0.08573392497990905,0.17364204845542758,shorts_ok
0.10448761686453419,0.220708399618149,shorts_ok
0.07529585630273983,0.20810838845118468,shorts_ok
0.07207070404411954,0.09902624161839815,shorts_ok
0.07477975937968083,0.18420383063239212,shorts_ok
0.13131543178278546,0.2984083610903627,shorts_ok
0.09018433846288565,0.17717599209593035,shorts_ok
-0.14362932523773705,1.699346408526514,shorts_ok
0.14195048439618776,0.3739501024383039,shorts_ok
0.07734971532106788,0.16206777742599518,shorts_ok
0.09919046026832883,0.1686464961374378,shorts_ok
0.10184096745335738,0.19614527623915587,shorts_ok
0.08326487638429561,0.11280440731156442,shorts_ok
0.06677192830621276,0.09103331454254458,shorts_ok
-0.07605549814470576,0.7547762707660306,shorts_ok
0.05694781476520835,0.1024054928328317,shorts_ok
0.08138144558937227,0.15914273089295478,shorts_ok
0.07492776243390092,1.3964731847699177,shorts_ok
0.12234397305766483,0.24347388721110186,shorts_ok
0.09174066840903064,0.26964973300177286,shorts_ok
0.09784083816479032,0.18302266646575366,shorts_ok
-0.04097873282001861,0.2949554323750396,shorts_ok
0.09129883865591848,0.1966763139670141,shorts_ok
1.264153753436813,6.078951164161202,shorts_ok
-0.0006614574325336858,0.2351841670423654,shorts_ok
0.06612170536344479,0.15010935885855212,shorts_ok
-0.36705233678896476,3.987493500772524,shorts_ok
0.10822410314946238,0.17982058971100404,shorts_ok
0.11689196109796963,0.24083552177410536,shorts_ok
0.0803281280619522,0.29951320212786997,shorts_ok
0.06244566641208632,0.16355770073920148,shorts_ok
0.07222998574563978,0.22887193275914158,shorts_ok
0.11769795078890989,0.3546770224244678,shorts_ok
0.05095598388801508,0.20887372833918438,shorts_ok
0.07369959172875173,0.10807973979604336,shorts_ok
0.25160917845985875,0.9949339591898261,shorts_ok
0.0649879629630403,0.08844304898208796,shorts_ok
0.17744539795662242,0.6408652458895167,shorts_ok
0.09485258714696211,0.9716740878647043,shorts_ok
0.06965023907912697,0.13116185199788313,shorts_ok
0.07728909095143577,0.09675420928406428,shorts_ok
0.04196483139639152,0.18063331355197504,shorts_ok
-0.00012215370424626296,0.3539808241320449,shorts_ok
0.0522028477841339,0.19592679251059797,shorts_ok
0.09572073518529776,0.13645261224215055,shorts_ok
0.11941637608293713,0.22597428681559417,shorts_ok
0.0867849420500871,0.11962842888065599,shorts_ok
0.08212076263827708,0.14620676480625508,shorts_ok
0.09871477788142119,0.23232350532617868,shorts_ok
0.06882613608910976,0.095164107092665,shorts_ok
0.4898987740206032,15.95705282715675,shorts_ok
0.09462603724439898,0.2708494122132741,shorts_ok
0.09283119099014199,0.18990247692371964,shorts_ok
0.10193293054580396,0.20389211349132622,shorts_ok
0.0865630460071829,0.12569647000427367,shorts_ok
0.1305243897113719,0.5096021494104708,shorts_ok
0.09415022796538602,0.1518926937275405,shorts_ok
0.061770351381584016,0.1339553770248834,shorts_ok
0.10469916068059706,0.22744721283521865,shorts_ok
0.07631573427464702,0.17307552798154346,shorts_ok
0.09394333431891452,0.1690727602604778,shorts_ok
0.10876026960644432,0.8864331648313738,shorts_ok
0.09038667110989049,0.18950111145169135,shorts_ok
0.15659070365377775,0.3847390475433573,shorts_ok
0.35732421103535844,2.7355764508445284,shorts_ok
0.08519708308152553,0.13367056923575496,shorts_ok
0.13636979416486136,0.3204244073906353,shorts_ok
0.09038261911522176,0.1898509042166745,shorts_ok
0.12062381832460939,0.21651401063154016,shorts_ok
-0.0452452679261033,0.4058084766353116,shorts_ok
0.06050001844201691,0.17517370225253148,shorts_ok
0.18025596896105517,0.4544510466415198,shorts_ok
0.02065060411194546,0.41655553768599346,shorts_ok
0.0723710135206229,0.20285235379427366,shorts_ok
0.10494623649114507,0.3587198756947708,shorts_ok
0.09738313061632302,0.21347745426376455,shorts_ok
-1.249766836889106,7.138220239161816,shorts_ok
0.11038049006206173,0.24102230359845234,shorts_ok
0.0416192895277326,0.2067554593961737,shorts_ok
0.08691324128483398,0.15717641392768963,shorts_ok
0.11618296198846773,0.3024678258642583,shorts_ok
0.08410307726780589,0.1559081233976508,shorts_ok
0.1499640534379692,0.7381086913540663,shorts_ok
0.07399891999953069,0.11388143385370927,shorts_ok
0.08993604941484493,0.16194542335207235,shorts_ok
0.084021903452208,0.11541816345953732,shorts_ok
0.10263194891545867,0.17693314669055638,shorts_ok
0.12362072255723167,0.26139870512278907,shorts_ok
0.04695040077548084,0.12030731152221412,shorts_ok
0.006397100288369276,0.15689139987538522,shorts_ok
1.4478583438833974,8.852254910372114,shorts_ok
0.05110002491964853,0.1779706360796698,shorts_ok
0.035854324920654164,0.1965705595674394,shorts_ok
0.5509975524329815,3.719158263450413,shorts_ok
0.12607716659977664,0.2881372156105565,shorts_ok
0.11680505180767255,0.2587259748635145,shorts_ok
0.11002185380865719,0.1973757043999587,shorts_ok
0.2082752821022923,0.8645689428699778,shorts_ok
0.03227919991150221,1.0224535937412247,shorts_ok
0.09298412623978626,0.23652438155384006,shorts_ok
0.11220711433627874,0.2202573335539343,shorts_ok
0.06616433321170012,0.23100775950390187,shorts_ok
0.11076815375194349,0.1818955157141288,shorts_ok
-0.042212307113432955,0.351798230348956,shorts_ok
0.11904310201282281,0.24040820063464988,shorts_ok
0.07944609996550643,0.18677383872076417,shorts_ok
0.09191115510983824,0.14969283060863323,shorts_ok
0.24930609943103219,0.6750385639717815,shorts_ok
0.13004726626556012,0.8654935285001027,shorts_ok
0.09342993671816906,0.1399811661054819,shorts_ok
0.1854947720236231,0.4154193987320085,shorts_ok
0.0822606871565104,0.12086552451079777,shorts_ok
0.08610400184447976,0.1771571975672471,shorts_ok
0.10260838314265393,0.16645017611340157,shorts_ok
0.06978452839086534,0.1057671973519617,shorts_ok
-0.008750031288579685,0.3698317068085451,shorts_ok
0.07652747211151192,0.16038019251174354,shorts_ok
0.08327107609983088,0.1428983317785526,shorts_ok
0.164374979013521,0.3494675325501509,shorts_ok
0.1202257094732356,0.26490484730288416,shorts_ok
-0.0050941287460656275,2.551264439984501,shorts_ok
0.11644669111352882,0.30380022435958687,shorts_ok
1.2092751354540732,4.761647109713937,shorts_ok
0.06662867297645439,0.19801028743209245,shorts_ok
0.07349001685628029,0.11709504748109484,shorts_ok
-0.2862415487230408,2.0607105829845493,shorts_ok
0.05068377616228793,0.07909138936462341,shorts_ok
0.04705439898843177,0.5579670694570716,shorts_ok
-1.1904690424559345,10.19627437362572,shorts_ok
5.715325493958444,22.04793903030786,shorts_ok
0.773603886784546,2.3949687714382946,shorts_ok
0.06023449725003675,0.10283793144794377,shorts_ok
0.07430419723838896,0.09584444362141112,shorts_ok
0.08195727803620963,0.18845494569980062,shorts_ok
0.11882354096260533,0.33922805809989987,shorts_ok
0.11383884431896896,0.2901907299419884,shorts_ok
0.0898526606644006,0.20568882967941304,shorts_ok
0.09439471212462328,0.17329279778611803,shorts_ok
0.08596056571784183,0.18274018780417164,shorts_ok
0.09376551979569699,0.1621719942250877,shorts_ok
0.05516954846082837,0.11080834852132476,shorts_ok
0.08906088133930429,0.13760885201126427,shorts_ok
0.0609300753976817,0.1119794090477385,shorts_ok
0.08390047326881253,0.11971364066131035,shorts_ok
0.08371776484135467,0.10513844838508044,shorts_ok
0.0955666649434165,0.1526384948885782,shorts_ok
0.026766142264809858,0.1517299119538624,shorts_ok
0.08768053176505433,0.3085352635804138,shorts_ok
0.18983835566078128,0.6860983327295817,shorts_ok
0.0037776419400334543,0.23281026613973485,shorts_ok
0.080322645062219,0.11985164651088452,shorts_ok
0.1347916372889124,0.5318168730551784,shorts_ok
0.043263284776397216,0.13711044271216705,shorts_ok
0.13610938606010256,0.5401716239828918,shorts_ok
0.07498354072207966,0.09204438345077458,shorts_ok
0.13391862133751015,0.41370648183385117,shorts_ok
0.0905509891151586,0.19295982755345112,shorts_ok
-0.09157118035425978,0.584644491985557,shorts_ok
0.06510595004255208,0.08923875830205133,shorts_ok
76.46323605660346,253.59936709972644,shorts_ok
0.11235244892992931,0.24395958631536102,shorts_ok
0.055159569225375474,0.4846334808824498,shorts_ok
0.1020293089568209,0.2227066421708001,shorts_ok
0.025641087919226327,0.16012047511619137,shorts_ok
0.0725875670285636,0.15864896294369465,shorts_ok
0.12109727110006667,0.2743750422600592,shorts_ok
0.1380906005185957,1.186434922934942,shorts_ok
0.0790885748428974,0.11548598918957952,shorts_ok
-0.05318872978152539,1.144977880036971,shorts_ok
0.12960376903960705,0.27007171916190675,shorts_ok
0.028089576064178983,0.09652126568245976,shorts_ok
0.21745853660572712,0.6189622188657278,shorts_ok
0.12629114832479238,0.45167687940595325,shorts_ok
0.0794185648900582,0.1237753930347468,shorts_ok
0.2799091873097067,0.7289365005587926,shorts_ok
0.10561599267833234,0.2239398806036779,shorts_ok
0.08087876492694522,0.13742536763912194,shorts_ok
0.062277676176109756,0.07562669087013975,shorts_ok
0.12014517557360416,0.376797297328358,shorts_ok
0.17130650901568062,0.9525433658653748,shorts_ok
0.07735481892935361,0.10717702917783324,shorts_ok
0.0600198290267584,0.17870632652882565,shorts_ok
0.10791811360884893,0.18458590027552826,shorts_ok
0.027364157309202525,0.212197065155387,shorts_ok
0.07481981648508365,0.08175675820351076,shorts_ok
0.09571963999668678,0.1863817105888723,shorts_ok
0.1376248173276008,0.4765704887012533,shorts_ok
0.13185119439358242,0.29521252775051826,shorts_ok
0.07402699532818277,0.10841221743239518,shorts_ok
0.08091030413417889,0.12382573450157659,shorts_ok
0.08330757197484617,0.12631192836692592,shorts_ok
0.05259834118100665,0.15720745500720845,shorts_ok
0.04630180446491892,0.105981806793607,shorts_ok
-0.13786834525328576,0.9471769945675695,shorts_ok
0.06450508454602218,0.11141638516770261,shorts_ok
0.10306220779394396,0.19714281119446334,shorts_ok
0.12229487029125032,0.31666678830781203,shorts_ok
0.11094192978955719,0.38098801575362695,shorts_ok
0.09415007584091598,0.14474629586653573,shorts_ok
0.10327970836754362,0.2521521485861712,shorts_ok
0.07548954517408554,0.15432345167687442,shorts_ok
0.07435947141290979,0.13318738608676206,shorts_ok
0.12663678717863688,0.27599625620005336,shorts_ok
0.08266280223098063,0.19871336659160438,shorts_ok
0.07306752536891568,0.08306569507786946,shorts_ok
0.11080677298688948,0.23681276963892642,shorts_ok
0.45785153144954854,1.8623918793965792,shorts_ok
0.12046018871694286,0.27133894997681085,shorts_ok
0.044221035675589826,0.1068042146294583,shorts_ok
0.10913629693443933,0.18192398836892476,shorts_ok
0.20775231348162532,0.7063968266071612,shorts_ok
0.20963021652794797,0.7340188724041192,shorts_ok
0.0728674792751889,0.08654776463732096,shorts_ok
0.11859794945493185,0.21783798283465666,shorts_ok
0.11128896313339116,0.238525766864338,shorts_ok
0.0853002678557785,0.13920259867111442,shorts_ok
0.004449228699371742,0.2396021333490682,shorts_ok
0.05139382856823127,0.40467310492436603,shorts_ok
0.09002195073886297,0.147639172754721,shorts_ok
0.05859423731733459,0.5026969612075078,shorts_ok
0.026760232651507822,0.31095149712323333,shorts_ok
0.08170121954894508,0.13758072653595735,shorts_ok
0.14947954698219512,0.7504334346697513,shorts_ok
0.09602934884258695,0.14217951203964568,shorts_ok
0.12170013209694223,0.4254087902476902,shorts_ok
37.98140979224753,136.84667148675626,shorts_ok
0.1029839433565365,0.29752693189413326,shorts_ok
-0.10102583630066259,0.9396137155497172,shorts_ok
0.05495133528213147,0.07123552869182208,shorts_ok
0.23679427919350998,2.6524390609499595,shorts_ok
0.08071465731686893,0.0970978815500087,shorts_ok
0.1088900638820906,0.21803301645731804,shorts_ok
0.11920539622270396,0.2539822060748052,shorts_ok
0.15816877989406164,0.5900323804887637,shorts_ok
0.1361290762707957,1.422565379389947,shorts_ok
0.0720476878457053,0.18519193881589527,shorts_ok
0.10533846211966189,0.2137692502736525,shorts_ok
0.07809574048637853,0.1724648643856809,shorts_ok
0.056616065934464284,0.09362941472124166,shorts_ok
0.10774309673542426,0.18494571661834042,shorts_ok
0.09504468598190827,0.16618374232896962,shorts_ok
0.16577018417750075,0.4846824263904685,shorts_ok
0.09035656451242616,0.23839187889533991,shorts_ok
0.08467979707189423,0.2879310781716194,shorts_ok
0.05777554542441289,0.12729629537747314,shorts_ok
0.10302926500288032,0.214834265183483,shorts_ok
0.6935264846671265,2.348726560809868,shorts_ok
0.15247213307286753,0.48864046992203236,shorts_ok
0.09402376073302879,0.15233519251935146,shorts_ok
0.11102313926092504,0.24070908474320526,shorts_ok
0.09480250824954901,0.20960409261189702,shorts_ok
0.06775714296975698,0.07235314450734258,shorts_ok
0.09080351297240558,0.1768734714151474,shorts_ok
0.051823520211703174,0.16327662021967745,shorts_ok
0.06795806148799043,0.28988322019993257,shorts_ok
0.05439241844324746,0.11512461308772244,shorts_ok
0.03169719599697056,0.18041979667278318,shorts_ok
0.08096791919127123,0.12127658873224954,shorts_ok
0.08594612697198471,0.20601368334455739,shorts_ok
0.0016712899244217799,0.24950709853103922,shorts_ok
0.08713406461090623,0.13124423675907265,shorts_ok
0.07292692813066322,0.10110182120171349,shorts_ok
0.4731726206755213,1.5647476332955068,shorts_ok
0.12612301767578304,0.2426493591882097,shorts_ok
0.027916743639956512,0.5395868966347718,shorts_ok
0.06569811980259267,0.18350454175174105,shorts_ok
0.05080760217395573,0.10899925236011285,shorts_ok
0.06599207532060893,0.14261775833257756,shorts_ok
0.26285271049586934,1.350055599473801,shorts_ok
0.08427621316490709,0.14328202216042843,shorts_ok
0.09605172800291707,0.2056241205619231,shorts_ok
0.14305532193287324,0.36012570293095153,shorts_ok
0.09673718675827364,0.17802133497927242,shorts_ok
-1.8468403920017673,8.836802678322607,shorts_ok
0.040920844895281853,0.09890143249938574,shorts_ok
0.07345156905094641,0.14942770629767477,shorts_ok
0.08246333786639615,0.10965446384454174,shorts_ok
0.07817280018379069,0.15020502708288308,shorts_ok
0.07662923173713865,0.17373639807586336,shorts_ok
0.015698219341642575,1.3197054717511074,shorts_ok
0.0764799575806223,0.2542090899218605,shorts_ok
0.14974021922172928,0.403447894455612,shorts_ok
0.025439812605358988,0.10310974522429907,shorts_ok
0.698188039827544,3.3969181390585828,shorts_ok
0.06851544190700129,0.12037139806120081,shorts_ok
0.0757320597327313,0.10853062620776449,shorts_ok
0.01916749542947974,0.23437120099559736,shorts_ok
-0.3652323410822346,1.7916918126424446,shorts_ok
0.09983325150891335,0.23006693899448596,shorts_ok
0.23874589916389202,3.7265760784816173,shorts_ok
-0.06594303697384103,0.558254132246952,shorts_ok
0.10483722647680134,0.17145004562161603,shorts_ok
0.0804673545217479,0.17058650995078617,shorts_ok
0.09073695919311543,0.15046274974559795,shorts_ok
0.08953800352852928,0.30147333217071703,shorts_ok
0.09486298574298009,0.13984196652155453,shorts_ok
0.07534130573967934,0.08715234731673248,shorts_ok
0.08376383169441033,0.15400762126262038,shorts_ok
0.09339473843261971,0.17235876901837108,shorts_ok
0.07108252404860713,0.08588508071422211,shorts_ok
0.013831747973856811,0.1858167093755082,shorts_ok
0.07340029546440247,0.08739893482515357,shorts_ok
0.07701725824090626,0.18912524752742296,shorts_ok
0.08629985503216878,0.1862979601514442,shorts_ok
0.06975557193216489,0.48416311524517547,shorts_ok
-0.004522283310645778,0.21403082371730908,shorts_ok
0.08498792534580665,0.11645818440343035,shorts_ok
0.06483504194234821,0.102784663937009,shorts_ok
0.0449613914082182,0.4182446993354728,shorts_ok
0.09699311719001101,0.19493377241155527,shorts_ok
0.10472615832311763,0.45243434847015757,shorts_ok
0.022032504320858584,1.2062444281417308,shorts_ok
0.07296095600060902,0.10574649100877719,shorts_ok
0.2878341077848242,1.2832524379268382,shorts_ok
0.8047380853487603,2.851829087748825,shorts_ok
0.08871309637312257,0.3006035569691526,shorts_ok
-0.014844726294847116,0.33277283278930664,shorts_ok
0.3852808664389233,1.6978958146197767,shorts_ok
0.079036410893845,0.14228389581087544,shorts_ok
0.08470932117759702,0.11886350827432315,shorts_ok
0.11217297176077633,0.6403352221381705,shorts_ok
-0.015800202212942285,0.36464125552184073,shorts_ok
0.06582233214053651,0.07072628341202841,shorts_ok
0.08589337475084813,0.144733278547865,shorts_ok
0.28358697393445126,0.9049970203185795,shorts_ok
0.4891141912883071,2.0039532520641905,shorts_ok
0.08530263379247052,0.19180042582754755,shorts_ok
-0.05398609818688368,0.37641440033301576,shorts_ok
0.43864950791135043,2.680522745155267,shorts_ok
0.07126500184067974,0.8527507518256103,shorts_ok
0.0995099851051872,0.23675437069367392,shorts_ok
0.07891949816163693,0.1704882430161497,shorts_ok
0.11205880054714085,0.2792950261048208,shorts_ok
0.23768565921208384,0.8155510696532243,shorts_ok
0.06504161887143871,0.1480117446363709,shorts_ok
0.077195993213721,0.11927600534572944,shorts_ok
0.19093694985088666,0.5930166482980391,shorts_ok
0.09535657733575642,0.20231826844019357,shorts_ok
0.08137947218441696,0.13028227499489398,shorts_ok
0.5138692897793048,2.2814900977050736,shorts_ok
0.07326645610371764,0.12334926947390608,shorts_ok
0.1295494092360864,0.6758650569033804,shorts_ok
0.044515217075433655,0.13602872536959484,shorts_ok
-0.021897788989889234,0.3744993377189512,shorts_ok
0.05185811847473241,0.17980198189708696,shorts_ok
-0.027855328168173796,0.4621652438991733,shorts_ok
0.13813514810449795,0.471803051887778,shorts_ok
0.08283334629991747,0.10296262535641455,shorts_ok
0.0657412561095797,0.5871830797371218,shorts_ok
0.17836673043820278,1.0726960672664172,shorts_ok
0.039934387888954245,0.26076983210799476,shorts_ok
0.08218413789650948,0.11411586248913379,shorts_ok
-0.0025172273117364066,0.3581512154013037,shorts_ok
0.11389723607683393,0.3745222919227965,shorts_ok
0.12434330364398008,0.2816960828685507,shorts_ok
0.09878488028177283,0.1450573733361358,shorts_ok
0.06336820517130512,0.08055026528613639,shorts_ok
-0.30711402650183905,1.200751264720463,shorts_ok
-0.0038676156541574747,0.234233837391297,shorts_ok
0.08506697962139201,0.15665253397170814,shorts_ok
0.11473284655499809,0.85258758328681,shorts_ok
0.12034659323986198,1.5653301591091937,shorts_ok
-0.4904335635343374,2.6210002886542028,shorts_ok
0.07903095150043676,0.1170645242990142,shorts_ok
0.04645359662086794,0.05892292394426696,shorts_ok
0.040295279158686456,0.3251361622740943,shorts_ok
0.007686913029420916,0.3115190394988942,shorts_ok
0.08935227156419824,0.13335720980782784,shorts_ok
0.07085345233890795,0.20248521670156192,shorts_ok
0.012681966717776784,0.16978167771764602,shorts_ok
0.06562319889315986,0.1354547756430145,shorts_ok
0.09477084032069208,0.1948723866547499,shorts_ok
-0.021724458674370492,0.4385781121773051,shorts_ok
0.2202648695155665,0.6501710077736541,shorts_ok
0.0791619046198062,0.31074903430063794,shorts_ok
0.05854607432296842,0.19496077898489378,shorts_ok
0.2372572290467183,1.0971451307141695,shorts_ok
0.08129308272584321,0.26615061732996914,shorts_ok
-0.04098416420038522,0.4780287714973228,shorts_ok
0.10098101918712653,0.16925567464270735,shorts_ok
0.15593099489742354,0.4711571076725598,shorts_ok
0.08417011787592127,0.1585405439700894,shorts_ok
0.07147795486262339,0.10752764676205835,shorts_ok
0.13843400297376346,1.2320955329036842,shorts_ok
-0.06375946152431138,0.5174329749454386,shorts_ok
0.07764543896104217,0.10200614336870904,shorts_ok
0.08869869282778477,0.18337217522624152,shorts_ok
0.13386464072803186,0.2944946489931169,shorts_ok
0.04247448131981156,0.13476758907901581,shorts_ok
0.07801988088521425,0.10281250717808915,shorts_ok
0.0607235743946991,0.09761561091487546,shorts_ok
0.0631507467515548,0.1794160831557254,shorts_ok
0.09122191464938445,0.15043576075791562,shorts_ok
0.10453275756906932,0.253411121108571,shorts_ok
0.20509187634464596,0.8174417349545049,shorts_ok
0.15434681337529127,0.4381536549184376,shorts_ok
0.0798382067350397,0.1216622559816944,shorts_ok
0.22274542139667747,0.5703234018928349,shorts_ok
0.08537959772987119,0.11957946398699212,shorts_ok
0.06642141164556173,0.1186546505257977,shorts_ok
0.19565115658699223,0.5076731554403723,shorts_ok
0.24967128223164387,0.8031805041366261,shorts_ok
0.13159748551086256,0.7657410850363155,shorts_ok
0.08242909677893669,0.11140472838002886,shorts_ok
0.09948800554695728,0.25279173647339753,shorts_ok
0.0773267313539239,0.09407936324704896,shorts_ok
0.09806904864219138,0.4249003486576646,shorts_ok
0.09453872518557224,0.22833627553867328,shorts_ok
0.1357322068076654,0.27207435154553594,shorts_ok
0.09315310661046808,0.3190389669094378,shorts_ok
-0.09867444412906048,1.5561449140161596,shorts_ok
0.06695121557589473,0.12006646930007263,shorts_ok
0.0946501411903571,0.2514913121121445,shorts_ok
0.1663222347882495,1.2244459161489976,shorts_ok
0.07899641843624722,0.14608213542851303,shorts_ok
-0.0040560509203478685,0.5256273700802008,shorts_ok
0.09177355905267078,0.1465837416955146,shorts_ok
685.9217588175665,2307.3126169784623,shorts_ok
0.13902095663178535,0.35842745799637143,shorts_ok
-0.12161881718958172,1.46360064654631,shorts_ok
0.10937604642612006,0.21327418889044822,shorts_ok
0.08981957372650759,0.27795631619736233,shorts_ok
0.20569893234649617,0.5168240577844835,shorts_ok
0.0757227163504748,0.1018826040583095,shorts_ok
0.22423377325875876,0.9470793915154703,shorts_ok
0.08849251527975607,0.14785040407384475,shorts_ok
0.10626495613231327,0.2104172930098341,shorts_ok
0.08253607789566288,0.14357281744545214,shorts_ok
0.02602223076596874,0.3107620896909135,shorts_ok
-0.1532330284358358,0.8910253244164485,shorts_ok
0.10759176565388895,0.25011643694405195,shorts_ok
0.065239420712817,0.06705635145274241,shorts_ok
0.08331178154702298,0.14446414637908372,shorts_ok
-0.030010860230859485,0.39419368495925583,shorts_ok
0.13627171873728708,0.3109083916188672,shorts_ok
0.5048887840269282,2.000468983911955,shorts_ok
0.061761205573698026,0.19104583476815123,shorts_ok
0.09143206710591018,0.1708137860468322,shorts_ok
-0.05453016567678044,0.40199819421658706,shorts_ok
0.09161637435582327,0.41245342977121247,shorts_ok
0.1317998509826973,0.3399150983626336,shorts_ok
0.10342508091386284,0.18723128259445473,shorts_ok
0.05204074247044186,0.4948609159204946,shorts_ok
0.07212752664543479,0.08406650887277894,shorts_ok
0.08993273011461171,0.15207173349840658,shorts_ok
0.07258985163698158,0.08854955935782319,shorts_ok
0.0416752889023741,0.12882684353860244,shorts_ok
0.0651872568316687,0.1264996319957882,shorts_ok
0.09285902819115958,0.20663289101719476,shorts_ok
0.07051295598339731,0.14541062663956766,shorts_ok
0.045967114500169916,0.13396989682887675,shorts_ok
0.07532537546417785,0.11322484950442897,shorts_ok
0.13142249455058883,0.31955266452762315,shorts_ok
0.014449581091427225,0.15825209271418636,shorts_ok
0.07955407698629297,0.29008436148273364,shorts_ok
0.09432430293590341,0.147560081056118,shorts_ok
0.1263451636195773,0.4261111756510684,shorts_ok
0.08031021758972776,0.6460862386778611,shorts_ok
0.0708628270500375,0.09401913308589856,shorts_ok
0.05007621740968911,0.06794155612748716,shorts_ok
-0.032675592725426056,0.36075266592088756,shorts_ok
1.7166854322750074,20.487976571151975,shorts_ok
-0.013746199715551171,1.5172729842896298,shorts_ok
0.15035908533950978,0.44245211093205267,shorts_ok
0.15228617595522753,0.37432061413171325,shorts_ok
-0.030807583908169914,0.6056650069897327,shorts_ok
0.3269570597349516,0.9413855708354908,shorts_ok
0.43309889608883745,1.6305059958197254,shorts_ok
0.06374269897511595,0.12521021242729596,shorts_ok
-0.1785481425967994,1.3537724859428777,shorts_ok
0.0667189702753136,0.14006289365146035,shorts_ok
0.063456388195818,0.21342624367310473,shorts_ok
0.1545688395189546,0.35829615165904255,shorts_ok
0.0974834708254519,0.16861342775644733,shorts_ok
0.04436267664728426,0.1607467353229036,shorts_ok
0.15887174675099502,0.5126845615478455,shorts_ok
0.06357868568190397,0.07003778609590307,shorts_ok
0.08375305610422167,0.13079359375265392,shorts_ok
0.12052355599559562,0.35091266416660594,shorts_ok
0.138783101022154,0.37403099730853223,shorts_ok
0.08209385913415944,0.18295164288254465,shorts_ok
0.07240594976774127,0.11692465142117267,shorts_ok
0.06934382974325189,0.10873168530640716,shorts_ok
0.06612425965664999,0.10983003107673547,shorts_ok
0.08097816923549808,0.09932189075946524,shorts_ok
0.08687495211913747,0.19023861811588796,shorts_ok
0.5605044886827147,2.564329205927814,shorts_ok
0.09885869809644758,0.44602021773746076,shorts_ok
0.08717687941574483,0.22783320245930191,shorts_ok
0.08398262174978637,0.20721479045711694,shorts_ok
-0.318444927329279,1.6635821689223165,shorts_ok
0.29208661483544657,0.8051511543867176,shorts_ok
0.09842654231537266,0.16829208128391301,shorts_ok
0.09731005577970207,0.21336902566296456,shorts_ok
0.08354559978466614,0.44212630519304885,shorts_ok
0.08003829264357448,0.18412136109356542,shorts_ok
0.05327775092587062,0.11713354317619308,shorts_ok
0.09553010062824605,0.18617473300981724,shorts_ok
0.0030238653729911095,0.23295924334211973,shorts_ok
0.17163811056822728,0.4587871479750299,shorts_ok
0.08280735775309953,0.14173095627637652,shorts_ok
0.012796729141061057,0.2813613745713606,shorts_ok
0.09716868424666746,0.16398746061038874,shorts_ok
0.0835065563826914,0.1392216628973606,shorts_ok
0.08007845111328006,0.155718003947195,shorts_ok
0.0703899326682499,0.1704393006287094,shorts_ok
0.05436848351647803,0.13039455684231266,shorts_ok
0.10328835349862223,0.23264481951792496,shorts_ok
0.11333674231357663,0.2203138926110249,shorts_ok
0.16982584599030284,0.43729381392961897,shorts_ok
0.04573224499111085,0.10240671758419954,shorts_ok
0.04466390089997759,0.18618516699568272,shorts_ok
0.09143250352965283,0.31939121019184996,shorts_ok
0.11630489663149877,0.21549728397475265,shorts_ok
0.035240413818341886,0.1443528226173621,shorts_ok
0.05456605348787234,0.08062296947212258,shorts_ok
0.07097374681799107,0.5488043693474216,shorts_ok
0.10489566333444417,0.19843523289232046,shorts_ok
0.0700088069758635,0.09161691401514975,shorts_ok
0.08678140426422698,0.18051750000751274,shorts_ok
0.09772876527907805,0.3612022201394138,shorts_ok
0.08302048043535458,0.2556191187759152,shorts_ok
0.14388654559442018,0.5306622457640344,shorts_ok
0.07663094971323495,0.08834175914413724,shorts_ok
0.40228593649190075,1.7837685272831165,shorts_ok
0.09922327431780498,0.17986599202562745,shorts_ok
0.08218149615948343,0.10595187645886495,shorts_ok
0.11792192607101282,0.36476447223597186,shorts_ok
0.10639357175564913,0.21174586174316995,shorts_ok
0.09303415183413122,0.2183816743165112,shorts_ok
0.0033230052479915717,0.6265659495501702,shorts_ok
0.07549703045812767,0.13769786021756583,shorts_ok
0.1542277595304205,0.43900022122037224,shorts_ok
0.11977905810371173,0.7523880897019727,shorts_ok
0.0739090790851431,0.1375783958600305,shorts_ok
0.07027008350843192,0.13558329488118068,shorts_ok
-0.05512007601278289,0.6667299036700495,shorts_ok
0.004086251665264445,0.3087332034066088,shorts_ok
0.060741638978483385,0.24168749543191026,shorts_ok
0.07090592726526458,0.3419084309735193,shorts_ok
0.0842612263411213,0.2547831398401778,shorts_ok
0.07863649236815252,0.15088639778889085,shorts_ok
0.058582183147471635,0.13248860284005562,shorts_ok
-1.8014817568068546,105.71122795239285,shorts_ok
0.09900828493366257,0.1954015298704768,shorts_ok
0.06084726529940075,0.16873331717630244,shorts_ok
0.04751284351043462,0.13573931168065292,shorts_ok
0.12763569290048793,0.29989870781607475,shorts_ok
0.05305330997399495,0.09855214475898141,shorts_ok
0.08154432383153395,0.09848504385742106,shorts_ok
-0.14045371091737324,1.0533372277884503,shorts_ok
0.12611528341895892,0.3787587406953104,shorts_ok
0.09719914032324865,0.17027107605162836,shorts_ok
0.08283018822252207,0.1500357748534403,shorts_ok
0.11249428255146292,0.23302619041923817,shorts_ok
0.0657730625435703,0.19649311944138764,shorts_ok
-0.5666715857583519,2.699012608324865,shorts_ok
0.08870642730519812,0.5149069478503638,shorts_ok
0.05032257120298757,0.2659172357597699,shorts_ok
0.07418134319302283,0.25876477020953015,shorts_ok
0.130253629389115,0.3279509140404693,shorts_ok
0.08074934760067881,0.11290763534239681,shorts_ok
0.05377466894663472,0.06857124544923363,shorts_ok
0.07533505240602928,0.1694446988795102,shorts_ok
-0.562624126544608,3.5503176097248534,shorts_ok
0.1265536653624057,0.652745578340175,shorts_ok
0.1113466769353227,0.22596270866429546,shorts_ok
0.10322247981561443,0.2075757835422876,shorts_ok
0.14556341602469106,0.36941696135344443,shorts_ok
0.07934071311792258,0.14197067416386666,shorts_ok
0.2251277226459041,1.024389829239435,shorts_ok
0.07408749563683086,0.16868838686746793,shorts_ok
0.06165467499500142,0.09651243927015071,shorts_ok
0.08910226451682299,0.13620432855979941,shorts_ok
0.030104186199771423,0.2755179760180976,shorts_ok
0.1373494013330055,0.4576144027574991,shorts_ok
0.03826591138801004,0.36435314844408523,shorts_ok
0.10923713910928344,0.3014111687201354,shorts_ok
0.02322152567862388,0.3132684390618156,shorts_ok
0.08704568551576691,0.1668883014184684,shorts_ok
0.15822334743789784,0.4766271789177158,shorts_ok
0.10445721599433239,0.22211919611513253,shorts_ok
0.07385071320946535,0.28101829153118923,shorts_ok
0.05715647808367181,0.13043906032418814,shorts_ok
0.08138256257866375,0.10702530480710364,shorts_ok
0.06021547407819108,0.1083098261102139,shorts_ok
0.10788735980706217,0.2895449698936067,shorts_ok
0.08953696723478562,0.15927314031377368,shorts_ok
0.09556477438716365,0.1539468509325654,shorts_ok
0.06973122585789444,0.11414216661040492,shorts_ok
0.07342248132814023,0.10101895993029326,shorts_ok
0.08963593171254408,0.13118989387587768,shorts_ok
0.07718369211164045,0.17987117454719015,shorts_ok
0.08728739301354357,0.1357777536994901,shorts_ok
0.09185739729107854,0.16543465216854225,shorts_ok
0.09817913928498516,0.1479032796358129,shorts_ok
0.06583142684091578,0.06713287975730457,shorts_ok
0.13904441856875166,0.4925957644465241,shorts_ok
0.10464074454480582,0.23761537702176577,shorts_ok
0.04003400072039672,0.08568415984888932,shorts_ok
0.06328075434690077,0.18018310263179202,shorts_ok
0.06099329497318225,0.07176849264129877,shorts_ok
0.06612978809921781,0.3266868521065427,shorts_ok
0.04882202070642877,0.2844884751815533,shorts_ok
0.08925268041048845,0.19044709613054284,shorts_ok
0.10005774043774637,0.2124853538656893,shorts_ok
0.05690984331063263,0.11155823058448788,shorts_ok
0.04710834578549906,0.1147056187397941,shorts_ok
0.023559099113309348,0.14924672534394987,shorts_ok
0.11603579529421347,0.3782837170563577,shorts_ok
0.05162192220369159,0.12063279520186199,shorts_ok
-0.0413244572378789,0.7307200122155019,shorts_ok
0.14330625596533866,0.3848916834717519,shorts_ok
0.08413840012838363,0.10353528314403679,shorts_ok
0.07039655700018341,0.21986479543119952,shorts_ok
-0.07115572451096068,0.5971553318478465,shorts_ok
-6.067005566755698,36.56571755435042,shorts_ok
0.05756642279550499,0.1591154893087472,shorts_ok
0.058177383359559076,0.14512418587282158,shorts_ok
0.07839971019487604,0.18864080097143754,shorts_ok
0.0236139748814836,0.13271283880842316,shorts_ok
0.03643942469534028,0.2210247169682162,shorts_ok
0.01324033261849264,0.24410221690662126,shorts_ok
-0.03070449356281568,1.1125266949683716,shorts_ok
0.09068933003894775,0.15120924956862944,shorts_ok
0.004804994745332798,0.16787792469422896,shorts_ok
0.10581726649211128,0.19830746488166243,shorts_ok
0.10399007589924178,0.1694245226867489,shorts_ok
0.1008727007374079,0.4274735392360413,shorts_ok
0.10343175596356537,0.29151994032579903,shorts_ok
0.08437440837048739,0.12088649951282594,shorts_ok
0.0706101103481536,0.21952250816511124,shorts_ok
0.11432702512064469,0.20258957777301098,shorts_ok
0.294298152389042,0.9456650907653668,shorts_ok
0.14891312508977528,0.9140173318175887,shorts_ok
0.052927037599309064,0.07760375379809527,shorts_ok
0.12149325396209718,0.3183360352125073,shorts_ok
0.09726970968365935,0.6494327579119424,shorts_ok
0.04221765819465653,0.17101338460755003,shorts_ok
0.10137787487880932,0.20563383808619803,shorts_ok
0.03382655893877896,0.24534249085010904,shorts_ok
0.3968583756002021,1.1955224460774154,shorts_ok
0.08347045522534904,0.11168366065815646,shorts_ok
0.034689908149241645,0.11065436825592284,shorts_ok
0.09183084565213179,0.16568774065828387,shorts_ok
0.005766986372010449,0.2589969799738521,shorts_ok
-0.002076563918458585,0.23295329852306473,shorts_ok
-0.05695079378442701,0.49376427298598846,shorts_ok
0.07005401851880187,0.1132474894459258,shorts_ok
0.12696392468037357,0.3425758428533124,shorts_ok
0.08168055230329574,0.12770544374554177,shorts_ok
0.24983459394804297,0.799202494027224,shorts_ok
0.03633185093682976,0.16223403773371817,shorts_ok
0.06960030078781812,0.12550545388960604,shorts_ok
0.0910053887173993,0.2179261584551635,shorts_ok
0.05933237031576144,0.6255608710364033,shorts_ok
0.09695656429533162,0.15500614415210703,shorts_ok
0.0680823554855383,0.1427546415784484,shorts_ok
0.08234957798607628,0.10953663997877629,shorts_ok
0.08729192946200551,0.12812716128934712,shorts_ok
0.09570962254519261,0.17644964370746044,shorts_ok
0.12252573446354882,0.3001369086481541,shorts_ok
0.09117127316866111,0.1596501235798227,shorts_ok
0.11637672966564705,0.19550885796169973,shorts_ok
0.0848786355200898,0.12152082616770186,shorts_ok
0.10119619248805471,0.1955294474223704,shorts_ok
0.0008444128519467412,0.29043310599702093,shorts_ok
0.15010698854963617,0.45769587608706774,shorts_ok
0.07052363476372309,0.10874875477956214,shorts_ok
0.08092234033367951,0.11580467244558132,shorts_ok
0.03751679772625649,0.8114466068137167,shorts_ok
0.09155538004991205,0.2203547674466369,shorts_ok
0.07349328187191526,0.14631507546975878,shorts_ok
0.07312907688303251,0.0978806389142443,shorts_ok
0.12399977937799024,0.25616241015404684,shorts_ok
0.09826475806279317,0.22178433134459424,shorts_ok
0.09072599666287998,0.19873652006131248,shorts_ok
0.09530818488858298,0.20402659497290865,shorts_ok
0.09578241870328677,0.2767780161510104,shorts_ok
0.08338445721213325,0.14599830770896147,shorts_ok
0.09742655100064314,0.15066076993977803,shorts_ok
0.1969903214202305,0.6758282638348607,shorts_ok
0.06800618510744884,0.07200539674638048,shorts_ok
0.0817910599713176,1.0037915990003277,shorts_ok
-0.17338769046092226,0.8301994147120684,shorts_ok
0.08460135502259099,0.1443412808940243,shorts_ok
0.07671006127840611,0.17261699788057377,shorts_ok
0.09609529584677594,0.23349312265759012,shorts_ok
0.08651878305798819,0.14198297914413857,shorts_ok
-0.011173116492219913,0.36340652012511515,shorts_ok
0.05055680009210154,0.06659892263004889,shorts_ok
0.14523768453834923,0.4996938228248996,shorts_ok
0.13756504292198068,0.2911211054029038,shorts_ok
0.11019570115797382,0.2333435790432362,shorts_ok
0.04923321642825793,0.24871543485322356,shorts_ok
0.05232697965654002,0.45406155734268655,shorts_ok
0.056358521611047395,0.1536349879042026,shorts_ok
0.07636804181165278,0.10632847719905687,shorts_ok
0.050966359900858044,0.07286595091015981,shorts_ok
0.05784190610618907,0.11248108355191871,shorts_ok
0.917625124143585,4.72574580645725,shorts_ok
0.14455248608482943,0.5548773973958292,shorts_ok
0.18844053244108772,1.3914440213442356,shorts_ok
0.08584164960044162,0.15533689796811448,shorts_ok
0.11844143068343618,0.2545576776602991,shorts_ok
0.14013193887114161,0.426833011908539,shorts_ok
0.08986392713749407,0.13688168186228014,shorts_ok
0.07103450534711131,0.28258814475733457,shorts_ok
0.07247229585498306,0.1180289238724248,shorts_ok
0.19639006982607674,0.5551316020378307,shorts_ok
-0.0010204437134636896,0.4172401426088513,shorts_ok
0.10229272399505773,0.15753404079606947,shorts_ok
0.08606546778607929,0.26284851635051587,shorts_ok
0.07280666696723492,0.12444581085965593,shorts_ok
0.06777979750647449,0.13168728878161817,shorts_ok
0.07866104015322518,0.23385852636125398,shorts_ok
0.0782140656694866,0.10865915123889172,shorts_ok
0.10000761307823396,0.1856147939759238,shorts_ok
0.08652180544417147,0.16200494021037518,shorts_ok
0.13060580950220085,0.27034216943512474,shorts_ok
0.08913371556871548,0.16269602149139595,shorts_ok
0.038198381285400956,0.2800469526899155,shorts_ok
0.09076830457362228,0.2340413528958217,shorts_ok
0.028724453812261224,0.5748157314154093,shorts_ok
0.06419333607108757,0.11963915307483644,shorts_ok
0.078936285973236,0.10167689267845821,shorts_ok
0.07437357577290113,0.15597529052511733,shorts_ok
0.07784234368183815,0.20828115961696697,shorts_ok
0.10145867654113816,0.23455002288113244,shorts_ok
0.05348720300732203,0.149124335759763,shorts_ok
0.051965686698121225,0.09100929057592672,shorts_ok
0.07783967636210914,0.1878653093397202,shorts_ok
0.14659748278580753,0.36219358452159367,shorts_ok
0.07489838898638941,0.09243866888068673,shorts_ok
0.15277643856287024,0.3843799557496918,shorts_ok
0.08466710565502983,0.11867110207140641,shorts_ok
0.16861385321961683,0.7040463563859123,shorts_ok
0.11651844464562106,0.2371915783583082,shorts_ok
0.07235636811308419,0.10873660871141215,shorts_ok
0.08472806108678323,0.1312393358770934,shorts_ok
0.05051955736652157,0.3355540372912489,shorts_ok
0.006412215884587476,0.1658716656465427,shorts_ok
0.19079103259173671,0.7221297840804027,shorts_ok
0.11174521855872564,0.228730297017582,shorts_ok
0.07577564272334168,0.08389617727398202,shorts_ok
0.0663002901921647,0.10465730310784652,shorts_ok
0.08177187301966508,0.16869971807448303,shorts_ok
0.12247497288381616,0.2979712974720423,shorts_ok
0.11904835316628805,0.2422016919110613,shorts_ok
0.09333124665447178,0.14207907881139378,shorts_ok
0.16795828325538417,0.38403571348870985,shorts_ok
0.4951134247282647,2.81763766064186,shorts_ok
0.06591322708546946,0.07967952547450047,shorts_ok
0.04779924655756326,0.13287922135615618,shorts_ok
0.19056735227999694,0.5197898913524629,shorts_ok
0.05025564532160834,0.1647232650852141,shorts_ok
-0.21978245479847103,1.8800929038548688,shorts_ok
0.11115748086761539,0.5980353807790425,shorts_ok
0.0957831230022319,0.20373469959874113,shorts_ok
-0.004864334657498999,0.4943530640946728,shorts_ok
0.20798689327579226,0.5340780565024639,shorts_ok
0.09166105852771544,0.15187401019582125,shorts_ok
0.06653396978001107,0.07935616539863409,shorts_ok
0.058178028038174394,0.07082822466365112,shorts_ok
0.2581854753733853,0.7793123204347916,shorts_ok
0.0742528509877964,0.3470649444116345,shorts_ok
0.1064057973899402,0.22777562645029883,shorts_ok
0.02771308847174123,1.166012987551819,shorts_ok
0.11044047436852851,0.2045239007196812,shorts_ok
0.03317067288875035,0.1926900739716327,shorts_ok
0.0811645708555812,0.10540570967360587,shorts_ok
0.005722045309494255,0.25525593904816407,shorts_ok
-0.012079814815507905,1.1719378452382063,shorts_ok
0.06424397034053035,0.08275694950244072,shorts_ok
0.10822367477232275,0.33364777994704453,shorts_ok
0.06916608349294256,0.07860308907452507,shorts_ok
-2.121518087049691,11.024376330918443,shorts_ok
0.15603671221077395,0.3684866497119629,shorts_ok
0.11887122943733781,0.24149184012161756,shorts_ok
0.08064306824188368,0.11779934979774324,shorts_ok
0.01107498660984724,0.19649159551359122,shorts_ok
0.13634152343437259,0.5333179840307628,shorts_ok
0.09178942034338287,0.13260400922187995,shorts_ok
0.10671982172486111,0.2581676874325077,shorts_ok
-0.10444587047371848,0.6347365239931381,shorts_ok
0.15852625378601734,0.5298210690727059,shorts_ok
0.10009336588147026,0.30257244347994916,shorts_ok
0.2037204358889533,0.5494480898275957,shorts_ok
0.07205414172117859,0.24578263377947654,shorts_ok
-0.38835954651984933,1.6493574042672527,shorts_ok
0.14607119983736574,0.3219821431347023,shorts_ok
0.04019729169951569,0.35660651884140854,shorts_ok
0.034932166247016526,0.2588137590714578,shorts_ok
0.14983364722844414,0.36992815097887655,shorts_ok
0.035823007084914225,0.2637281969993758,shorts_ok
0.16864169179977573,0.406689506944667,shorts_ok
0.19616982648858877,1.118637366415036,shorts_ok
-0.0831955181283855,0.479680344501257,shorts_ok
0.07439507033981241,0.09755998483236548,shorts_ok
0.29896248860282837,1.0621439383568736,shorts_ok
0.062169786970777824,0.09556667455228368,shorts_ok
0.10162269160502702,0.29709945271086946,shorts_ok
0.07340191765968415,0.08989019891307858,shorts_ok
0.0436342571550693,0.2854425836200725,shorts_ok
-0.06309191424931329,0.3655962366426632,shorts_ok
0.05526419402317322,0.08390788257458968,shorts_ok
0.05617729297067941,0.07150221058759776,shorts_ok
0.028085268287192353,0.14745802348858614,shorts_ok
-0.0023499075394149494,2.658710472971448,shorts_ok
0.12300777309202508,0.3164578562062431,shorts_ok
0.028452160631517932,0.3380324128082358,shorts_ok
0.6946301206026718,5.710199250307107,shorts_ok
0.09788564765150982,0.20081336664654842,shorts_ok
0.12873180187579916,0.48321973813614927,shorts_ok
0.1315450923811445,0.4306506407232918,shorts_ok
0.0875607879536843,0.1327480389378717,shorts_ok
0.041104768586898086,0.44676099762897387,shorts_ok
-0.058875058905762265,0.923598773883952,shorts_ok
0.05937305746103398,0.14749704103734523,shorts_ok
0.09719609971710426,0.15334574427838535,shorts_ok
0.08975247224801466,0.18738989039437118,shorts_ok
0.086950630509115,0.13457510512972576,shorts_ok
0.08442487509809402,0.11708141379535758,shorts_ok
-0.0007302917348595279,0.48840461046243355,shorts_ok
-0.04457715404597335,0.6269388764913825,shorts_ok
0.0646364275009185,0.12604292695107105,shorts_ok
-0.19936791909979135,4.902836757306071,shorts_ok
0.21899717457996962,1.6697219444267377,shorts_ok
0.07755896601688293,0.23724003665230162,shorts_ok
0.0931620193658287,0.8682692926540592,shorts_ok
0.05886202327324956,0.25158362658227856,shorts_ok
0.2192719563580831,0.7668311868226584,shorts_ok
0.0795365945344118,0.10451338933348268,shorts_ok
0.06570740671111538,0.13041171681601382,shorts_ok
0.06773584150783817,0.09014925649147405,shorts_ok
0.06644352121618394,0.06333011783898279,shorts_ok
0.11493832027029402,0.28649038025660295,shorts_ok
0.09862252105695977,0.18931868212478423,shorts_ok
0.08273645957663571,0.2805042332820113,shorts_ok
0.06107304065054822,0.08940059573773515,shorts_ok
-0.06475958079716661,0.6006274581202475,shorts_ok
0.2898352169465424,1.6433880956525377,shorts_ok
0.0838281420753327,0.14049400453422026,shorts_ok
0.07278727765280597,0.1170974145561723,shorts_ok
0.06608568831210067,0.28207016357482567,shorts_ok
-0.07697100984308505,0.5181059145937351,shorts_ok
0.11836081371041647,0.35160709430784887,shorts_ok
0.08901418159327237,0.14764753406815734,shorts_ok
-0.1382223001213051,0.8164947881501853,shorts_ok
0.11411923960277223,0.36111052894918705,shorts_ok
0.06655865093231046,0.088262058962915,shorts_ok
0.15717261657631632,0.866986194798045,shorts_ok
0.23515653457773913,0.6417434286612365,shorts_ok
0.0739827819094049,0.11339821934878563,shorts_ok
-0.13993270046609396,0.7642993053300573,shorts_ok
0.13157817838150832,0.3221735349817597,shorts_ok
0.1229829658885035,0.2810314641742525,shorts_ok
0.0563866399252515,0.13214710261946644,shorts_ok
0.09868389315068618,0.18474503863084643,shorts_ok
0.11572653124184944,0.27759927544961893,shorts_ok
0.08798288944078264,0.2132630149936577,shorts_ok
0.06298238946744798,0.20791758895088913,shorts_ok
0.08085843452789379,0.20416394607579116,shorts_ok
0.0821504383462965,0.11889831892531734,shorts_ok
0.10662820754637366,0.2461825233807374,shorts_ok
0.09365706733377183,0.16291971770270605,shorts_ok
0.06894504522288179,0.0850770819363636,shorts_ok
0.06468890819025812,0.06995134476387097,shorts_ok
0.12678720604484617,0.24628154973152508,shorts_ok
0.09563533042178865,0.33978083809271437,shorts_ok
0.3836126066868619,1.9256605397961224,shorts_ok
0.06169286269704683,0.07637335975294092,shorts_ok
0.06990211725612183,0.14784310569630676,shorts_ok
0.18655994823109848,0.5755345120612471,shorts_ok
0.06376640001793565,0.15210739344503083,shorts_ok
0.056500286046822175,0.05092822070132102,shorts_ok
0.05200917345606475,0.3467187764450546,shorts_ok
0.0510348108905527,0.3767364555661409,shorts_ok
0.07132439472141067,0.09772948878708945,shorts_ok
0.11279949365672141,0.2701487530619818,shorts_ok
0.10205068028658548,0.2503243826292681,shorts_ok
0.0706502200873019,0.10077592247827206,shorts_ok
0.07523226779031233,0.10891763244181249,shorts_ok
0.06435561257894025,0.09538395850261007,shorts_ok
0.5582467286971448,2.506994443207063,shorts_ok
0.0377067496127794,0.1929656282316317,shorts_ok
0.08277531756376653,0.16326995755946128,shorts_ok
0.06675480289342862,0.5519699720954945,shorts_ok
0.0591374480920166,0.2125264294942462,shorts_ok
0.08093910578159103,0.12495594713543424,shorts_ok
0.09468598939180084,0.15028587334222496,shorts_ok
0.258012135916203,0.8739695996712518,shorts_ok
0.47592673897544396,1.620802347703049,shorts_ok
0.457916770815299,1.7002511837511247,shorts_ok
0.12617007627266924,0.307152416925188,shorts_ok
0.048229538877179984,0.306058171477026,shorts_ok
-0.02948411931561458,0.2975305148297581,shorts_ok
0.06855823137919854,0.0922874494976428,shorts_ok
0.11512327634042704,0.42051236158147737,shorts_ok
0.11536046539351626,0.22523083606129207,shorts_ok
-0.008365847554556119,0.30787785958860914,shorts_ok
0.0039425718439780105,0.7986756223894724,shorts_ok
0.08678404183699848,0.14335165492615168,shorts_ok
0.09436048418910639,0.13944136111010744,shorts_ok
0.11007313407041892,0.22794653405085114,shorts_ok
0.03384123077320222,0.1698932567864102,shorts_ok
0.07463646530505909,0.10405458516734184,shorts_ok
0.06813634700175408,0.25433999981776634,shorts_ok
0.06781055223723212,0.06901615125522785,shorts_ok
0.05547815751537124,0.1059124557855969,shorts_ok
-0.0246140854672079,0.5493096418001044,shorts_ok
0.29958003665379096,1.2353861092010152,shorts_ok
0.09719505934322706,0.3357986590274966,shorts_ok
0.12780712802179658,0.2679777919756476,shorts_ok
0.0901756316669077,0.16386045629586918,shorts_ok
0.13013012965907272,0.38244843421997576,shorts_ok
1.5494028949551624,6.674986343776702,shorts_ok
0.11053635509658874,0.2295802018883856,shorts_ok
0.06090363211084806,0.09225530838142015,shorts_ok
-0.025395027084052876,0.41380549959983104,shorts_ok
0.15518816335073213,0.3477008762100321,shorts_ok
0.13477837992576974,0.3352513207045126,shorts_ok
0.10725581448619013,0.20878234220530706,shorts_ok
0.07798217632355159,0.1730204950369392,shorts_ok
0.09614539554874955,0.16024691986489048,shorts_ok
0.13972291718729635,0.5583444002999465,shorts_ok
0.08832196013993085,0.13335156991888306,shorts_ok
0.05328965846735175,0.20623939936643704,shorts_ok
0.07259207523837842,0.11315463143528769,shorts_ok
0.13568978284893143,0.43703704244162817,shorts_ok
74.15443555786078,590.9819539784722,shorts_ok
0.08753743376683257,0.13949621748365837,shorts_ok
0.09474538673054594,0.1758756402427679,shorts_ok
0.0755949572733408,0.13106852104873215,shorts_ok
0.0808782365840189,0.15030406333244692,shorts_ok
0.08104691613215341,0.13561039018995616,shorts_ok
0.17614402326099932,0.6647320774480868,shorts_ok
-0.02672914098030358,0.3526179784476683,shorts_ok
0.17478528480962338,0.6551050629081587,shorts_ok
0.1173718883959158,0.320709574092485,shorts_ok
0.07959900437938112,0.1884032740717648,shorts_ok
0.08246761394924272,1.096475112784789,shorts_ok
0.07605524185313438,0.11934951671149094,shorts_ok
0.09390637925312183,0.1326615418838092,shorts_ok
0.09015063778109357,0.16758541689840858,shorts_ok
0.07824397958645804,0.14119060702697034,shorts_ok
0.07490076156838114,0.10876749414853923,shorts_ok
0.07911321278183119,0.10825183168333694,shorts_ok
0.19094022735693722,0.7781742478549221,shorts_ok
0.06938684838056991,0.08872190839167074,shorts_ok
0.13309755510385587,0.7428098168568166,shorts_ok
0.15824538833266655,0.5143714025418128,shorts_ok
0.049009226379258,0.32492530991646634,shorts_ok
0.0838310060567639,0.188640130256439,shorts_ok
0.0571730156599397,0.09888588361927451,shorts_ok
0.05427549879871921,0.7201293812346937,shorts_ok
0.03314741697986722,0.33585827691675163,shorts_ok
0.10158990371259881,0.2705187434520268,shorts_ok
0.058064425169989255,0.15655835182618338,shorts_ok
0.07755417902315148,0.17887850257361307,shorts_ok
0.12549670644411046,0.30512419012500774,shorts_ok
-0.9314409552374207,3.7744775100272605,shorts_ok
0.07755765737298692,0.10813074651714004,shorts_ok
0.11665675983236218,0.2402043042243066,shorts_ok
0.1854702437039337,0.5460837684538812,shorts_ok
0.10035848733010369,0.2415367310576728,shorts_ok
0.09113386196668402,0.15067709339335178,shorts_ok
0.1292523442648351,0.3128645653017412,shorts_ok
0.12956860666472358,0.4403234191115841,shorts_ok
0.06337426629463913,0.8461392043289391,shorts_ok
0.12780877185106898,0.38680786515671284,shorts_ok
0.0681449629058511,0.14189811239416636,shorts_ok
0.04603451966118491,0.2422476108319422,shorts_ok
-7.237649600832144,45.791659518660396,shorts_ok
0.30265847450173405,1.1726830433293336,shorts_ok
0.0821539150563735,0.11954444357416029,shorts_ok
-0.0267803390907204,0.326062809983607,shorts_ok
0.1252671372915012,0.30657461663394764,shorts_ok
0.03078043773811637,0.496885557770578,shorts_ok
0.09061020872735039,0.14395196131637042,shorts_ok
0.06876835971926307,0.09493528925441254,shorts_ok
0.09467715434759279,0.15447412309693317,shorts_ok
0.07804617128208735,0.2627066659002828,shorts_ok
-0.09842342641022712,0.7652389252870997,shorts_ok
0.0991579998178835,3.298969601259287,shorts_ok
0.16710574933795186,0.3601348138563748,shorts_ok
0.0919060166667505,0.16731923773831053,shorts_ok
0.02229505691885639,0.1366392440616904,shorts_ok
0.10690393495305092,0.5163171938723524,shorts_ok
-0.03266102828443541,0.48803381093425086,shorts_ok
0.08522966387655387,0.16058159531675792,shorts_ok
0.0772685877814617,0.09978572403221508,shorts_ok
-0.7156755761574641,4.18333604972408,shorts_ok
0.12369206897532696,0.47506136866758036,shorts_ok
0.0686086217905761,0.5780017960844833,shorts_ok
0.05923495936000082,0.2383880421157172,shorts_ok
0.06652494940518926,0.13366672976845528,shorts_ok
0.06777319249387122,0.10946172247913645,shorts_ok
0.09336878212924275,0.19881622978243307,shorts_ok
0.07251663581001794,0.11199985691445685,shorts_ok
0.08989332166351119,0.1414594237962172,shorts_ok
0.0703278922419834,0.13108179096181394,shorts_ok
0.11812603424323652,0.2542647358441912,shorts_ok
0.06903539408596772,0.11511343155689696,shorts_ok
0.13858003506625025,0.4793730920163986,shorts_ok
0.08583327489347052,0.1578386421085063,shorts_ok
0.0841806311105154,0.12287292450035199,shorts_ok
0.07261674654363391,0.07728643374286814,shorts_ok
0.06872431692992738,0.10333711972199996,shorts_ok
0.12397562455843289,0.27801024340629027,shorts_ok
0.10220246875566766,0.34693794831362407,shorts_ok
0.07115267708078846,0.14900262350860488,shorts_ok
0.11082198451026287,0.39023117606073093,shorts_ok
0.06755141982183735,0.07129075378962219,shorts_ok
0.09039679135316035,0.1467013680687152,shorts_ok
0.10502049975033198,0.2686642141862386,shorts_ok
0.06692280363934938,0.10721349968722474,shorts_ok
0.059054378031795335,0.08135371945233388,shorts_ok
0.09186379309856325,0.1342684750424459,shorts_ok
0.17222936260380178,0.8825803452748683,shorts_ok
0.07270671814560978,0.14235135318610298,shorts_ok
0.10405332451202011,0.20540586318608986,shorts_ok
0.051053162167787956,0.08392792967804831,shorts_ok
0.07269989551697377,0.3365943675934702,shorts_ok
0.0946867899592583,0.2550290540469621,shorts_ok
0.03538619624001693,0.2976648052343595,shorts_ok
0.08795216975080342,0.15155423421439798,shorts_ok
0.0555352582349689,0.1629853683017129,shorts_ok
0.04748741434132032,0.12198594465065028,shorts_ok
0.06859034363016651,0.21396265361422964,shorts_ok
0.0654869528012753,0.12789868695549053,shorts_ok
0.10163741484146983,0.23223100007077058,shorts_ok
0.075505745154035,0.11040836138103899,shorts_ok
0.07589135834963884,0.20484737758298363,shorts_ok
0.09060299932609306,0.13602307419793586,shorts_ok
0.07966296699495365,0.21856587047048523,shorts_ok
0.07512239375251538,0.12966340596056664,shorts_ok
0.08995304138461317,0.13534959275461023,shorts_ok
0.003663804697537674,0.9503148878694014,shorts_ok
-0.049769920892898736,0.35707195808056724,shorts_ok
0.06046122970535974,0.09161101669269389,shorts_ok
0.08394518919696906,0.2051391814956829,shorts_ok
0.13233493975591826,0.4998585881191726,shorts_ok
0.036693227850424795,0.2768653669140484,shorts_ok
0.0859144674766922,0.23577204801885485,shorts_ok
0.2554117154295978,1.3203052193159261,shorts_ok
0.06698715630839996,0.1785217410524301,shorts_ok
0.054102800322990044,0.12634310416254754,shorts_ok
0.14448285432220917,0.4117041445848086,shorts_ok
0.08632927672604238,1.0038104545808124,shorts_ok
0.1543722440730539,0.4112762973735793,shorts_ok
0.06277179747214791,0.06968373554546214,shorts_ok
0.0773975495597082,0.12844420791689323,shorts_ok
0.08384853780002705,0.305162601747122,shorts_ok
-1.084123915161873,7.695272624118767,shorts_ok
0.06817632117582492,0.09006604097049573,shorts_ok
0.1247360241128935,0.27444077631916985,shorts_ok
0.10260292370362818,0.1749335114007652,shorts_ok
0.057710132426110866,0.1126919447471314,shorts_ok
0.5940236097154953,1.9418165725016818,shorts_ok
0.11756666132278333,0.31655716624872315,shorts_ok
0.0887983524954915,0.1183831708499949,shorts_ok
0.09524880730690517,0.1628064989535452,shorts_ok
0.040104247714006364,0.11957577775303742,shorts_ok
0.05117583248024819,0.25142014809930807,shorts_ok
0.13446329896376166,0.39245686494328613,shorts_ok
0.08474775715824538,0.19610078634808292,shorts_ok
0.0904716221338099,0.15672741667194215,shorts_ok
0.03133013928597551,0.5773479555543727,shorts_ok
0.09188452500487014,0.15847663241066887,shorts_ok
0.02199730795851217,0.46013855701776313,shorts_ok
0.11303677559277968,0.47081536521420336,shorts_ok
0.08146187612866294,0.1605652998329528,shorts_ok
0.07804990009764808,0.11476216892074402,shorts_ok
0.08334650247153912,0.4031374031372759,shorts_ok
0.08411879865390152,0.14471904982672734,shorts_ok
0.06958347509382166,0.1258001626164604,shorts_ok
0.08490596222608983,0.16317395373945362,shorts_ok
0.08839033348236673,0.3030529766642996,shorts_ok
0.06778148673074492,0.08735491931930255,shorts_ok
0.0707454830374268,0.10078853718660791,shorts_ok
-0.46152714365605446,3.977881534474264,shorts_ok
0.08265949969855725,0.12596715858152768,shorts_ok
0.0697317632156607,0.09994507178181433,shorts_ok
0.059377649748096624,0.09964062992230362,shorts_ok
0.07049408390214719,0.10107793504115814,shorts_ok
0.08512729856334798,0.17467423790463033,shorts_ok
0.19957776359899224,0.5035462008423524,shorts_ok
0.024147898581391162,0.3479707913778656,shorts_ok
0.048106524388172096,0.16115617124066475,shorts_ok
0.08200799124271745,0.17454344354141385,shorts_ok
0.05055033802999682,0.10674346007692745,shorts_ok
0.09243310963714207,0.3206680532850712,shorts_ok
0.09869470080892968,0.21180302836563822,shorts_ok
0.09493939799958141,0.1670924527510624,shorts_ok
0.07446791079147116,0.11704126231874616,shorts_ok
0.9462602290763968,3.715002299804798,shorts_ok
0.10225624864444119,0.20372203748123852,shorts_ok
0.7677145536352636,25.97929704840736,shorts_ok
0.11315941977466548,0.23311833009216462,shorts_ok
0.09119902941054538,0.1983174709078327,shorts_ok
0.11450729349792588,0.35951287812015775,shorts_ok
0.029060851261833626,0.9270536139137968,shorts_ok
0.03106625517376295,0.26007577432700074,shorts_ok
0.09990481009190945,0.14852462113932563,shorts_ok
1.9850842556080064,16.054654178045485,shorts_ok
0.0770600678508599,0.11162047298255132,shorts_ok
0.06700317154801336,0.22181309648049533,shorts_ok
0.06990152770189273,0.08126540130819154,shorts_ok
0.11861307461151484,0.22051892106360635,shorts_ok
-0.03138422383405495,0.4348728015729309,shorts_ok
0.08279901956940061,0.12574729617179906,shorts_ok
0.20125869657382595,0.5451070872559022,shorts_ok
0.07855783660636112,0.3717050501541264,shorts_ok
0.0764552220551051,0.10461072487207365,shorts_ok
0.06497501706921849,0.22414660180841195,shorts_ok
0.0920122385327992,0.13614495838255355,shorts_ok
0.044950422504596146,0.07821731623208596,shorts_ok
0.11502758587907541,0.2859745448054403,shorts_ok
0.037397216618480764,0.1099413571832122,shorts_ok
0.13088761797775214,0.2834997048804262,shorts_ok
0.12165495896083915,0.2617826036718215,shorts_ok
-0.030463051302686048,0.45230278522826445,shorts_ok
0.08200958964422424,0.14731615322252395,shorts_ok
-0.15294086008276,0.9528372693721602,shorts_ok
0.04637511935783954,0.19008642671043235,shorts_ok
0.08395783031304799,0.18163629518664628,shorts_ok
0.09014911278352061,0.1375632364735744,shorts_ok
0.034268350432628186,0.21892453783750856,shorts_ok
0.06179100426757292,0.1858065761895319,shorts_ok
0.09795092733716468,0.21992526096086795,shorts_ok
0.17225905848437578,0.3975776154823472,shorts_ok
0.10724461343739669,0.19179673852984094,shorts_ok
0.08091139949893661,0.14197008645125622,shorts_ok
0.14110181658222945,0.34936852574843696,shorts_ok
0.08454872081479807,0.2344596166205158,shorts_ok
0.34100702404089495,2.016404055048579,shorts_ok
0.10174313232999706,0.275867056856114,shorts_ok
0.17367645715665952,0.6081098745228251,shorts_ok
-0.00294876269767455,0.21783164955578121,shorts_ok
0.039141409585911356,0.13587165439746007,shorts_ok
0.10422201461341755,0.2979375769086571,shorts_ok
0.08012506676714255,0.11238401533758413,shorts_ok
0.09678646410380796,0.1580034603332277,shorts_ok
0.5670394743250852,1.8001402841791903,shorts_ok
0.13299877247223058,0.26449754696923705,shorts_ok
0.08208611851347489,0.1399445324558669,shorts_ok
0.11623003127612253,0.2601156862658713,shorts_ok
-0.1635161106818129,2.7028484977953364,shorts_ok
0.08354076267144579,0.1324343597958169,shorts_ok
0.059981758768337896,0.19358166259810075,shorts_ok
0.25690394626767116,1.5031236407819335,shorts_ok
0.07625117110032238,0.09903253811438512,shorts_ok
-0.021017956329285784,0.29702934402814474,shorts_ok
0.07167061586150172,0.12998494163275276,shorts_ok
0.08003651399920021,0.13248947343184242,shorts_ok
0.07025683969825927,0.11996514073059093,shorts_ok
0.06087220337779394,0.08550069149687298,shorts_ok
0.0615716362288582,0.1731668869088,shorts_ok
0.09076638642653169,0.15985746793120317,shorts_ok
0.047022732916837166,0.13521058003323524,shorts_ok
-0.03860733016410696,0.28983872971281666,shorts_ok
0.3156689541920218,1.6787537717827896,shorts_ok
0.07405085149418206,0.08583904458314044,shorts_ok
0.179576183659613,0.6606617783060201,shorts_ok
0.03983862482701053,0.17676737145714716,shorts_ok
0.2636238888785816,0.8522140339529263,shorts_ok
0.06802835034111036,0.27779419407811495,shorts_ok
0.12387105531414391,0.2715675229787776,shorts_ok
0.11391959713569617,0.3303910519674098,shorts_ok
0.10379929508081188,0.2144044618480182,shorts_ok
0.053216998516439185,0.19245364671958057,shorts_ok
0.06809092611233453,0.07904440397607537,shorts_ok
0.0715069442327198,0.18546990068987215,shorts_ok
0.05355858303845336,0.052963087039393696,shorts_ok
0.06457767991338081,0.0912881351294746,shorts_ok
0.18108968167139627,0.5075417854964087,shorts_ok
0.08101333874050208,0.14804280517115959,shorts_ok
0.06862673177432033,0.11495874231410745,shorts_ok
0.22439597676190587,1.3735815286407353,shorts_ok
0.00756192933117384,3.9079369940201323,shorts_ok
0.06207119517444457,0.25510983870419474,shorts_ok
0.04425818440479618,0.1264299391656387,shorts_ok
0.09272494977219799,0.18721353729662485,shorts_ok
0.347301847172495,2.3083416704194546,shorts_ok
0.08669833724258544,0.15321434842707707,shorts_ok
0.19138275338179042,0.6201184568937624,shorts_ok
0.17192763361450544,0.3828068178414098,shorts_ok
0.07252995288554802,0.08805416112124355,shorts_ok
0.10256487424263935,0.5230269433960101,shorts_ok
0.0842671015507977,0.14484656331534868,shorts_ok
0.07626281352569517,0.13789415662168628,shorts_ok
0.6795283243801693,3.8898299901117963,shorts_ok
0.053967152424513054,0.15585587256967728,shorts_ok
0.10188569966237829,0.17990085397984332,shorts_ok
0.106308586256046,0.18035970091532325,shorts_ok
0.1279796753978184,0.27157659562332503,shorts_ok
0.03678900182209953,0.25112433594913053,shorts_ok
0.05605545503656328,0.14966906551568437,shorts_ok
0.09798412694223452,0.187708698296203,shorts_ok
0.1082259059672965,0.22789556444309336,shorts_ok
0.09099455426863887,0.13711233448526738,shorts_ok
0.08530012460646906,0.12670528057921254,shorts_ok
0.18226829641172757,0.4715648911536889,shorts_ok
0.09662700849602353,0.28456848059363726,shorts_ok
0.11911767602933136,0.2432055896749366,shorts_ok
-0.09266690484168588,1.778729007363905,shorts_ok
0.02400291999396244,0.22523587201985032,shorts_ok
0.0944630511348906,0.19944753552712732,shorts_ok
0.02684979666791511,0.7937364968114292,shorts_ok
0.06923861103240331,0.3042650635091301,shorts_ok
0.10847560525363485,0.20382098489156977,shorts_ok
0.5446263550598542,3.5991854705479764,shorts_ok
0.0020772426515128046,0.17457291337494776,shorts_ok
0.06215107928709703,0.4900952059996032,shorts_ok
0.09177514295018167,0.3316614972236166,shorts_ok
0.08882556792064837,0.1385491253293392,shorts_ok
0.05486771043126613,0.20660558842257082,shorts_ok
0.025410250045691977,0.2842852150420112,shorts_ok
0.10695215794342017,0.18774447756836987,shorts_ok
0.03365725522204501,0.7010144552137294,shorts_ok
0.6664181226646673,3.528754473462381,shorts_ok
0.1119182906832653,0.26290411901068644,shorts_ok
0.08374055936267397,0.13558448870291506,shorts_ok
0.08087493226050577,0.17526413364851168,shorts_ok
0.08280145920092401,0.13851025434011618,shorts_ok
0.10167363820234036,0.23359982271818971,shorts_ok
0.05978939609199893,0.16608135117437361,shorts_ok
0.09404941540438304,0.1780892665966047,shorts_ok
0.08799581226723427,0.2071023169908479,shorts_ok
0.11986242194458524,0.3193913977301773,shorts_ok
0.10848368532158821,0.26234851355398925,shorts_ok
0.03951977181266837,0.22905603454832177,shorts_ok
-0.04424123357207365,0.41300082347815303,shorts_ok
0.08790950825703056,0.19181878305220484,shorts_ok
0.09931387379329824,0.28563760510938097,shorts_ok
0.08490498207950493,0.1568445179978344,shorts_ok
-0.11894545493797044,1.1429506309864852,shorts_ok
0.0301391571115084,0.11157406122259524,shorts_ok
0.07568773698202853,0.16223038100260476,shorts_ok
0.1579521906284918,0.4846404733935562,shorts_ok
0.04893778198627885,0.24556872023074994,shorts_ok
0.25886669621522806,0.8824907993653861,shorts_ok
0.08368351327073292,0.16141381166103108,shorts_ok
0.0991434356117716,0.2147402664361485,shorts_ok
-0.3050382253485865,2.789103132894713,shorts_ok
-0.4852584422390177,2.2676570101253524,shorts_ok
0.059742569692217536,0.24104537388519667,shorts_ok
0.09284896881317266,0.19215927740437677,shorts_ok
0.03864600275485454,0.12414603579631205,shorts_ok
0.05474227340661842,0.2538195890914352,shorts_ok
0.5584192201708553,1.816150379143497,shorts_ok
0.07638223052951,0.28515464997175005,shorts_ok
0.04046441455318767,0.1272979839111202,shorts_ok
0.10628555605075135,0.3139144012891325,shorts_ok
0.08627233070663459,0.15816771396732854,shorts_ok
0.08559840319543423,0.15756804186400328,shorts_ok
0.06157945806681541,0.10028948064294346,shorts_ok
0.1073685272692704,0.18859446260744123,shorts_ok
0.18556073041973947,0.5799516053085403,shorts_ok
0.07987643440277357,0.10887969553484074,shorts_ok
0.08217113424941767,0.1363972772254531,shorts_ok
0.08403873669422392,0.13560977996359444,shorts_ok
0.05970862835267691,0.5901662698222041,shorts_ok
0.20309627543382658,0.5977318146150303,shorts_ok
0.07133887513694406,0.14930113413225746,shorts_ok
0.2447136809274383,0.8291355510824103,shorts_ok
0.10856721218669295,0.2028885741391135,shorts_ok
-0.2339550222875753,1.3760893525741966,shorts_ok
0.1018261681505028,0.20067497489489874,shorts_ok
0.014956037459621246,0.18623642958459133,shorts_ok
0.08362952649237543,0.1304747383044011,shorts_ok
0.041534173675971016,0.07029891856358768,shorts_ok
0.0780809465973553,0.13488557896279477,shorts_ok
0.05214140821505154,0.19078406173692647,shorts_ok
0.03359138683862959,0.0878686631396315,shorts_ok
0.04796196515850938,0.10336169072628255,shorts_ok
0.10835893799613591,0.2141874404846682,shorts_ok
0.06676743520006248,0.09137632639545917,shorts_ok
0.07035775230976572,0.137372967717584,shorts_ok
0.09704242505392432,0.15203563819828167,shorts_ok
0.08636041314751997,0.17971361845155256,shorts_ok
0.06378176146166255,0.08105404454527398,shorts_ok
0.08539756602943635,0.14763767577436743,shorts_ok
0.11935933251919496,0.26912741256480316,shorts_ok
0.056537030563148266,0.11306267218828495,shorts_ok
-0.01563675304532752,0.3471296691855022,shorts_ok
-0.11335682290916792,0.7831215557032916,shorts_ok
-0.1915464449682971,0.8621992414129621,shorts_ok
0.08504619193275091,0.12399719114145363,shorts_ok
0.06754215166848077,0.09036917642322205,shorts_ok
0.09999142333874073,0.2366295142518069,shorts_ok
0.08243233757845114,0.12475432892746982,shorts_ok
0.15887429625222738,0.3557602483068683,shorts_ok
0.1021384876568747,0.21334912390011632,shorts_ok
0.10888538301653003,0.25708551280874675,shorts_ok
0.13190410059729035,0.2560555928904907,shorts_ok
0.016757548933592846,0.313613265230698,shorts_ok
0.09264967919501757,0.1747908470809509,shorts_ok
0.07519027124568917,0.11661941851767807,shorts_ok
0.26594609191428337,0.9495222418408804,shorts_ok
0.08054637016691474,0.11407135313656985,shorts_ok
0.07381364961470668,0.1072722912045465,shorts_ok
0.09134535419209328,0.14052514307404187,shorts_ok
0.1251949303179776,0.3326368792551871,shorts_ok
0.07948446898650828,0.14903291770548735,shorts_ok
-0.3270349234644581,1.1943484961402568,shorts_ok
0.08568923303104042,0.1565873122432937,shorts_ok
0.05358056203283882,0.08122742995702689,shorts_ok
-0.15558899592858053,1.8403741312410447,shorts_ok
0.03920143910026868,0.10084598531565554,shorts_ok
0.08842296794275137,0.11517148045349297,shorts_ok
0.09912943909078213,0.6342060811606767,shorts_ok
0.09968509409967417,0.3277957032484234,shorts_ok
0.17275286140501464,0.5508933536251579,shorts_ok
0.06490300591897558,0.1357787392957811,shorts_ok
0.07571464506889589,0.09168092854233846,shorts_ok
0.08584955671979373,0.14245646164131287,shorts_ok
0.08264057748936561,0.30664450344855737,shorts_ok
0.07086700819824929,0.1474133421041767,shorts_ok
0.09007650183172507,0.15111298308531895,shorts_ok
0.08226895230504558,0.16937316336291366,shorts_ok
-0.06628077868503893,0.4743388911587301,shorts_ok
0.1613953017001631,0.39128968981378565,shorts_ok
0.09837013432010196,0.15653166570933888,shorts_ok
0.26406022031009335,1.2613298807304687,shorts_ok
0.08908418729998736,0.32102557788470065,shorts_ok
0.00171187387859722,0.29307972509459684,shorts_ok
0.07376525510678408,0.1553313205617378,shorts_ok
0.1264349989695308,0.2780702857934798,shorts_ok
-1.1530051269590438,5.694012984475953,shorts_ok
0.09177469769253353,0.19045330601942226,shorts_ok
0.07015340354850333,0.1518468277900181,shorts_ok
0.09967151302162215,0.15357343394253228,shorts_ok
0.06989549602019444,0.17190568902179212,shorts_ok
0.1199658203280354,0.2662202184390691,shorts_ok
0.36721559770849876,1.8236491979410372,shorts_ok
0.09080115066191598,0.24157234891556276,shorts_ok
0.03868758729431991,0.11530405491914326,shorts_ok
0.1303758452687602,0.3136325883860906,shorts_ok
0.0044871203249804165,0.17330974973997787,shorts_ok
0.12459569514925935,0.34231114458457457,shorts_ok
0.0840356182890965,0.1806865517005566,shorts_ok
0.007868427124175088,0.15597992029521288,shorts_ok
0.06221656978630757,0.22757989692717653,shorts_ok
0.0681607245424155,0.07452408493869052,shorts_ok
0.08614842971759822,0.15568754037611737,shorts_ok
0.042046513040778374,0.1995324845006005,shorts_ok
0.0862783639892653,0.12274496549378178,shorts_ok
0.07885436953773882,0.10920975356397317,shorts_ok
0.0839356766254108,0.14696451581359382,shorts_ok
0.0635461192712876,0.23260192273028008,shorts_ok
0.13458523567121164,2.912713698160323,shorts_ok
0.10680410707194866,0.1987128536418163,shorts_ok
0.15683498421550213,0.515461264677885,shorts_ok
-0.16606175554060054,1.536017834210705,shorts_ok
0.09085511099514015,0.19708042970324038,shorts_ok
0.08304447458730461,0.13781938168557098,shorts_ok
0.030712105382454554,0.12678005168534817,shorts_ok
0.11124742747097002,0.20052819485131967,shorts_ok
0.1119125334774046,0.27602709609367626,shorts_ok
0.10804221638207029,0.2317070036798832,shorts_ok
0.06352222279728774,0.08682843319853731,shorts_ok
-0.13677861401053135,1.2067624748996948,shorts_ok
0.1037135958676639,0.21075994349661817,shorts_ok
0.22242524959606613,0.9979401165428782,shorts_ok
0.0845227075563624,0.24927071304166945,shorts_ok
0.08132558507216896,0.16643435336624773,shorts_ok
0.069560955468592,0.17286452020419418,shorts_ok
0.09384911999860618,0.16430914868699498,shorts_ok
0.07728050828850434,0.16839541364285782,shorts_ok
0.07930482251498683,0.10275477618000675,shorts_ok
0.1371450378479569,0.3456113059576609,shorts_ok
0.07730552457983195,0.3302648469942674,shorts_ok
0.08205113188872559,0.17638309482821699,shorts_ok
0.15994748570749312,0.5797474538840008,shorts_ok
0.07369599075013913,0.11198024136309158,shorts_ok
0.10795279891707849,0.43183587873636703,shorts_ok
0.19123165620040522,1.749596473187316,shorts_ok
0.09636101380404859,0.17829175085628157,shorts_ok
0.0685683179572433,0.15719309779923704,shorts_ok
0.07583514408053944,0.11427746334729381,shorts_ok
0.05295473950688229,0.16438547893549307,shorts_ok
0.11087734924642842,0.5333893892769224,shorts_ok
0.08724764086494571,0.19581406770935983,shorts_ok
0.07998537393011274,0.1316312686981617,shorts_ok
0.1084286473754475,0.2299837265253467,shorts_ok
0.09060142968844312,0.1598870274533894,shorts_ok
0.08897736788156635,0.1345254535833518,shorts_ok
0.09200006661262389,0.17692522564162866,shorts_ok
0.082571103370763,0.13374025483298513,shorts_ok
0.08742709777327862,0.1772749078590324,shorts_ok
0.07304019763905575,0.21526069440127368,shorts_ok
0.09122829596051485,0.15543219090218624,shorts_ok
0.07984457865583786,0.5551279773806806,shorts_ok
-0.030687110873267753,0.33839931263065987,shorts_ok
0.0772488392190209,0.1258147608263103,shorts_ok
0.23949868551499526,0.8221311267112109,shorts_ok
0.06386083047433909,0.07440083533733925,shorts_ok
0.19283127613184747,0.9651331332835704,shorts_ok
0.09617921371451078,0.32573901331304733,shorts_ok
-0.4263218475707791,2.12376217549368,shorts_ok
0.06508445317609832,0.1439112989376064,shorts_ok
0.06879852947725616,0.3416326356248051,shorts_ok
0.07840914921861683,0.1507992844639909,shorts_ok
0.1093266111098886,0.19619633710597378,shorts_ok
0.004504971207851379,0.19723838752231435,shorts_ok
-0.17165580216952944,1.3129252673726861,shorts_ok
0.07759184714619068,0.10191196941606222,shorts_ok
-0.1334654619052156,0.8882797201813782,shorts_ok
0.21422461478357718,0.6062435762520837,shorts_ok
0.054009033379732486,0.1112391716732655,shorts_ok
0.09314258364099738,0.15092370565854352,shorts_ok
0.09572524897598189,0.1949899822583716,shorts_ok
0.08996244236843579,0.16440747044516174,shorts_ok
0.14100604394403954,0.28557694878719286,shorts_ok
0.07414275505835767,0.10385268043179122,shorts_ok
0.012692942162741517,0.19150480578659054,shorts_ok
0.06973701733353822,0.12287150962013886,shorts_ok
0.02935956575654264,0.2645354173036504,shorts_ok
0.10521824625137564,0.17576243038935574,shorts_ok
0.2795181843860006,1.4733588500416073,shorts_ok
0.5862984313349254,2.4859622043871163,shorts_ok
0.023894799498965325,0.530045297854397,shorts_ok
0.07690242763946072,0.1084699885881601,shorts_ok
0.10004634258819743,0.16400835878364659,shorts_ok
0.09978044521259223,0.1684582573751749,shorts_ok
3.366127112047147e-05,0.7192242660638036,shorts_ok
0.0762175096551999,0.1152407480188558,shorts_ok
0.13454536674260448,0.290163262840677,shorts_ok
0.11507082234796545,0.2777646941341906,shorts_ok
0.13803348532681275,0.3968760761204172,shorts_ok
0.06212865311313686,0.07985526704142883,shorts_ok
0.07888925689962073,0.1112568560284789,shorts_ok
0.11168425747256856,0.2198992814119735,shorts_ok
0.0955465703122845,0.17213741641415417,shorts_ok
0.20326485415093665,0.8712918699292783,shorts_ok
0.09896440576662481,0.15016851023830283,shorts_ok
0.06597407442536884,0.13563792831227617,shorts_ok
0.0744034800468783,0.13135502145832262,shorts_ok
0.11116896457754527,0.21736125798424616,shorts_ok
0.0838205013011591,0.3854548238229342,shorts_ok
-0.2201404012936935,1.1165984258967896,shorts_ok
0.05647962823454971,0.37499612488578676,shorts_ok
0.1000531279573765,0.1618930225040463,shorts_ok
0.01113826996962652,0.38848659768698685,shorts_ok
0.14249264487494687,0.4499523090595678,shorts_ok
0.15355195344509612,0.33928298450057714,shorts_ok
-0.10098001701143088,0.5456145622967274,shorts_ok
0.09817504014647634,0.3320600862272439,shorts_ok
0.09642409090218435,0.1575611459327236,shorts_ok
0.2373775896963462,0.7791409951779111,shorts_ok
0.06793929033898918,0.11454862738943113,shorts_ok
0.13386785055817593,0.4690664044720656,shorts_ok
0.06433313145043475,0.24069481517373698,shorts_ok
0.11963099925566374,0.39940611633887924,shorts_ok
0.10597283686092009,0.2854644738693571,shorts_ok
-0.06598275110220966,1.0773039994407305,shorts_ok
0.2459564142488587,0.7301427950284501,shorts_ok
0.03964926505876029,0.10935153740863955,shorts_ok
0.45401224521494316,2.3081602749566836,shorts_ok
0.09571314658776461,0.15262827466313644,shorts_ok
0.07137061861934045,0.1942371964668619,shorts_ok
-4.0749502953215195,23.885555896076323,shorts_ok
0.10930866349399167,0.22296464409725605,shorts_ok
0.09931382435533419,0.23592121934948646,shorts_ok
0.0742099598089586,0.13502280275892528,shorts_ok
0.10174217068435155,0.2881629974322162,shorts_ok
0.0970639437439337,0.2193814188724031,shorts_ok
0.21489877104297478,0.5342390049706114,shorts_ok
0.1488024883984231,0.3026571456998773,shorts_ok
0.07927236202530027,0.1826072880905892,shorts_ok
0.04449540075678128,0.11238106529934903,shorts_ok
0.09408826316859156,0.1676336930567508,shorts_ok
0.0933124468742435,0.16909866442467877,shorts_ok
0.0612429334671369,0.10808964957408725,shorts_ok
0.010687026621511381,0.24511946363887688,shorts_ok
0.1059170323598488,0.17818925159902846,shorts_ok
0.133355138739593,0.4748894872233834,shorts_ok
0.06518085544666563,0.07480732959729502,shorts_ok
0.10196648414308972,0.17689723265402665,shorts_ok
0.1281942244430838,0.2707548062955496,shorts_ok
0.08166325526425026,0.134030625344819,shorts_ok
0.08490547000665105,0.11574574726061297,shorts_ok
-0.043659421749807414,0.401551101649051,shorts_ok
0.08217917729930167,0.13132028246704736,shorts_ok
0.058831944328542295,0.2537591741309687,shorts_ok
0.37093719051559665,1.346432958368921,shorts_ok
0.1588108395929146,0.6710803477219865,shorts_ok
0.08584641772117117,0.12756945500505373,shorts_ok
0.15654382224055607,0.3621536090600089,shorts_ok
0.11530842533101193,0.22148723421414446,shorts_ok
0.08425708308696733,0.14000702450239266,shorts_ok
0.1332874786846496,0.2791237027735802,shorts_ok
0.08591685560169264,0.11546636239127897,shorts_ok
0.10619965816044073,0.18026204112778535,shorts_ok
0.10141580178633623,0.21970681977085568,shorts_ok
0.054091919621182684,0.16459653562882834,shorts_ok
0.3836199490691626,1.0473893831639212,shorts_ok
0.09033875265832095,0.14736673832180086,shorts_ok
0.13212287115207785,0.3820263448368451,shorts_ok
0.10600541870058958,0.20185837867379824,shorts_ok
0.07841734607192478,0.16116549803166424,shorts_ok
0.10336823912065261,0.16892824113238744,shorts_ok
0.08609162483597664,0.1800105470247723,shorts_ok
0.1603046384744767,0.4229364035158318,shorts_ok
0.123611222919826,0.8498671432073608,shorts_ok
0.09581984977052843,0.173885851897605,shorts_ok
0.1170403092664098,0.2869151412455626,shorts_ok
0.07090564291251665,0.15480742808512762,shorts_ok
0.08029477954191622,0.12545527927464248,shorts_ok
0.047797857043927514,0.11532196983823088,shorts_ok
-0.0077138301815492544,0.3787938418878197,shorts_ok
0.04510041488303503,0.17985793591381832,shorts_ok
0.04542377846396296,0.3154945986184305,shorts_ok
0.05336515711332759,0.089522688168522,shorts_ok
0.0891099323963696,0.14864880728403249,shorts_ok
0.04366578650051193,0.1291159704514588,shorts_ok
-0.00336418389082823,0.39717531113458715,shorts_ok
0.11194640941221845,0.26245663410078907,shorts_ok
-0.013329215211466301,2.2596311229642843,shorts_ok
0.20423313488937367,0.9274493067556268,shorts_ok
0.08531002404826599,0.14301026880906537,shorts_ok
0.08668205608271355,0.12618286328693798,shorts_ok
0.07825486823752434,0.1374513317097947,shorts_ok
0.39790635492181986,1.3979823381816008,shorts_ok
-0.08989090820345792,0.9312772884172985,shorts_ok
0.0786321150340017,0.09833077478857549,shorts_ok
0.10150560602189182,0.21517174304194933,shorts_ok
7.9470936555017335,52.0277172478853,shorts_ok
0.14389636625674546,0.42869502825386646,shorts_ok
0.1256239108250508,0.27870045845569735,shorts_ok
0.11181243942141288,0.21269408001879025,shorts_ok
0.08333527425945654,0.11468479946377395,shorts_ok
0.012715841341353633,0.17627289044432726,shorts_ok
0.19836045051899254,1.1184862955766224,shorts_ok
0.09390623278696165,0.4778915183157314,shorts_ok
-44.025456229089635,202.19663554274973,shorts_ok
0.09015540411712955,0.15928186492123725,shorts_ok
0.07909740497682902,0.13487704537841375,shorts_ok
0.09136097523217923,0.17364416337185373,shorts_ok
0.07713874470726508,0.12455437555893023,shorts_ok
0.07438376249817973,0.11690177447174789,shorts_ok
0.10907583894271668,0.19967350124274175,shorts_ok
0.03456234114325378,0.12801590343010041,shorts_ok
0.008790091848884416,0.47676859199813065,shorts_ok
0.11668890429888856,0.20512802180385484,shorts_ok
0.08711054437041738,0.612551236576718,shorts_ok
0.08708370188909895,0.12873425521915835,shorts_ok
0.11067178782717448,0.2121570691787412,shorts_ok
0.0702328196200484,0.30103489929863037,shorts_ok
0.09393742557567548,0.278864750610921,shorts_ok
0.06548603872810672,0.16435123195353074,shorts_ok
0.04130979880599563,0.14802612645630284,shorts_ok
-0.17592890330952446,0.7556070485698716,shorts_ok
0.1040655876760222,0.23163616857119895,shorts_ok
0.08179459537000268,0.1510050861305938,shorts_ok
0.07361601848194481,0.08146564706764527,shorts_ok
0.044291149564801034,0.857154448438849,shorts_ok
0.07191652051942568,0.11070757636738039,shorts_ok
0.056243669660863214,0.17233390636508458,shorts_ok
0.07478446003561616,0.09584341148377408,shorts_ok
0.08482310984597259,0.14949088553331677,shorts_ok
0.06110345417995534,0.05310917381815285,shorts_ok
0.09670379128407214,0.2005957539266932,shorts_ok
0.14198720945056845,0.6914272563934297,shorts_ok
0.09481565696417775,0.4472492964990397,shorts_ok
0.0949781094155249,0.14448921581298715,shorts_ok
0.09527092531610355,0.15383606875544745,shorts_ok
0.02117414269415935,0.5582179943717246,shorts_ok
0.030580494218110488,0.1971409291609249,shorts_ok
0.1756580728436183,0.5344119441721761,shorts_ok
-0.023640949846299275,0.4293970430565807,shorts_ok
0.08743238867874002,0.22558636663118897,shorts_ok
0.07621838831276506,0.172321298426533,shorts_ok
0.058861215464639835,0.09560651955144427,shorts_ok
-0.06715744531935752,0.7166662523510724,shorts_ok
0.07349126534207472,0.08594493074150295,shorts_ok
0.09121848772519196,0.4151295471007478,shorts_ok
-0.07306699258422904,0.5051178838260728,shorts_ok
0.08087432937338426,0.15375619284284278,shorts_ok
0.08440291684815975,0.12418409894013147,shorts_ok
0.06409642835856082,0.13987209342873472,shorts_ok
0.08094567541294286,0.15250863942887652,shorts_ok
-0.010852680572238541,0.30000947003684036,shorts_ok
0.07936386712820617,0.41145924315297844,shorts_ok
0.18138604003745198,0.46976194049183007,shorts_ok
0.07671047701780215,0.2061673432721609,shorts_ok
0.05251327309263987,0.0986949710251868,shorts_ok
0.08708490118803112,0.11871657739773188,shorts_ok
0.2579363861308916,6.256293144539223,shorts_ok
-0.06510188471119856,0.8667746868891983,shorts_ok
0.07393292101687485,0.09402839663708094,shorts_ok
0.03785802088670758,0.2030452314282476,shorts_ok
0.05951896967319421,0.07306781011190341,shorts_ok
0.05224646303916907,0.08540220874854493,shorts_ok
0.15593875924308984,0.820889119332989,shorts_ok
0.14803194169185444,0.587998017333214,shorts_ok
0.05558023412265018,0.10334402434498381,shorts_ok
0.09348735044218111,0.15859571400230982,shorts_ok
0.06626471185383981,0.09457499257428378,shorts_ok
0.10834703514740036,0.3990392403954075,shorts_ok
0.07836348051108104,0.20778373569818176,shorts_ok
0.1297153085138575,0.4423154709821313,shorts_ok
0.12185161490307325,0.295843678715127,shorts_ok
0.10102701677455327,0.16075938411532786,shorts_ok
0.04856987797004832,0.17468341437298804,shorts_ok
0.10950152498722884,0.22343684145933662,shorts_ok
0.10136196381988964,0.209258706665981,shorts_ok
0.10792146242293697,0.25800884209476443,shorts_ok
